id,level,section,question_type,question,option_a,option_b,option_c,option_d,answer,explanation
Q0001,N4,vocabulary,kanji_reading,"次の文の［　］の言葉の読み方として最もよいものを選びなさい。

［複雑］",ふくつ,ふくざ,くざつ,ふくざつ,D,「複雑」の読みは「ふくざつ」。 意味: complexity。
Q0002,N4,vocabulary,kanji_reading,"次の文の［　］の言葉の読み方として最もよいものを選びなさい。

［彼ら］",いっぱい,かれら,やける,がれら,B,「彼ら」の読みは「かれら」。 意味: they (usually male)。
Q0003,N4,vocabulary,kanji_reading,"次の文の［　］の言葉の読み方として最もよいものを選びなさい。

［故障］",しょうする,こしょうす,こしょうする,こせいする,C,「故障」の読みは「こしょうする」。 意味: breakdown。
Q0004,N4,vocabulary,kanji_reading,"次の文の［　］の言葉の読み方として最もよいものを選びなさい。

［止む］",つごう,きもち,やむ,あいだ,C,「止む」の読みは「やむ」。 意味: to cease。
Q0005,N4,vocabulary,kanji_reading,"次の文の［　］の言葉の読み方として最もよいものを選びなさい。

［漫画］",まぬが,おく,おれる,まんが,D,「漫画」の読みは「まんが」。 意味: comic (book)。
Q0006,N4,vocabulary,kanji_reading,"次の文の［　］の言葉の読み方として最もよいものを選びなさい。

［都合］",づごう,つごう,よやく,はなみ,B,「都合」の読みは「つごう」。 意味: circumstances。
Q0007,N4,vocabulary,kanji_reading,"次の文の［　］の言葉の読み方として最もよいものを選びなさい。

［売り場］",ふべん,なくなる,なれる,うりば,D,「売り場」の読みは「うりば」。 意味: place where things are sold。
Q0008,N4,vocabulary,kanji_reading,"次の文の［　］の言葉の読み方として最もよいものを選びなさい。

［教育］",こういく,ょういく,きょういく,きよういく,C,「教育」の読みは「きょういく」。 意味: education。
Q0009,N4,vocabulary,kanji_reading,"次の文の［　］の言葉の読み方として最もよいものを選びなさい。

［復習］",ふくゅう,くしゅう,ふくしゅう,ふくしゅ,C,「復習」の読みは「ふくしゅう」。 意味: review (of lessons)。
Q0010,N4,vocabulary,kanji_reading,"次の文の［　］の言葉の読み方として最もよいものを選びなさい。

［貿易］",ぼうえき,ぼうえ,ぼうえぎ,うえき,A,「貿易」の読みは「ぼうえき」。 意味: trade。
Q0011,N4,vocabulary,kanji_reading,"次の文の［　］の言葉の読み方として最もよいものを選びなさい。

［研究室］",かんきゅうしつ,けんきうしつ,けんきゅうしつ,けんきゅうし,C,「研究室」の読みは「けんきゅうしつ」。 意味: the professor's office。
Q0012,N4,vocabulary,kanji_reading,"次の文の［　］の言葉の読み方として最もよいものを選びなさい。

［開く］",びらぐ,こまかい,せい,ひらく,D,「開く」の読みは「ひらく」。 意味: to open。
Q0013,N4,vocabulary,kanji_reading,"次の文の［　］の言葉の読み方として最もよいものを選びなさい。

［答］",ごだえ,なくなる,こたえ,しなもの,C,「答」の読みは「こたえ」。 意味: answer。
Q0014,N4,vocabulary,kanji_reading,"次の文の［　］の言葉の読み方として最もよいものを選びなさい。

［将来］",ょうらい,せいらい,しょうら,しょうらい,D,「将来」の読みは「しょうらい」。 意味: (in the) future。
Q0015,N4,vocabulary,kanji_reading,"次の文の［　］の言葉の読み方として最もよいものを選びなさい。

［妻］",ねだん,づま,つま,せいじ,C,「妻」の読みは「つま」。 意味: wife (humble)。
Q0016,N4,vocabulary,kanji_reading,"次の文の［　］の言葉の読み方として最もよいものを選びなさい。

［考える］",けんがえる,がんがえる,かんえる,かんがえる,D,「考える」の読みは「かんがえる」。 意味: to think (about)。
Q0017,N4,vocabulary,kanji_reading,"次の文の［　］の言葉の読み方として最もよいものを選びなさい。

［近所］",んじょ,きぬじょ,きんじょ,きんじ,C,「近所」の読みは「きんじょ」。 意味: neighborhood。
Q0018,N4,vocabulary,kanji_reading,"次の文の［　］の言葉の読み方として最もよいものを選びなさい。

［神社］",じんじゃ,じんじや,しんじゃ,じんじ,A,「神社」の読みは「じんじゃ」。 意味: Shinto shrine。
Q0019,N4,vocabulary,kanji_reading,"次の文の［　］の言葉の読み方として最もよいものを選びなさい。

［暖房］",んぼう,だんぼう,だんぼ,だぬぼう,B,「暖房」の読みは「だんぼう」。 意味: heating。
Q0020,N4,vocabulary,kanji_reading,"次の文の［　］の言葉の読み方として最もよいものを選びなさい。

［熱心］",ねっしん,ねっし,ねしん,ねっじん,A,「熱心」の読みは「ねっしん」。 意味: enthusiasm。
Q0021,N4,vocabulary,kanji_reading,"次の文の［　］の言葉の読み方として最もよいものを選びなさい。

［昼間］",びるま,ひるま,こわい,とおく,B,「昼間」の読みは「ひるま」。 意味: daytime。
Q0022,N4,vocabulary,kanji_reading,"次の文の［　］の言葉の読み方として最もよいものを選びなさい。

［文学］",ぶんがぐ,んがく,ぶんがく,ぶんが,C,「文学」の読みは「ぶんがく」。 意味: literature。
Q0023,N4,vocabulary,kanji_reading,"次の文の［　］の言葉の読み方として最もよいものを選びなさい。

［草］",くさ,いそぐ,ぐざ,くび,A,「草」の読みは「くさ」。 意味: grass。
Q0024,N4,vocabulary,kanji_reading,"次の文の［　］の言葉の読み方として最もよいものを選びなさい。

［今度］",ごんど,こんど,たのしみ,こぬど,B,「今度」の読みは「こんど」。 意味: now。
Q0025,N4,vocabulary,kanji_reading,"次の文の［　］の言葉の読み方として最もよいものを選びなさい。

［慣れる］",ねっしん,なれる,おと,たのしみ,B,「慣れる」の読みは「なれる」。 意味: to grow accustomed to。
Q0026,N4,vocabulary,kanji_reading,"次の文の［　］の言葉の読み方として最もよいものを選びなさい。

［手袋］",でぶぐろ,てぶくろ,ぶくろ,てぶろ,B,「手袋」の読みは「てぶくろ」。 意味: glove(s)。
Q0027,N4,vocabulary,kanji_reading,"次の文の［　］の言葉の読み方として最もよいものを選びなさい。

［見つける］",みつる,みづげる,みつける,つける,C,「見つける」の読みは「みつける」。 意味: to discover。
Q0028,N4,vocabulary,kanji_reading,"次の文の［　］の言葉の読み方として最もよいものを選びなさい。

［挨拶］",あいさつする,あいさつす,あいさする,いさつする,A,「挨拶」の読みは「あいさつする」。 意味: greet(ing)。
Q0029,N4,vocabulary,kanji_reading,"次の文の［　］の言葉の読み方として最もよいものを選びなさい。

［決める］",おりる,きめる,ぎめる,やける,B,「決める」の読みは「きめる」。 意味: to decide (v.t.)。
Q0030,N4,vocabulary,kanji_reading,"次の文の［　］の言葉の読み方として最もよいものを選びなさい。

［点］",てぬ,でん,かえり,てん,D,「点」の読みは「てん」。 意味: mark。
Q0031,N4,vocabulary,kanji_reading,"次の文の［　］の言葉の読み方として最もよいものを選びなさい。

［是非］",たてる,だい,ぜび,ぜひ,D,「是非」の読みは「ぜひ」。 意味: certainly。
Q0032,N4,vocabulary,kanji_reading,"次の文の［　］の言葉の読み方として最もよいものを選びなさい。

［為］",ぬすむ,ため,だめ,つく,B,「為」の読みは「ため」。 意味: good。
Q0033,N4,vocabulary,kanji_reading,"次の文の［　］の言葉の読み方として最もよいものを選びなさい。

［ご存じ］",ごぞぬじ,ごぞん,ごぞんじ,ぞんじ,C,「ご存じ」の読みは「ごぞんじ」。 意味: knowing。
Q0034,N4,vocabulary,kanji_reading,"次の文の［　］の言葉の読み方として最もよいものを選びなさい。

［全然］",ぜんぜ,ぜぬぜん,ぜんぜん,んぜん,C,「全然」の読みは「ぜんぜん」。 意味: not at all。
Q0035,N4,vocabulary,kanji_reading,"次の文の［　］の言葉の読み方として最もよいものを選びなさい。

［文化］",とおく,ぶんが,ぶんか,ぶぬか,C,「文化」の読みは「ぶんか」。 意味: culture。
Q0036,N4,vocabulary,kanji_reading,"次の文の［　］の言葉の読み方として最もよいものを選びなさい。

［天気予報］",てんきよほ,でんぎよぼう,てぬきよほう,てんきよほう,D,「天気予報」の読みは「てんきよほう」。 意味: weather forecast。
Q0037,N4,vocabulary,kanji_reading,"次の文の［　］の言葉の読み方として最もよいものを選びなさい。

［景色］",かたい,げじぎ,れきし,けしき,D,「景色」の読みは「けしき」。 意味: scenery。
Q0038,N4,vocabulary,kanji_reading,"次の文の［　］の言葉の読み方として最もよいものを選びなさい。

［世話］",せわす,わする,せわする,ぜわずる,C,「世話」の読みは「せわする」。 意味: looking after。
Q0039,N4,vocabulary,kanji_reading,"次の文の［　］の言葉の読み方として最もよいものを選びなさい。

［片付ける］",がたづける,かたづける,がだづげる,かたづけ,B,「片付ける」の読みは「かたづける」。 意味: to (clean) tidy up (v.t.)。
Q0040,N4,vocabulary,kanji_reading,"次の文の［　］の言葉の読み方として最もよいものを選びなさい。

［お陰］",おがげ,たのしみ,けいさつ,おかげ,D,「お陰」の読みは「おかげ」。 意味: thanks or owing to。
Q0041,N4,vocabulary,kanji_reading,"次の文の［　］の言葉の読み方として最もよいものを選びなさい。

［娘］",きかい,むずめ,かいがん,むすめ,D,「娘」の読みは「むすめ」。 意味: daughter (humble)。
Q0042,N4,vocabulary,kanji_reading,"次の文の［　］の言葉の読み方として最もよいものを選びなさい。

［事］",たてる,こと,ごど,まける,B,「事」の読みは「こと」。 意味: thing(s)。
Q0043,N4,vocabulary,kanji_reading,"次の文の［　］の言葉の読み方として最もよいものを選びなさい。

［場所］",きみ,ばしょ,ばしよ,ばじょ,B,「場所」の読みは「ばしょ」。 意味: place。
Q0044,N4,vocabulary,kanji_reading,"次の文の［　］の言葉の読み方として最もよいものを選びなさい。

［警察］",いさつ,かいさつ,けいさつ,けいさ,C,「警察」の読みは「けいさつ」。 意味: police。
Q0045,N4,vocabulary,kanji_reading,"次の文の［　］の言葉の読み方として最もよいものを選びなさい。

［向かう］",むがう,すむ,さげる,むかう,D,「向かう」の読みは「むかう」。 意味: to face。
Q0046,N4,vocabulary,kanji_reading,"次の文の［　］の言葉の読み方として最もよいものを選びなさい。

［倒れる］",たおる,たおれ,だおれる,たおれる,D,「倒れる」の読みは「たおれる」。 意味: to collapse。
Q0047,N4,vocabulary,kanji_reading,"次の文の［　］の言葉の読み方として最もよいものを選びなさい。

［ご主人］",ごしゅじん,ごじゅじん,ごしゅじ,ごしゅうじん,A,「ご主人」の読みは「ごしゅじん」。 意味: (your。
Q0048,N4,vocabulary,kanji_reading,"次の文の［　］の言葉の読み方として最もよいものを選びなさい。

［焼く］",うえる,やぐ,やく,かわる,C,「焼く」の読みは「やく」。 意味: to bake。
Q0049,N4,vocabulary,kanji_reading,"次の文の［　］の言葉の読み方として最もよいものを選びなさい。

［大学生］",だいがぐぜい,だいがくしょう,いがくせい,だいがくせい,D,「大学生」の読みは「だいがくせい」。 意味: college student。
Q0050,N4,vocabulary,kanji_reading,"次の文の［　］の言葉の読み方として最もよいものを選びなさい。

［通う］",がよう,かよう,わく,みつける,B,「通う」の読みは「かよう」。 意味: to go back and forth。
Q0051,N4,vocabulary,kanji_reading,"次の文の［　］の言葉の読み方として最もよいものを選びなさい。

［彼］",きもの,きまる,かれ,がれ,C,「彼」の読みは「かれ」。 意味: he。
Q0052,N4,vocabulary,kanji_reading,"次の文の［　］の言葉の読み方として最もよいものを選びなさい。

［決して］",けっして,げっじで,っして,けっし,A,「決して」の読みは「けっして」。 意味: never。
Q0053,N4,vocabulary,kanji_reading,"次の文の［　］の言葉の読み方として最もよいものを選びなさい。

［眠る］",ねむる,かじ,ふとる,わけ,A,「眠る」の読みは「ねむる」。 意味: to sleep。
Q0054,N4,vocabulary,kanji_reading,"次の文の［　］の言葉の読み方として最もよいものを選びなさい。

［急ぐ］",とこや,いぞぐ,いそぐ,おちる,C,「急ぐ」の読みは「いそぐ」。 意味: to hurry。
Q0055,N4,vocabulary,kanji_reading,"次の文の［　］の言葉の読み方として最もよいものを選びなさい。

［息子］",むずご,はじめる,むすこ,だいぶ,C,「息子」の読みは「むすこ」。 意味: (humble) son。
Q0056,N4,vocabulary,kanji_reading,"次の文の［　］の言葉の読み方として最もよいものを選びなさい。

［匂い］",におい,とくに,じむしょ,おこなう,A,「匂い」の読みは「におい」。 意味: odor。
Q0057,N4,vocabulary,kanji_reading,"次の文の［　］の言葉の読み方として最もよいものを選びなさい。

［承知］",せいちする,しょうする,しょうちする,じょうぢずる,C,「承知」の読みは「しょうちする」。 意味: consent。
Q0058,N4,vocabulary,kanji_reading,"次の文の［　］の言葉の読み方として最もよいものを選びなさい。

［焼ける］",やげる,たたみ,やける,ほめる,C,「焼ける」の読みは「やける」。 意味: to burn。
Q0059,N4,vocabulary,kanji_reading,"次の文の［　］の言葉の読み方として最もよいものを選びなさい。

［見物］",かんぶつ,けんぶつ,けぬぶつ,けんぶ,B,「見物」の読みは「けんぶつ」。 意味: sightseeing。
Q0060,N4,vocabulary,kanji_reading,"次の文の［　］の言葉の読み方として最もよいものを選びなさい。

［集める］",あづめる,あつめ,あつめる,つめる,C,「集める」の読みは「あつめる」。 意味: to collect。
Q0061,N4,vocabulary,kanji_reading,"次の文の［　］の言葉の読み方として最もよいものを選びなさい。

［学部］",がぐぶ,すぎる,がくぶ,かよう,C,「学部」の読みは「がくぶ」。 意味: department of a university。
Q0062,N4,vocabulary,kanji_reading,"次の文の［　］の言葉の読み方として最もよいものを選びなさい。

［輸出］",ゆしゆつする,ゆじゅづずる,ゆしゅつする,ゆしゅつす,C,「輸出」の読みは「ゆしゅつする」。 意味: export。
Q0063,N4,vocabulary,kanji_reading,"次の文の［　］の言葉の読み方として最もよいものを選びなさい。

［人形］",んぎょう,にんぎょ,にんぎよう,にんぎょう,D,「人形」の読みは「にんぎょう」。 意味: doll。
Q0064,N4,vocabulary,kanji_reading,"次の文の［　］の言葉の読み方として最もよいものを選びなさい。

［立てる］",だでる,たてる,ふむ,ふえる,B,「立てる」の読みは「たてる」。 意味: to stand (something) up。
Q0065,N4,vocabulary,kanji_reading,"次の文の［　］の言葉の読み方として最もよいものを選びなさい。

［倍］",ばい,きみ,もり,あいだ,A,「倍」の読みは「ばい」。 意味: double。
Q0066,N4,vocabulary,kanji_reading,"次の文の［　］の言葉の読み方として最もよいものを選びなさい。

［両方］",りようほう,りょうほう,ょうほう,りょうほ,B,「両方」の読みは「りょうほう」。 意味: both sides。
Q0067,N4,vocabulary,kanji_reading,"次の文の［　］の言葉の読み方として最もよいものを選びなさい。

［留守］",るす,いか,まじめ,るず,A,「留守」の読みは「るす」。 意味: absence。
Q0068,N4,vocabulary,kanji_reading,"次の文の［　］の言葉の読み方として最もよいものを選びなさい。

［非常に］",ひじうに,ひじように,ひじょうに,じょうに,C,「非常に」の読みは「ひじょうに」。 意味: extremely。
Q0069,N4,vocabulary,kanji_reading,"次の文の［　］の言葉の読み方として最もよいものを選びなさい。

［最も］",もっと,もとも,もっとも,もっも,C,「最も」の読みは「もっとも」。 意味: most。
Q0070,N4,vocabulary,kanji_reading,"次の文の［　］の言葉の読み方として最もよいものを選びなさい。

［叱る］",じがる,しなもの,しかる,しがる,C,「叱る」の読みは「しかる」。 意味: to scold。
Q0071,N4,vocabulary,kanji_reading,"次の文の［　］の言葉の読み方として最もよいものを選びなさい。

［食料品］",じょぐりょうびん,ょくりょうひん,しょくりうひん,しょくりょうひん,D,「食料品」の読みは「しょくりょうひん」。 意味: foodstuff。
Q0072,N4,vocabulary,kanji_reading,"次の文の［　］の言葉の読み方として最もよいものを選びなさい。

［工場］",こうじょう,こうょう,ごうじょう,きょうじょう,A,「工場」の読みは「こうじょう」。 意味: factory。
Q0073,N4,vocabulary,kanji_reading,"次の文の［　］の言葉の読み方として最もよいものを選びなさい。

［赤ん坊］",あかぼう,あかんぼ,あかんぼう,かんぼう,C,「赤ん坊」の読みは「あかんぼう」。 意味: baby。
Q0074,N4,vocabulary,kanji_reading,"次の文の［　］の言葉の読み方として最もよいものを選びなさい。

［頑張る］",がんばる,がぬばる,がんる,んばる,A,「頑張る」の読みは「がんばる」。 意味: to try one's best。
Q0075,N4,vocabulary,kanji_reading,"次の文の［　］の言葉の読み方として最もよいものを選びなさい。

［力］",ちがら,ぢがら,ちから,かむ,C,「力」の読みは「ちから」。 意味: strength。
Q0076,N4,vocabulary,kanji_reading,"次の文の［　］の言葉の読み方として最もよいものを選びなさい。

［運ぶ］",はこぶ,たいふう,ばごぶ,ようい,A,「運ぶ」の読みは「はこぶ」。 意味: to transport。
Q0077,N4,vocabulary,kanji_reading,"次の文の［　］の言葉の読み方として最もよいものを選びなさい。

［お嬢さん］",じょうさん,おじょうさん,おじょうざん,おじょうさ,B,「お嬢さん」の読みは「おじょうさん」。 意味: (someone's) daughter (polite)。
Q0078,N4,vocabulary,kanji_reading,"次の文の［　］の言葉の読み方として最もよいものを選びなさい。

［米］",さま,ごめ,いと,こめ,D,「米」の読みは「こめ」。 意味: uncooked rice。
Q0079,N4,vocabulary,kanji_reading,"次の文の［　］の言葉の読み方として最もよいものを選びなさい。

［美しい］",うつしい,うづぐじい,うつくしい,うつくし,C,「美しい」の読みは「うつくしい」。 意味: beautiful。
Q0080,N4,vocabulary,kanji_reading,"次の文の［　］の言葉の読み方として最もよいものを選びなさい。

［機会］",きがい,きかい,ぎがい,きけい,B,「機会」の読みは「きかい」。 意味: chance。
Q0081,N4,vocabulary,orthography,"次の文の［　］の言葉を漢字で書くとき、最もよいものを選びなさい。

［ぶんぽう］",安心,文化,文法,文学,C,「ぶんぽう」は「文法」と書きます。 意味: grammar。
Q0082,N4,vocabulary,orthography,"次の文の［　］の言葉を漢字で書くとき、最もよいものを選びなさい。

［じむしょ］",事,事務所,建てる,事故,B,「じむしょ」は「事務所」と書きます。 意味: office。
Q0083,N4,vocabulary,orthography,"次の文の［　］の言葉を漢字で書くとき、最もよいものを選びなさい。

［けいさつ］",失礼,警察,水泳,競争,B,「けいさつ」は「警察」と書きます。 意味: police。
Q0084,N4,vocabulary,orthography,"次の文の［　］の言葉を漢字で書くとき、最もよいものを選びなさい。

［だいたい］",大体,大分,大事,大学生,A,「だいたい」は「大体」と書きます。 意味: approximately。
Q0085,N4,vocabulary,orthography,"次の文の［　］の言葉を漢字で書くとき、最もよいものを選びなさい。

［ふかい］",最初,予習,致す,深い,D,「ふかい」は「深い」と書きます。 意味: deep。
Q0086,N4,vocabulary,orthography,"次の文の［　］の言葉を漢字で書くとき、最もよいものを選びなさい。

［おじょうさん］",お子さん,お土産,お宅,お嬢さん,D,「おじょうさん」は「お嬢さん」と書きます。 意味: (someone's) daughter (polite)。
Q0087,N4,vocabulary,orthography,"次の文の［　］の言葉を漢字で書くとき、最もよいものを選びなさい。

［まんなか］",真面目,教会,真中,中々,C,「まんなか」は「真中」と書きます。 意味: middle。
Q0088,N4,vocabulary,orthography,"次の文の［　］の言葉を漢字で書くとき、最もよいものを選びなさい。

［にげる］",逃げる,再来週,続ける,変わる,A,「にげる」は「逃げる」と書きます。 意味: to escape。
Q0089,N4,vocabulary,orthography,"次の文の［　］の言葉を漢字で書くとき、最もよいものを選びなさい。

［おこなう］",似る,寝坊,簡単,行う,D,「おこなう」は「行う」と書きます。 意味: to carry out。
Q0090,N4,vocabulary,orthography,"次の文の［　］の言葉を漢字で書くとき、最もよいものを選びなさい。

［あそび］",規則,具合,遊び,汽車,C,「あそび」は「遊び」と書きます。 意味: play。
Q0091,N4,vocabulary,orthography,"次の文の［　］の言葉を漢字で書くとき、最もよいものを選びなさい。

［ちゅうしゃじょう］",例えば,濡れる,駐車場,贈り物,C,「ちゅうしゃじょう」は「駐車場」と書きます。 意味: parking lot。
Q0092,N4,vocabulary,orthography,"次の文の［　］の言葉を漢字で書くとき、最もよいものを選びなさい。

［かじ］",似る,安心,火事,致す,C,「かじ」は「火事」と書きます。 意味: fire。
Q0093,N4,vocabulary,orthography,"次の文の［　］の言葉を漢字で書くとき、最もよいものを選びなさい。

［ようじ］",用,盗む,用意,用事,D,「ようじ」は「用事」と書きます。 意味: business to take care of。
Q0094,N4,vocabulary,orthography,"次の文の［　］の言葉を漢字で書くとき、最もよいものを選びなさい。

［そうだんする］",道具,伺う,相談,失礼,C,「そうだんする」は「相談」と書きます。 意味: consultation。
Q0095,N4,vocabulary,orthography,"次の文の［　］の言葉を漢字で書くとき、最もよいものを選びなさい。

［こんど］",今夜,市民,火事,今度,D,「こんど」は「今度」と書きます。 意味: now。
Q0096,N4,vocabulary,orthography,"次の文の［　］の言葉を漢字で書くとき、最もよいものを選びなさい。

［さいきん］",最後,最初,最も,最近,D,「さいきん」は「最近」と書きます。 意味: recently。
Q0097,N4,vocabulary,orthography,"次の文の［　］の言葉を漢字で書くとき、最もよいものを選びなさい。

［たてる］",再来月,建て,下げる,建てる,D,「たてる」は「建てる」と書きます。 意味: to build。
Q0098,N4,vocabulary,orthography,"次の文の［　］の言葉を漢字で書くとき、最もよいものを選びなさい。

［うつる］",移る,貿易,踏む,合う,A,「うつる」は「移る」と書きます。 意味: to move (from a house)。
Q0099,N4,vocabulary,orthography,"次の文の［　］の言葉を漢字で書くとき、最もよいものを選びなさい。

［ねぼう］",邪魔,指輪,具合,寝坊,D,「ねぼう」は「寝坊」と書きます。 意味: sleeping in late。
Q0100,N4,vocabulary,orthography,"次の文の［　］の言葉を漢字で書くとき、最もよいものを選びなさい。

［こくさい］",床屋,以内,国際,最近,C,「こくさい」は「国際」と書きます。 意味: international。
Q0101,N4,vocabulary,orthography,"次の文の［　］の言葉を漢字で書くとき、最もよいものを選びなさい。

［にがい］",小説,技術,苦い,挨拶,C,「にがい」は「苦い」と書きます。 意味: bitter。
Q0102,N4,vocabulary,orthography,"次の文の［　］の言葉を漢字で書くとき、最もよいものを選びなさい。

［くらべる］",始める,変える,汚れる,比べる,D,「くらべる」は「比べる」と書きます。 意味: to compare。
Q0103,N4,vocabulary,orthography,"次の文の［　］の言葉を漢字で書くとき、最もよいものを選びなさい。

［すすむ］",味噌,小説,進む,会議,C,「すすむ」は「進む」と書きます。 意味: to advance。
Q0104,N4,vocabulary,orthography,"次の文の［　］の言葉を漢字で書くとき、最もよいものを選びなさい。

［いちど］",一生懸命,一度,通る,一杯,B,「いちど」は「一度」と書きます。 意味: once。
Q0105,N4,vocabulary,orthography,"次の文の［　］の言葉を漢字で書くとき、最もよいものを選びなさい。

［ぶんか］",文学,文法,人口,文化,D,「ぶんか」は「文化」と書きます。 意味: culture。
Q0106,N4,vocabulary,orthography,"次の文の［　］の言葉を漢字で書くとき、最もよいものを選びなさい。

［たずねる］",起こす,過ぎる,尋ねる,届ける,C,「たずねる」は「尋ねる」と書きます。 意味: to inquire (same as 質問する)。
Q0107,N4,vocabulary,orthography,"次の文の［　］の言葉を漢字で書くとき、最もよいものを選びなさい。

［こうじょう］",致す,教育,工場,工業,C,「こうじょう」は「工場」と書きます。 意味: factory。
Q0108,N4,vocabulary,orthography,"次の文の［　］の言葉を漢字で書くとき、最もよいものを選びなさい。

［びじゅつかん］",美しい,美術館,動物園,冷える,B,「びじゅつかん」は「美術館」と書きます。 意味: art gallery。
Q0109,N4,vocabulary,orthography,"次の文の［　］の言葉を漢字で書くとき、最もよいものを選びなさい。

［せなか］",背中,冷房,校長,高校,A,「せなか」は「背中」と書きます。 意味: back (of body)。
Q0110,N4,vocabulary,orthography,"次の文の［　］の言葉を漢字で書くとき、最もよいものを選びなさい。

［おまつり］",お祭り,お宅,お子さん,お金持ち,A,「おまつり」は「お祭り」と書きます。 意味: festival。
Q0111,N4,vocabulary,orthography,"次の文の［　］の言葉を漢字で書くとき、最もよいものを選びなさい。

［つかまえる］",引き出し,赤ちゃん,捕まえる,思い出す,C,「つかまえる」は「捕まえる」と書きます。 意味: to catch。
Q0112,N4,vocabulary,orthography,"次の文の［　］の言葉を漢字で書くとき、最もよいものを選びなさい。

［めずらしい］",珍しい,変える,運転手,楽しみ,A,「めずらしい」は「珍しい」と書きます。 意味: unusual。
Q0113,N4,vocabulary,orthography,"次の文の［　］の言葉を漢字で書くとき、最もよいものを選びなさい。

［せんもん］",注射,専門,電灯,謝る,B,「せんもん」は「専門」と書きます。 意味: major。
Q0114,N4,vocabulary,orthography,"次の文の［　］の言葉を漢字で書くとき、最もよいものを選びなさい。

［おくれる］",お祭り,遅れる,看護婦,痩せる,B,「おくれる」は「遅れる」と書きます。 意味: to (be) become late。
Q0115,N4,vocabulary,orthography,"次の文の［　］の言葉を漢字で書くとき、最もよいものを選びなさい。

［ぜんぜん］",注意,輸出,全然,日記,C,「ぜんぜん」は「全然」と書きます。 意味: not at all。
Q0116,N4,vocabulary,orthography,"次の文の［　］の言葉を漢字で書くとき、最もよいものを選びなさい。

［まわり］",花見,気分,周り,眠る,C,「まわり」は「周り」と書きます。 意味: surroundings。
Q0117,N4,vocabulary,orthography,"次の文の［　］の言葉を漢字で書くとき、最もよいものを選びなさい。

［たのしみ］",楽しみ,楽む,慣れる,非常に,A,「たのしみ」は「楽しみ」と書きます。 意味: pleasure。
Q0118,N4,vocabulary,orthography,"次の文の［　］の言葉を漢字で書くとき、最もよいものを選びなさい。

［だんせい］",両方,男性,放送,約束,B,「だんせい」は「男性」と書きます。 意味: man。
Q0119,N4,vocabulary,orthography,"次の文の［　］の言葉を漢字で書くとき、最もよいものを選びなさい。

［しゃちょう］",失敗,一度,社長,社会,C,「しゃちょう」は「社長」と書きます。 意味: president of a company。
Q0120,N4,vocabulary,orthography,"次の文の［　］の言葉を漢字で書くとき、最もよいものを選びなさい。

［むかえる］",悲しい,植える,迎える,痩せる,C,「むかえる」は「迎える」と書きます。 意味: to welcome。
Q0121,N4,vocabulary,context,"（　　）に入る最もよいものを選びなさい。

あしたテストがあるので、今晩たくさん（　　）します。",復習,予約,連絡,出発,A,テスト前は勉強した内容を「復習」する。
Q0122,N4,vocabulary,context,"（　　）に入る最もよいものを選びなさい。

駅の前で友だちを（　　）ています。",歩い,持っ,立っ,待っ,D,人を待つ。「持って」は to hold。
Q0123,N4,vocabulary,context,"（　　）に入る最もよいものを選びなさい。

この荷物は重いので、ひとりでは（　　）ません。",行け,持て,待て,立て,B,持てる = can hold/carry。可能形。
Q0124,N4,vocabulary,context,"（　　）に入る最もよいものを選びなさい。

かぜをひいたので、会社を（　　）しました。",休,終,止,始,A,会社を休む。
Q0125,N4,vocabulary,context,"（　　）に入る最もよいものを選びなさい。

母は毎日本を（　　）います。",聞ん,読ん,見ん,書ん,B,本を読む → 読んで。
Q0126,N4,vocabulary,context,"（　　）に入る最もよいものを選びなさい。

この問題は（　　）から、先生に聞きましょう。",楽しい,難しい,寒い,甘い,B,問題が難しいので聞く。
Q0127,N4,vocabulary,context,"（　　）に入る最もよいものを選びなさい。

電車が（　　）ので、タクシーで行きました。",空いていた,混んでいた,止まっていた,速かった,B,混んでいたのでタクシー。空いていたら電車でよい。
Q0128,N4,vocabulary,context,"（　　）に入る最もよいものを選びなさい。

約束の時間に（　　）しまいました。",遅れて,早くて,正しくて,近くて,A,遅れる = to be late。
Q0129,N4,vocabulary,context,"（　　）に入る最もよいものを選びなさい。

きょうは風が（　　）です。",厚い,甘い,重い,強い,D,風が強い。
Q0130,N4,vocabulary,context,"（　　）に入る最もよいものを選びなさい。

この部屋は（　　）ので、エアコンをつけましょう。",甘い,厚い,熱い,暑い,D,部屋の気温は「暑い」。熱い = hot to touch。
Q0131,N4,vocabulary,context,"（　　）に入る最もよいものを選びなさい。

弟は将来医者に（　　）たいと言っています。",あり,いき,なり,し,C,Nになる。
Q0132,N4,vocabulary,context,"（　　）に入る最もよいものを選びなさい。

この道は工事中で車が（　　）います。",始まって,止まって,決まって,終わって,B,車が止まっている。
Q0133,N4,vocabulary,context,"（　　）に入る最もよいものを選びなさい。

財布を忘れないように（　　）してください。",予約,安心,注意,心配,C,注意する = be careful。
Q0134,N4,vocabulary,context,"（　　）に入る最もよいものを選びなさい。

旅行の前にホテルを（　　）しました。",予約,予習,予定,約束,A,ホテルは予約。約束 = appointment/promise。
Q0135,N4,vocabulary,context,"（　　）に入る最もよいものを選びなさい。

彼は日本語がとても（　　）です。",上手,大事,丈夫,下手,A,上手 = skillful。
Q0136,N4,vocabulary,context,"（　　）に入る最もよいものを選びなさい。

この荷物をあそこに（　　）ください。",聞いて待って,置いて,聞いて,歩いて,B,置く = put down。
Q0137,N4,vocabulary,context,"（　　）に入る最もよいものを選びなさい。

夜、隣の人がうるさくて（　　）ませんでした。",眠れ,走れ,話せ,食べれ,A,眠れない = cannot sleep。
Q0138,N4,vocabulary,context,"（　　）に入る最もよいものを選びなさい。

駅から会社まで歩いて10分（　　）です。",だけしか,しか,までに,ぐらい,D,だいたいの時間は「ぐらい」。
Q0139,N4,vocabulary,context,"（　　）に入る最もよいものを選びなさい。

きょうの会議は3時から（　　）の予定です。",終わる,始まる,決まる,止まる,B,3時から始まる。
Q0140,N4,vocabulary,context,"（　　）に入る最もよいものを選びなさい。

この薬を飲むと、すぐ（　　）なります。",元気に,元気,元気な,元気で,A,な形容詞 + に + なる。
Q0141,N4,vocabulary,context,"（　　）に入る最もよいものを選びなさい。

子どものころ、よく川で（　　）しました。",掃除,水泳,洗濯,運転,B,川で水泳。
Q0142,N4,vocabulary,context,"（　　）に入る最もよいものを選びなさい。

このボタンを押すと、電気が（　　）ます。",おり,いれ,けし,つき,D,電気がつく。
Q0143,N4,vocabulary,context,"（　　）に入る最もよいものを選びなさい。

台風で飛行機が（　　）になりました。",欠勤,欠点,欠席,欠航,D,飛行機は欠航。
Q0144,N4,vocabulary,context,"（　　）に入る最もよいものを選びなさい。

彼はいつも（　　）にあいさつします。",元気な,元気の,元気,元気だ,C,元気に = adverb。
Q0145,N4,vocabulary,context,"（　　）に入る最もよいものを選びなさい。

この町の（　　）は約10万人です。",人数,人生,人口,人間,C,人口 = population。
Q0146,N4,vocabulary,context,"（　　）に入る最もよいものを選びなさい。

新しいアパートを（　　）ことにしました。",貸す,売る,借りる,返す,C,自分が住むなら借りる。
Q0147,N4,vocabulary,context,"（　　）に入る最もよいものを選びなさい。

電車の中では携帯電話を（　　）使わないでください。",きっと,できるだけ,必ず,ぜひ,B,できるだけ = as much as possible。
Q0148,N4,vocabulary,context,"（　　）に入る最もよいものを選びなさい。

きのうは（　　）寝たので、きょうは元気です。",もっと,きっと,ゆっくり,やっと,C,ゆっくり寝る = sleep well/slowly restfully。
Q0149,N4,vocabulary,context,"（　　）に入る最もよいものを選びなさい。

この問題の（　　）がわかりません。",味噌,味,見方だけ,意味,D,意味 = meaning。
Q0150,N4,vocabulary,context,"（　　）に入る最もよいものを選びなさい。

会議の（　　）を忘れずに持ってきてください。",距離,料金,資料,温度,C,資料 = documents/materials。
Q0151,N4,vocabulary,context,"（　　）に入る最もよいものを選びなさい。

これはとても（　　）話ですから、よく聞いてください。",大切,大切な,大切に,大切なの,B,な形容詞 + 名詞。
Q0152,N4,vocabulary,context,"（　　）に入る最もよいものを選びなさい。

道が（　　）て、転んでしまいました。",楽しん,凍っ,悲し,喜ん,B,道が凍る。
Q0153,N4,vocabulary,context,"（　　）に入る最もよいものを選びなさい。

父は会社の（　　）です。",社長,季節,授業,家族,A,社長 = company president。
Q0154,N4,vocabulary,paraphrase,"文の意味がだいたい同じになるものを選びなさい。

父は会社を経営しています。",父は会社の社長です。,父は会社でアルバイトをしています。,父は会社を探しています。,父は会社をやめました。,A,経営する ≈ 会社を運営する／社長である。
Q0155,N4,vocabulary,paraphrase,"文の意味がだいたい同じになるものを選びなさい。

この問題は簡単です。",この問題は難しいです。,この問題は大切です。,この問題はありません。,この問題は易しいです。,D,簡単 ≒ 易しい。
Q0156,N4,vocabulary,paraphrase,"文の意味がだいたい同じになるものを選びなさい。

彼はすぐに帰ってきました。",彼は家にいません。,彼は早く戻ってきました。,彼は遅く帰りました。,彼は帰りませんでした。,B,すぐに帰る ≒ 早く戻る。
Q0157,N4,vocabulary,paraphrase,"文の意味がだいたい同じになるものを選びなさい。

この店はいつも込んでいます。",この店は安いです。,この店はいつも閉めています。,この店はいつも空いています。,この店はいつも人が多いです。,D,込む = crowded。
Q0158,N4,vocabulary,paraphrase,"文の意味がだいたい同じになるものを選びなさい。

雨がやみました。",雨が降り始めました。,雨が止まりました。,雨になりそうです。,雨が強くなりました。,B,やむ = 止まる。
Q0159,N4,vocabulary,paraphrase,"文の意味がだいたい同じになるものを選びなさい。

私は日本語を習っています。",私は日本語を忘れました。,私は日本語を教えています。,私は日本語が嫌いです。,私は日本語を勉強しています。,D,習う ≒ 勉強する。
Q0160,N4,vocabulary,paraphrase,"文の意味がだいたい同じになるものを選びなさい。

この荷物は軽いです。",この荷物は重くないです。,この荷物は高いです。,この荷物は大きいです。,この荷物は古いです。,A,軽い = not heavy。
Q0161,N4,vocabulary,paraphrase,"文の意味がだいたい同じになるものを選びなさい。

彼は約束を守りました。",彼は約束を変えました。,彼は約束どおりにしました。,彼は約束を断りました。,彼は約束を忘れました。,B,約束を守る = do as promised。
Q0162,N4,vocabulary,paraphrase,"文の意味がだいたい同じになるものを選びなさい。

今日はとても疲れました。",今日はとても元気でした。,今日はとてもひまでした。,今日はとても暇でした。,今日はとてもくたびれました。,D,疲れる ≒ くたびれる。
Q0163,N4,vocabulary,paraphrase,"文の意味がだいたい同じになるものを選びなさい。

彼女は元気がありません。",彼女は若いです。,彼女の調子がよくないです。,彼女はとても元気です。,彼女は忙しいです。,B,元気がない ≒ 調子がよくない。
Q0164,N4,vocabulary,paraphrase,"文の意味がだいたい同じになるものを選びなさい。

この本は面白いです。",この本は難しいです。,この本はつまらないです。,この本は短いです。,この本はおもしろいです。,D,面白い = おもしろい。
Q0165,N4,vocabulary,paraphrase,"文の意味がだいたい同じになるものを選びなさい。

時間がありますか。",今、何時ですか。,今、どこですか。,今、ひまですか。,今、忙しいですか。,C,時間がある ≒ ひま。
Q0166,N4,vocabulary,paraphrase,"文の意味がだいたい同じになるものを選びなさい。

彼はまだ来ていません。",彼はもう帰りました。,彼はまだ到着していません。,彼は来ませんでした、もう。,彼はもう着きました。,B,来ていない = 到着していない。
Q0167,N4,vocabulary,paraphrase,"文の意味がだいたい同じになるものを選びなさい。

この料理は辛いです。",この料理は甘いです。,この料理はからいです。,この料理は熱いです。,この料理は冷たいです。,B,辛い = からい。
Q0168,N4,vocabulary,paraphrase,"文の意味がだいたい同じになるものを選びなさい。

私は彼に手紙を出しました。",私は手紙を捨てました。,私は彼から手紙をもらいました。,私は手紙を読みました。,私は彼に手紙を送りました。,D,出す ≒ 送る（手紙）。
Q0169,N4,vocabulary,paraphrase,"文の意味がだいたい同じになるものを選びなさい。

ここで写真を撮ってもいいですか。",ここで写真を買えますか。,ここで写真を撮ることは許可されていますか。,ここで写真を捨ててもいいですか。,ここで写真を見せてください。,B,〜てもいい = permission。
Q0170,N4,vocabulary,paraphrase,"文の意味がだいたい同じになるものを選びなさい。

電車が遅れています。",電車が止まっていません。,電車がなくなりました。,電車が予定より遅く来ています。,電車が速く来ています。,C,遅れる = later than schedule。
Q0171,N4,vocabulary,paraphrase,"文の意味がだいたい同じになるものを選びなさい。

彼は仕事をやめました。",彼は就職しました。,彼は残業しました。,彼は退職しました。,彼は出張しました。,C,仕事をやめる = 退職する。
Q0172,N4,vocabulary,paraphrase,"文の意味がだいたい同じになるものを選びなさい。

この道は危ないです。",この道は近いです。,この道は広いです。,この道は安全です。,この道は危険です。,D,危ない ≒ 危険。
Q0173,N4,vocabulary,paraphrase,"文の意味がだいたい同じになるものを選びなさい。

私は彼に会いました。",私は彼を呼びました。,私は彼と会いました。,私は彼を待ちませんでした。,私は彼を送りました。,B,"会う: に会う / と会う both OK, similar。"
Q0174,N4,vocabulary,usage,"言葉の使い方として最もよいものを選びなさい。

【届く】",宿題を届きました。,荷物が家に届きました。,彼は声を届きました。,電車が駅に届きました。,B,届く = something arrives (intransitive)。宿題を届ける would be transitive。
Q0175,N4,vocabulary,usage,"言葉の使い方として最もよいものを選びなさい。

【間に合う】",ご飯が間に合いました。,この服は私に間に合います。,急いで行ったので、会議に間に合いました。,時計が間に合いました。,C,間に合う = be in time。
Q0176,N4,vocabulary,usage,"言葉の使い方として最もよいものを選びなさい。

【遠慮】",電車を遠慮してください。,宿題を遠慮しました。,彼は走って遠慮しました。,どうぞ遠慮しないで、たくさん食べてください。,D,遠慮する = refrain / be reserved。
Q0177,N4,vocabulary,usage,"言葉の使い方として最もよいものを選びなさい。

【足りる】",時間が足りました、時計を。,お金が足りません。,この部屋は足りて広いです。,彼は足が足ります。,B,足りる = be enough。
Q0178,N4,vocabulary,usage,"言葉の使い方として最もよいものを選びなさい。

【探す】",鍵を探しています。,空が探しています。,この本は探して高いです。,友達が探して来ました。,A,探す = look for。
Q0179,N4,vocabulary,usage,"言葉の使い方として最もよいものを選びなさい。

【壊れる】",パソコンが壊れました。,窓を壊れました。,彼は約束を壊れました。,私がパソコンを壊れました。,A,壊れる is intransitive. 壊す is transitive。
Q0180,N4,vocabulary,usage,"言葉の使い方として最もよいものを選びなさい。

【比べる】",二つの写真を比べてください。,速さを比べて走りました。,彼は私に比べました。,空と海が比べです。,A,AとBを比べる。
Q0181,N4,vocabulary,usage,"言葉の使い方として最もよいものを選びなさい。

【続く】",会議を続いてください。,雨が三日続きました。,私が雨を続きました。,彼は話を続く。,B,続く intransitive. 続ける transitive。
Q0182,N4,vocabulary,usage,"言葉の使い方として最もよいものを選びなさい。

【寄る】",時間が寄りました。,彼は仕事を寄りました。,帰りにスーパーに寄りました。,本を寄りました。,C,寄る = drop by。
Q0183,N4,vocabulary,usage,"言葉の使い方として最もよいものを選びなさい。

【優しい】",料理が優しいです。,彼女は子どもに優しいです。,今日は風が優しいです。,この問題は優しいです。,B,優しい = kind. 易しい = easy (different word)。
Q0184,N4,vocabulary,usage,"言葉の使い方として最もよいものを選びなさい。

【伝える】",彼に会議の時間を伝えてください。,声が大きく伝えて。,電車が駅に伝えました。,荷物が伝えて届きました。,A,伝える = tell / convey。
Q0185,N4,vocabulary,usage,"言葉の使い方として最もよいものを選びなさい。

【聞こえる】",耳を聞こえてください。,私が音楽を聞こえます。,彼は英語を聞こえます。,隣の部屋から音楽が聞こえます。,D,聞こえる intransitive potential-like: can be heard。
Q0186,N4,vocabulary,usage,"言葉の使い方として最もよいものを選びなさい。

【残る】",時間を残ってください。,ご飯を残る。,仕事がまだ残っています。,私が仕事を残りました。,C,残る intransitive. 残す transitive。
Q0187,N4,vocabulary,usage,"言葉の使い方として最もよいものを選びなさい。

【安心】",安心な天気です。,試験に合格して安心しました。,この橋は安心です、渡るを。,彼は安心に走りました。,B,安心する = feel relieved。
Q0188,N4,vocabulary,usage,"言葉の使い方として最もよいものを選びなさい。

【申し込む】",彼に申し込みを会いました。,旅行に申し込みました。,宿題を申し込む。,電車が申し込みました。,B,申し込む = apply / sign up。
Q0189,N4,grammar,form,"（　　）に入る最もよいものを選びなさい。

雨が（　　）から、かさを持って行きましょう。",降りそう,降らせる,降るそう,降りたい,A,様態の「〜そうだ」（今にも起きそう）。
Q0190,N4,grammar,form,"（　　）に入る最もよいものを選びなさい。

日本へ（　　）たいです。",行った,行く,行き,行って,C,マス形 + たい。
Q0191,N4,grammar,form,"（　　）に入る最もよいものを選びなさい。

窓を（　　）ください。",開けた,開ける,開けて,開け,C,て形 + ください。
Q0192,N4,grammar,form,"（　　）に入る最もよいものを選びなさい。

このボタンを押す（　　）、電気がつきます。",ても,と,より,のに,B,と = whenever / if (natural result)。
Q0193,N4,grammar,form,"（　　）に入る最もよいものを選びなさい。

時間がなかった（　　）、タクシーで行きました。",まで,より,のに,ので,D,ので = because。
Q0194,N4,grammar,form,"（　　）に入る最もよいものを選びなさい。

勉強した（　　）、テストはよくできませんでした。",ため,ので,から,のに,D,のに = although。
Q0195,N4,grammar,form,"（　　）に入る最もよいものを選びなさい。

弟はテニスもサッカー（　　）じょうずです。",で,が,も,を,C,〜も〜も。
Q0196,N4,grammar,form,"（　　）に入る最もよいものを選びなさい。

明日は早く（　　）なりません。",起きなくても,起きなくては,起きると,起きては,B,なくてはならない = must。
Q0197,N4,grammar,form,"（　　）に入る最もよいものを選びなさい。

ここで写真を撮って（　　）ですか。",おく,はいけない,しまう,もいい,D,てもいい = may I / is it OK。
Q0198,N4,grammar,form,"（　　）に入る最もよいものを選びなさい。

図書館では大きい声で（　　）いけません。",話しても,話すと,話さない,話しては,D,てはいけない = must not。
Q0199,N4,grammar,form,"（　　）に入る最もよいものを選びなさい。

この漢字の読み方が（　　）わかりません。",よく,よくに,よさ,いい,A,よくわかりません = I don't really know。
Q0200,N4,grammar,form,"（　　）に入る最もよいものを選びなさい。

音楽を（　　）ながら、勉強します。",聞いた,聞き,聞いて,聞く,B,マス形 + ながら。
Q0201,N4,grammar,form,"（　　）に入る最もよいものを選びなさい。

日本に（　　）前に、日本語を勉強しました。",来,来た,来る,来て,C,辞書形 + 前に。
Q0202,N4,grammar,form,"（　　）に入る最もよいものを選びなさい。

日本に（　　）あとで、すぐ友達に電話しました。",着いた,着く,着き,着いて,A,た形 + あとで。
Q0203,N4,grammar,form,"（　　）に入る最もよいものを選びなさい。

電車に乗っている（　　）に、友だちからメールが来ました。",あいだ,ため,まえ,あと,A,あいだに = while / during。
Q0204,N4,grammar,form,"（　　）に入る最もよいものを選びなさい。

日本語が話せる（　　）に、毎日練習しています。",そう,よう,ため,はず,B,辞書形 + ように（目的・努力）。
Q0205,N4,grammar,form,"（　　）に入る最もよいものを選びなさい。

健康の（　　）に、毎日走っています。",よう,ため,はず,せい,B,Nの + ために（目的）。
Q0206,N4,grammar,form,"（　　）に入る最もよいものを選びなさい。

この仕事は今日中に（　　）つもりです。",終わる,終わり,終わって,終わった,A,辞書形 + つもり。
Q0207,N4,grammar,form,"（　　）に入る最もよいものを選びなさい。

彼はもう家に着いた（　　）です。",そうな,はず,たい,がる,B,はずだ = should be / I expect。
Q0208,N4,grammar,form,"（　　）に入る最もよいものを選びなさい。

新しいカメラを（　　）みました。",使う,使った,使い,使って,D,てみる = try doing。
Q0209,N4,grammar,form,"（　　）に入る最もよいものを選びなさい。

友達が荷物を持って（　　）。",くれました,もらいました,あげました,やりました,A,友達が私のために → てくれる。
Q0210,N4,grammar,form,"（　　）に入る最もよいものを選びなさい。

母にセーターを編んで（　　）。",くれました,やりました,ください,もらいました,D,私は母に〜てもらう。
Q0211,N4,grammar,form,"（　　）に入る最もよいものを選びなさい。

妹に古い本を（　　）。",あげました,くれました,もらいました,いただきました,A,私が妹に → てあげる / あげる。
Q0212,N4,grammar,form,"（　　）に入る最もよいものを選びなさい。

旅行の前に、切符を買って（　　）。",みます,しまいます,あります,おきます,D,ておく = do in advance。
Q0213,N4,grammar,form,"（　　）に入る最もよいものを選びなさい。

宿題を忘れて（　　）。",みました,おきました,しまいました,ありました,C,てしまう = regrettable completion。
Q0214,N4,grammar,form,"（　　）に入る最もよいものを選びなさい。

机の上に本が置いて（　　）。",います,あります,しまいます,おきます,B,他動詞て形 + ある（結果の状態）。
Q0215,N4,grammar,form,"（　　）に入る最もよいものを選びなさい。

壁に絵が（　　）います。",かいて,かかって,かって,かけて,B,かかる intransitive. 絵がかかっている。
Q0216,N4,grammar,form,"（　　）に入る最もよいものを選びなさい。

この字は田中さん（　　）書かれました。",が,に,へ,を,B,受身: Aは Bに Vられる。
Q0217,N4,grammar,form,"（　　）に入る最もよいものを選びなさい。

子どもにピアノを（　　）。",習われます,習わせます,習います,習えます,B,使役: に + させる。
Q0218,N4,grammar,form,"（　　）に入る最もよいものを選びなさい。

漢字が（　　）ようになりました。",読める,読んだ,読んで,読む,A,可能動詞 + ようになる。
Q0219,N4,grammar,form,"（　　）に入る最もよいものを選びなさい。

雨が降ったら、試合は中止（　　）。",になります,があります,ですます,をします,A,Nになる。
Q0220,N4,grammar,form,"（　　）に入る最もよいものを選びなさい。

寒かったら、窓を（　　）ください。",閉まって,閉じ,閉めて,閉じてあって,C,閉める transitive。
Q0221,N4,grammar,form,"（　　）に入る最もよいものを選びなさい。

彼は学生（　　）、もう働いています。",ではなく,ではなくて,でないで,ではないと,B,Nではなくて。
Q0222,N4,grammar,form,"（　　）に入る最もよいものを選びなさい。

この本はあの本（　　）面白いです。",より,しか,ほど,まで,A,より = than。
Q0223,N4,grammar,form,"（　　）に入る最もよいものを選びなさい。

お金は千円（　　）ありません。",まで,だけが,しか,より,C,しか + ない。
Q0224,N4,grammar,form,"（　　）に入る最もよいものを選びなさい。

会議は5時（　　）終わります。",までを,までは,までで,までに,D,までに = by (deadline)。
Q0225,N4,grammar,form,"（　　）に入る最もよいものを選びなさい。

お茶（　　）コーヒー、どちらがいいですか。",か,と,も,や,B,AとB、どちら。
Q0226,N4,grammar,form,"（　　）に入る最もよいものを選びなさい。

日曜日は掃除をしたり、洗濯を（　　）します。",したり,して,する,した,A,〜たり〜たりする。
Q0227,N4,grammar,form,"（　　）に入る最もよいものを選びなさい。

この問題は難しく（　　）、時間がかかりました。",くてで,に,な,て,D,い形容詞くて。
Q0228,N4,grammar,form,"（　　）に入る最もよいものを選びなさい。

静かな（　　）で勉強してください。",もの,ところ,こと,ため,B,ところ = place。
Q0229,N4,grammar,form,"（　　）に入る最もよいものを選びなさい。

彼は来る（　　）と言っていました。",みたいに,そうだ,ようだ,らしいな,B,伝聞の「そうだ」（終止形 + そうだ）。
Q0230,N4,grammar,form,"（　　）に入る最もよいものを選びなさい。

外は寒い（　　）です。コートを着てください。",みたい,たがる,そうな,がる,A,みたいだ = seems like。
Q0231,N4,grammar,form,"（　　）に入る最もよいものを選びなさい。

今から出れば、間に合う（　　）です。",がる,たい,そうな,はず,D,はずだ = should (logical expectation)。
Q0232,N4,grammar,form,"（　　）に入る最もよいものを選びなさい。

明日雨が降ら（　　）、公園へ行きましょう。",ないで,なければ,ないと,なくても,B,ば条件。
Q0233,N4,grammar,form,"（　　）に入る最もよいものを選びなさい。

もし時間があったら、映画を（　　）。",見ませんか,見てはいけません,見なければなりません,見るな,A,たら + invitation。
Q0234,N4,grammar,form,"（　　）に入る最もよいものを選びなさい。

この薬を（　　）前に、食事をしてください。",飲み,飲んだ,飲んで,飲む,D,辞書形 + 前に。
Q0235,N4,grammar,form,"（　　）に入る最もよいものを選びなさい。

先生、これを（　　）ください。",拝見して,見て,ご覧,お目にかけて,B,見てください is the N4-appropriate request. ご覧ください is more polite but ご覧ください would need ご覧. 見てください is correct N4.
Q0236,N4,grammar,form,"（　　）に入る最もよいものを選びなさい。

駅まで歩いて（　　）ですか。",だれですか,いつ来ます,どのくらいかかります,どうします,C,どのくらい = how long/how much。
Q0237,N4,grammar,form,"（　　）に入る最もよいものを選びなさい。

彼は英語も日本語（　　）話せます。",がも,を,にも,も,D,〜も〜も。
Q0238,N4,grammar,form,"（　　）に入る最もよいものを選びなさい。

この店は安くて、（　　）おいしいです。",それに,それからだけ,それでいては,それでも,A,それに = besides / moreover。
Q0239,N4,grammar,order,"正しい文になるように並べ替えたとき、★に入るものを選びなさい。

私は （　） （　） ★ （　） 行きました。

部品：1.きのう　2.友達と　3.映画を　4.見に
（選択肢は部品そのものです）",友達と,映画を,きのう,見に,B,きのう友達と映画を見に行きました。★は3番目「映画を」。
Q0240,N4,grammar,order,"正しい文になるように並べ替えたとき、★に入るものを選びなさい。

この本は （　） （　） （　） ★ 便利です。

部品：1.日本語を　2.勉強する　3.人に　4.とって
（選択肢は部品そのものです）",人に,日本語を,とって,勉強する,C,日本語を勉強する人にとって便利です。
Q0241,N4,grammar,order,"正しい文になるように並べ替えたとき、★に入るものを選びなさい。

雨が （　） （　） ★ （　） 帰りました。

部品：1.降って　2.きた　3.ので　4.タクシーで
（選択肢は部品そのものです）",降って,タクシーで,きた,ので,D,雨が降ってきたのでタクシーで帰りました。
Q0242,N4,grammar,order,"正しい文になるように並べ替えたとき、★に入るものを選びなさい。

彼は （　） （　） ★ （　） しています。

部品：1.毎日　2.一時間　3.英語を　4.勉強
（選択肢は部品そのものです）",一時間,勉強,英語を,毎日,C,毎日一時間英語を勉強しています。
Q0243,N4,grammar,order,"正しい文になるように並べ替えたとき、★に入るものを選びなさい。

駅の （　） ★ （　） （　） いました。

部品：1.前で　2.友だちを　3.30分　4.待って
（選択肢は部品そのものです）",30分,前で,友だちを,待って,C,駅の前で友だちを30分待っていました。
Q0244,N4,grammar,order,"正しい文になるように並べ替えたとき、★に入るものを選びなさい。

日本へ （　） （　） ★ （　） おきます。

部品：1.行く　2.前に　3.パスポートを　4.取って
（選択肢は部品そのものです）",行く,前に,取って,パスポートを,D,日本へ行く前にパスポートを取っておきます。
Q0245,N4,grammar,order,"正しい文になるように並べ替えたとき、★に入るものを選びなさい。

母は （　） （　） ★ （　） ました。

部品：1.私に　2.本を　3.買って　4.くれ
（選択肢は部品そのものです）",本を,買って,私に,くれ,B,母は私に本を買ってくれました。
Q0246,N4,grammar,order,"正しい文になるように並べ替えたとき、★に入るものを選びなさい。

この問題は （　） （　） （　） ★ 簡単です。

部品：1.子ども　2.にも　3.わかる　4.ほど
（選択肢は部品そのものです）",わかる,子ども,ほど,にも,C,子どもにもわかるほど簡単です。
Q0247,N4,grammar,order,"正しい文になるように並べ替えたとき、★に入るものを選びなさい。

会議は （　） （　） ★ （　） です。

部品：1.5時　2.までに　3.終わる　4.はず
（選択肢は部品そのものです）",までに,終わる,はず,5時,B,会議は5時までに終わるはずです。
Q0248,N4,grammar,order,"正しい文になるように並べ替えたとき、★に入るものを選びなさい。

私は （　） （　） ★ （　） たいです。

部品：1.日本語が　2.話せる　3.ように　4.なり
（選択肢は部品そのものです）",話せる,日本語が,なり,ように,D,日本語が話せるようになりたいです。
Q0249,N4,grammar,order,"正しい文になるように並べ替えたとき、★に入るものを選びなさい。

風が （　） ★ （　） （　） ください。

部品：1.強い　2.日は　3.窓を　4.閉めて
（選択肢は部品そのものです）",閉めて,窓を,日は,強い,C,風が強い日は窓を閉めてください。
Q0250,N4,grammar,order,"正しい文になるように並べ替えたとき、★に入るものを選びなさい。

彼は （　） （　） ★ （　） ました。

部品：1.忙しい　2.のに　3.手伝って　4.くれ
（選択肢は部品そのものです）",手伝って,くれ,忙しい,のに,A,忙しいのに手伝ってくれました。
Q0251,N4,grammar,order,"正しい文になるように並べ替えたとき、★に入るものを選びなさい。

ここで （　） （　） （　） ★ ですか。

部品：1.写真を　2.撮って　3.も　4.いい
（選択肢は部品そのものです）",写真を,撮って,も,いい,D,ここで写真を撮ってもいいですか。
Q0252,N4,grammar,order,"正しい文になるように並べ替えたとき、★に入るものを選びなさい。

電車に （　） （　） ★ （　） ください。

部品：1.乗る　2.とき　3.切符を　4.買って
（選択肢は部品そのものです）",買って,乗る,切符を,とき,C,電車に乗るとき切符を買ってください。
Q0253,N4,grammar,order,"正しい文になるように並べ替えたとき、★に入るものを選びなさい。

この字は （　） ★ （　） （　） です。

部品：1.小さくて　2.よく　3.見え　4.ない
（選択肢は部品そのものです）",よく,ない,小さくて,見え,A,小さくてよく見えないです。
Q0254,N4,grammar,cloze,"次の文章の（　　）に入る最もよいものを選びなさい。

私は毎朝6時に起きます。（　　）、ジョギングをします。それからシャワーを浴びて、朝ごはんを食べます。",しかし,でも,それにしても,そして,D,順序の「そして」。
Q0255,N4,grammar,cloze,"次の文章の（　　）に入る最もよいものを選びなさい。

このレストランは安いです。（　　）料理もおいしいです。だからいつも込んでいます。",それでは,それに,それでも,ところが,B,それに = in addition。
Q0256,N4,grammar,cloze,"次の文章の（　　）に入る最もよいものを選びなさい。

地図を見ながら歩きました。（　　）道がわかりませんでした。",それで,それに,そして,しかし,D,しかし = but。
Q0257,N4,grammar,cloze,"次の文章の（　　）に入る最もよいものを選びなさい。

昨日は熱がありました。（　　）会社を休みました。",それで,それでも,ところが,それに,A,それで = so / therefore。
Q0258,N4,grammar,cloze,"次の文章の（　　）に入る最もよいものを選びなさい。

新しいスマホがほしいです。（　　）今はお金がありません。",それに,そして,それで,でも,D,でも = but。
Q0259,N4,grammar,cloze,"次の文章の（　　）に入る最もよいものを選びなさい。

彼は約束の時間に来ませんでした。（　　）メールもありませんでした。",それで,それでは,それに,だからといって,C,それに adds another fact。
Q0260,N4,grammar,cloze,"次の文章の（　　）に入る最もよいものを選びなさい。

この問題は難しいです。（　　）、やってみましょう。",でも,それに,それで,そしてから,A,でも = nevertheless。
Q0261,N4,grammar,cloze,"次の文章の（　　）に入る最もよいものを選びなさい。

駅を出たら右へ行きます。（　　）二つ目の信号を左へ曲がります。",ところが,それにしても,それでも,それから,D,それから = after that。
Q0262,N4,reading,short,"【読解】次の文を読んで、質問に答えてください。

駅の近くに新しいスーパーができました。毎日午前10時から午後9時まで開いています。水曜日は休みです。今、オープン記念で、野菜が安いです。

【質問】このスーパーはいつ休みですか。",毎日,水曜日,日曜日,午前10時,B,本文「水曜日は休みです」。
Q0263,N4,reading,short,"【読解】次の文を読んで、質問に答えてください。

田中さんへ
今日の会議は3時から4時に変わりました。場所は2階ではなく5階です。資料は山田が持っていきます。田中さんは持ってこなくていいです。
山田

【質問】田中さんはどうしますか。",3時に2階へ行く,会議をキャンセルする,4時に5階へ行く,資料を持っていく,C,時間・場所が変更。資料は山田が持参。
Q0264,N4,reading,short,"【読解】次の文を読んで、質問に答えてください。

私の町では、毎週土曜日の朝、公園で市が開かれます。野菜や果物、パンなどが売られています。雨の日はありません。

【質問】市はいつ開かれますか。",雨の土曜日,日曜日の午後,毎日の朝,晴れの土曜日の朝,D,毎週土曜日の朝、雨の日はなし。
Q0265,N4,reading,short,"【読解】次の文を読んで、質問に答えてください。

図書館からのお知らせ
本は2週間借りられます。続けるときは、ネットか電話で予約してください。遅れると1日100円かかります。

【質問】本を3週間借りたいときは、どうしますか。",ネットか電話で延長の連絡をする,新しいカードを作る,1日100円払う,何もしない,A,続けるときはネットか電話。
Q0266,N4,reading,short,"【読解】次の文を読んで、質問に答えてください。

山本さんは毎朝7時の電車に乗ります。会社は8時半からで、駅から歩いて10分です。今日は電車が遅れて、8時40分に会社に着きました。

【質問】今日の山本さんについて正しいものはどれですか。",いつもどおり着きました,電車に乗りませんでした,会社に遅れました,歩いて会社へ行きました,C,8時半開始なのに8時40分着。
Q0267,N4,reading,short,"【読解】次の文を読んで、質問に答えてください。

この薬は食後に飲んでください。1日3回までです。眠くなることがあるので、車の運転はしないでください。子どもは飲んではいけません。

【質問】この薬について正しいものはどれですか。",何回でも飲んでいい,食前に飲む,子どもも飲んでいい,飲んだら運転しない,D,眠くなるので運転禁止。
Q0268,N4,reading,short,"【読解】次の文を読んで、質問に答えてください。

昨日、友達の誕生日だったので、ケーキを買って家へ持っていきました。でも友達は旅行でいませんでした。今日また持っていきます。

【質問】書き手は昨日何をしましたか。",誕生日を忘れた,ケーキを持っていったが会えなかった,ケーキを食べた,友達と旅行した,B,持っていったが不在。
Q0269,N4,reading,short,"【読解】次の文を読んで、質問に答えてください。

新しい教室は2階にあります。エレベーターはありません。荷物が多い人は、1階の受付に預けてください。

【質問】荷物が多い人はどうしますか。",エレベーターを使う,教室を変える,2階に置いておく,1階の受付に預ける,D,1階受付に預ける。
Q0270,N4,reading,short,"【読解】次の文を読んで、質問に答えてください。

コンサートは7時に始まります。6時半から入場できます。遅れて来た人は、曲が終わるまで外で待ってください。

【質問】6時40分に着いた人はどうしますか。",帰れと言われる,7時まで入れない,入って席に座ってよい,外で待たなければならない,C,6時半から入場可。
Q0271,N4,reading,short,"【読解】次の文を読んで、質問に答えてください。

佐藤さんの趣味は料理です。週末は新しい料理を作って、写真をSNSに載せます。でも自分ではあまり食べません。家族が食べます。

【質問】佐藤さんについて正しいものはどれですか。",写真は撮らない,週末は外食する,料理が嫌い,作った料理は家族が食べる,D,自分ではあまり食べず家族が食べる。
Q0272,N4,reading,mid,"【読解】次の文章を読んで、質問に答えてください。

私は去年の4月から日本の会社で働いています。最初は日本語がわからなくて、会議のとき何も話せませんでした。先輩がゆっくり話してくれたり、メモを見せてくれたりしました。今は前より話せるようになりましたが、まだ電話は難しいです。これからも毎日勉強しようと思っています。

【質問】この人は今、どうですか。",もう勉強しなくていい,前より日本語が話せる,まだ全然話せない,電話が一番得意,B,今は前より話せるが電話はまだ難しい。
Q0273,N4,reading,mid,"【読解】次の文章を読んで、質問に答えてください。

私は去年の4月から日本の会社で働いています。最初は日本語がわからなくて、会議のとき何も話せませんでした。先輩がゆっくり話してくれたり、メモを見せてくれたりしました。今は前より話せるようになりましたが、まだ電話は難しいです。これからも毎日勉強しようと思っています。

【質問】最初、先輩はどうしましたか。",何もしなかった,英語で話した,ゆっくり話したりメモを見せたりした,会議に出ないように言った,C,ゆっくり話してくれ、メモを見せてくれた。
Q0274,N4,reading,mid,"【読解】次の文章を読んで、質問に答えてください。

来週の日曜日、学校の文化祭があります。私のクラスは食べ物の店を出します。おにぎりとお茶を売る予定です。私は午前中お店に出て、午後は友達のクラスの発表を見に行きます。雨が降ったら、店は体育館の中に移します。

【質問】雨の日、店はどうなりますか。",体育館の中に移す,中止する,オンラインにする,次の週にする,A,雨が降ったら体育館へ。
Q0275,N4,reading,mid,"【読解】次の文章を読んで、質問に答えてください。

来週の日曜日、学校の文化祭があります。私のクラスは食べ物の店を出します。おにぎりとお茶を売る予定です。私は午前中お店に出て、午後は友達のクラスの発表を見に行きます。雨が降ったら、店は体育館の中に移します。

【質問】書き手は午後何をしますか。",友達のクラスの発表を見る,お茶を作る,おにぎりを売る,家に帰る,A,午後は発表を見に行く。
Q0276,N4,reading,mid,"【読解】次の文章を読んで、質問に答えてください。

この町には自転車を借りるサービスがあります。駅の前と市役所の前に置いてあります。1時間200円です。一日借りると800円になります。会員になると安くなります。返すときは、借りた場所と同じ場所に戻してください。

【質問】自転車を返すとき、どうしますか。",どこに置いてもいい,市役所にだけ返す,借りた場所に戻す,駅にだけ返す,C,借りた場所と同じ場所へ。
Q0277,N4,reading,mid,"【読解】次の文章を読んで、質問に答えてください。

この町には自転車を借りるサービスがあります。駅の前と市役所の前に置いてあります。1時間200円です。一日借りると800円になります。会員になると安くなります。返すときは、借りた場所と同じ場所に戻してください。

【質問】一日借りると料金はどうなりますか。",800円,無料,会員だけ800円,200円,A,一日借りると800円。
Q0278,N4,reading,info,"【情報検索】次の案内を読んで、質問に答えてください。

【市民プール案内】
開館：10:00〜19:00（最終入場 18:30）
休館：毎週火曜日、年末年始
料金：大人 500円　子ども 200円　（3歳以下無料）
注意：帽子をかぶってください。食べ物は入れません。水着は持参。

【質問】火曜日に行きたい人はどうなりますか。",夜だけ入れる,予約が必要,入れない,安くなる,C,火曜日は休館。
Q0279,N4,reading,info,"【情報検索】次の案内を読んで、質問に答えてください。

【市民プール案内】
開館：10:00〜19:00（最終入場 18:30）
休館：毎週火曜日、年末年始
料金：大人 500円　子ども 200円　（3歳以下無料）
注意：帽子をかぶってください。食べ物は入れません。水着は持参。

【質問】18:40に着いた大人はどうなりますか。",無料で入れる,500円で入れる,200円で入れる,入れない,D,最終入場18:30。
Q0280,N4,reading,info,"【情報検索】次の案内を読んで、質問に答えてください。

【市民プール案内】
開館：10:00〜19:00（最終入場 18:30）
休館：毎週火曜日、年末年始
料金：大人 500円　子ども 200円　（3歳以下無料）
注意：帽子をかぶってください。食べ物は入れません。水着は持参。

【質問】持っていかなければならないものはどれですか。",予約票,食べ物,タオルだけ,水着と帽子,D,帽子をかぶり、水着は持参。食べ物不可。
Q0281,N4,reading,info,"【情報検索】次の案内を読んで、質問に答えてください。

【日本語教室】
初級：月・水 19:00-20:30　教室A
中級：火・木 19:00-20:30　教室B
会話：土曜日 10:00-12:00　教室C
申込：市役所2階　先着30名　教材費 1,000円

【質問】昼間しか暇がない人は、どれが受けられますか。",初級,全部,会話クラス,中級,C,土曜午前だけ昼間。
Q0282,N4,reading,info,"【情報検索】次の案内を読んで、質問に答えてください。

【日本語教室】
初級：月・水 19:00-20:30　教室A
中級：火・木 19:00-20:30　教室B
会話：土曜日 10:00-12:00　教室C
申込：市役所2階　先着30名　教材費 1,000円

【質問】申し込みはどこでしますか。",教室C,教室A,インターネットだけ,市役所2階,D,市役所2階。
Q0283,N4,listening,task,"【聴解】スクリプトを読んで答えなさい。

女：田中さん、会議の準備はできましたか。
男：はい、いすは並べました。資料もコピーしました。
女：ありがとう。じゃあ、お茶を用意してください。
男：わかりました。その前に窓を開けてもいいですか。
女：窓はあとでいいです。お茶をお願いします。

【質問】男の人はこのあとまず何をしますか。",窓を開ける,いすを並べる,お茶を用意する,資料をコピーする,C,窓はあとで。まずお茶。
Q0284,N4,listening,task,"【聴解】スクリプトを読んで答えなさい。

男：駅まで迎えに行こうか。
女：大丈夫。バスで行くから。
男：荷物多いでしょう。
女：傘だけだから、大丈夫。7時ごろ着くよ。
男：じゃあ、家で待ってる。

【質問】女の人はこれから何をしますか。",歩いて行く,バスで行く,タクシーで行く,迎えに行ってもらう,B,バスで行く、傘だけ。
Q0285,N4,listening,task,"【聴解】スクリプトを読んで答えなさい。

女：明日の映画、どこで会う？
男：映画館の前は人が多いから、駅の改札にしない？
女：改札は二つあるよ。
男：じゃあ、東口の改札ね。1時に。
女：わかった。

【質問】二人はどこで会いますか。",東口の改札,電車の中,映画館の前,西口の改札,A,東口の改札、1時。
Q0286,N4,listening,task,"【聴解】スクリプトを読んで答えなさい。

女：パンと牛乳、お願い。
男：卵は？
女：まだあるからいい。あ、バナナもお願い。
男：わかった。

【質問】男の人は何を買いますか。",パンと牛乳と卵,パンと牛乳とバナナ,卵とバナナ,牛乳だけ,B,卵はまだある。バナナ追加。
Q0287,N4,listening,task,"【聴解】スクリプトを読んで答えなさい。

男：会議は10時からだよ。
女：駅まで20分、電車30分ね。
男：遅れないように、9時前には出た方がいいよ。
女：じゃあ8時40分に出る。

【質問】女の人は何時に家を出ますか。",8時40分,10時,9時,8時,A,8時40分に出る。
Q0288,N4,listening,task,"【聴解】スクリプトを読んで答えなさい。

女：日曜日、映画行かない？
男：日曜日はバイトなんだ。
女：土曜日は？
男：土曜日なら大丈夫。
女：じゃあ土曜日にしよう。

【質問】男の人は週末何をしますか。",土曜日に映画に行く,家で勉強する,日曜日に映画に行く,バイトを休む,A,土曜日なら大丈夫→映画。
Q0289,N4,listening,task,"【聴解】スクリプトを読んで答えなさい。

男：明日のピクニック、飲み物は私が買うよ。
女：じゃあ私はサンドイッチ作る。
男：デザートもあると嬉しいな。
女：わかった。クッキーも持っていく。

【質問】女の人は何を持っていきますか。",何も持っていかない,飲み物,サンドイッチとクッキー,デザートだけ,C,サンドイッチ＋クッキー。飲み物は男。
Q0290,N4,listening,task,"【聴解】スクリプトを読んで答えなさい。

女：コピー機、紙がないよ。
男：倉庫に取りに行こうか。
女：今、鍵が事務所にあるから、先に鍵を取って。
男：了解。

【質問】男の人はこれからどうしますか。",すぐ紙を取りに行く,事務所で待つ,コピーする,先に鍵を取る,D,先に鍵を取って。
Q0291,N4,listening,point,"【聴解】スクリプトを読んで答えなさい。

男：新しい店、どうだった？
女：料理はおいしかったけど、高かった。それに待ち時間が長かった。
男：また行く？
女：うーん、もう一回は行かないと思う。

【質問】女の人が一番言いたいことは何ですか。",安かった,待ち時間は短かった,料理がまずかった,もうその店には行かない,D,おいしいが高・待ち長い→再訪しない。
Q0292,N4,listening,point,"【聴解】スクリプトを読んで答えなさい。

女：どうしたの、遅いよ。
男：電車が止まっちゃって。事故だって。
女：電話くれればよかったのに。
男：電池がなくて。ごめん。

【質問】男の人はなぜ遅れましたか。",電車が事故で止まった,道に迷った,寝坊した,会議があった,A,電車が事故で止まった。
Q0293,N4,listening,point,"【聴解】スクリプトを読んで答えなさい。

男：昨日のテスト、どうだった？
女：文法はできたけど、聴解が速くてほとんど聞き取れなかった。
男：次は大丈夫だよ。
女：もっと毎日聞かないと。

【質問】女の人はテストについてどう思っていますか。",聴解が難しかった,テストは簡単だった,全部よくできた,文法ができなかった,A,文法はできたが聴解が速い。
Q0294,N4,listening,point,"【聴解】スクリプトを読んで答えなさい。

女：新しいアパート、駅から遠いんでしょう？
男：うん。でも家賃が安くて、静かなんだ。
女：広さは？
男：今と同じくらい。静かさが一番の理由だよ。

【質問】男の人が引っ越し先を選んだ理由は何ですか。",静かだから,高いから,今より広いから,駅に近いから,A,静かさが一番の理由。
Q0295,N4,listening,point,"【聴解】スクリプトを読んで答えなさい。

男：バイト、辞めるんだって？
女：試験が近づいて、勉強する時間がほしいの。
男：お金は大丈夫？
女：しばらくは貯金で何とかする。

【質問】女の人はなぜアルバイトを辞めますか。",店が閉まる,人間関係が悪い,お金が足りない,勉強の時間を確保したい,D,試験勉強の時間。
Q0296,N4,listening,expression,"【聴解】スクリプトを読んで答えなさい。

ナレーション：女の人が図書館で本を探しています。本の場所がわかりません。司書が近くにいます。

【質問】女の人は何と言いますか。",すみません、この本はどこにありますか。,何時まで働いていますか。,この本を売ってください。,ここで食べてもいいですか。,A,場所を尋ねる。
Q0297,N4,listening,expression,"【聴解】スクリプトを読んで答えなさい。

ナレーション：男の人が電車の中で、隣の人の足を踏んでしまいました。

【質問】男の人は何と言いますか。",すみません。,おめでとうございます。,どうぞ。,いただきます。,A,踏んだら謝る。
Q0298,N4,listening,expression,"【聴解】スクリプトを読んで答えなさい。

ナレーション：レストランで料理がなかなか来ません。女の人は店員を呼びます。

【質問】女の人は何と言いますか。",お会計お願いします。,予約したいです。,すみません、まだですか。,おいしいです。,C,料理を催促。
Q0299,N4,listening,expression,"【聴解】スクリプトを読んで答えなさい。

ナレーション：会社で、初めて会う人と名刺を交換します。

【質問】男の人は何と言いますか。",お久しぶりです。,どうぞよろしくお願いします。,お帰りなさい。,いってきます。,B,初対面。
Q0300,N4,listening,expression,"【聴解】スクリプトを読んで答えなさい。

ナレーション：友達の家に遊びに行きました。入るとき。

【質問】女の人は何と言いますか。",おじゃまします。,失礼しました、もう帰ります、入るとき。,行ってきます。,ただいま。,A,訪問時はおじゃまします。
Q0301,N4,listening,response,"【聴解】スクリプトを読んで答えなさい。



【質問】正しい返事はどれですか。
女：明日は休みですか。",はい、休ませます。,はい、休んでください。,はい、休みです。,はい、休みましょう。,C,事実を聞く質問には「はい、休みです」。
Q0302,N4,listening,response,"【聴解】スクリプトを読んで答えなさい。



【質問】正しい返事はどれですか。
男：この荷物、持ってもらえますか。",いいですよ。,持ちましょうか。,持たないでください。,持ってください。,A,依頼への承諾。
Q0303,N4,listening,response,"【聴解】スクリプトを読んで答えなさい。



【質問】正しい返事はどれですか。
女：一緒に帰りませんか。",ええ、帰りましょう。,いいえ、帰りませんでした。,はい、帰りますか。,帰ってください。,A,誘いにはましょう。
Q0304,N4,listening,response,"【聴解】スクリプトを読んで答えなさい。



【質問】正しい返事はどれですか。
男：今、何時ですか。",3時でしたね、昨日。,3時ですか。,3時です。,3時にしましょう。,C,時刻を答える。
Q0305,N4,listening,response,"【聴解】スクリプトを読んで答えなさい。



【質問】正しい返事はどれですか。
女：窓を開けてもいいですか。",開けますか。,どうぞ。,開けないでくださいね、いいですか。,開けましょうか。,B,許可を求める→どうぞ。
Q0306,N4,listening,response,"【聴解】スクリプトを読んで答えなさい。



【質問】正しい返事はどれですか。
男：昨日、映画を見ましたか。",いいえ、見てください。,いいえ、見ませんでした。,いいえ、見ないです。,いいえ、見ません。,B,過去の質問には過去で答える。
Q0307,N4,listening,response,"【聴解】スクリプトを読んで答えなさい。



【質問】正しい返事はどれですか。
女：塩、取ってくれますか。",はい、どうぞ。,はい、取りますか。,取ってください。,塩です。,A,取ってあげる。
Q0308,N4,listening,response,"【聴解】スクリプトを読んで答えなさい。



【質問】正しい返事はどれですか。
男：日本語がお上手ですね。",はい、上手です。,いいえ、まだまだです。,上手にしてください。,ありがとうございます、あなたも。上手すぎ。,B,褒められたら謙遜が自然。
Q0309,N4,listening,response,"【聴解】スクリプトを読んで答えなさい。



【質問】正しい返事はどれですか。
女：この本、返してもいい？",うん、書いて。,うん、もう読んだから。,うん、買って。,うん、借りて。,B,返してよいか→もう読んだからOK。
Q0310,N4,listening,response,"【聴解】スクリプトを読んで答えなさい。



【質問】正しい返事はどれですか。
男：明日、来られますか。",はい、行けます。,はい、来ましょうか、あなたが。,はい、来てください。,はい、来させます。,A,可能の質問。
Q0311,N3,vocabulary,kanji_reading,"次の文の［　］の言葉の読み方として最もよいものを選びなさい。

私の趣味は関連に関係する本を読むことです。

［関連］",かんん,かぬれん,んれん,かんれん,D,正しい読みは「かんれん」。N3重要語彙「関連」は日常会話でもよく使われます。例文の文脈で覚えましょう。
Q0312,N3,vocabulary,kanji_reading,"次の文の［　］の言葉の読み方として最もよいものを選びなさい。

最近、議長に関するニュースをよく見ます。

［議長］",ぎちょう,ぎちよう,ぎちゅう,ぎちう,A,正しい読みは「ぎちょう」。N3重要語彙「議長」は日常会話でもよく使われます。例文の文脈で覚えましょう。
Q0313,N3,vocabulary,kanji_reading,"次の文の［　］の言葉の読み方として最もよいものを選びなさい。

私の趣味は見事に関係する本を読むことです。

［見事］",みごと,たちば,みごど,はで,A,正しい読みは「みごと」。N3重要語彙「見事」は日常会話でもよく使われます。例文の文脈で覚えましょう。
Q0314,N3,vocabulary,kanji_reading,"次の文の［　］の言葉の読み方として最もよいものを選びなさい。

この触れるは日常生活でよく使います。

［触れる］",おび,さいてい,ぶれる,ふれる,D,正しい読みは「ふれる」。N3重要語彙「触れる」は日常会話でもよく使われます。例文の文脈で覚えましょう。
Q0315,N3,vocabulary,kanji_reading,"次の文の［　］の言葉の読み方として最もよいものを選びなさい。

彼女は真理が得意で、みんなに教えています。

［真理］",しんぱん,じんり,しぬり,しんり,D,正しい読みは「しんり」。N3重要語彙「真理」は日常会話でもよく使われます。例文の文脈で覚えましょう。
Q0316,N3,vocabulary,kanji_reading,"次の文の［　］の言葉の読み方として最もよいものを選びなさい。

先生から半ばについて詳しく教わりました。

［半ば］",なかば,さゆう,ながば,とうよう,A,正しい読みは「なかば」。N3重要語彙「半ば」は日常会話でもよく使われます。例文の文脈で覚えましょう。
Q0317,N3,vocabulary,kanji_reading,"次の文の［　］の言葉の読み方として最もよいものを選びなさい。

先生から無料について詳しく教わりました。

［無料］",むりう,むりょう,りょう,むりょ,B,正しい読みは「むりょう」。N3重要語彙「無料」は日常会話でもよく使われます。例文の文脈で覚えましょう。
Q0318,N3,vocabulary,kanji_reading,"次の文の［　］の言葉の読み方として最もよいものを選びなさい。

友人から派手の大切さを学びました。

［派手］",しゅぎ,しょう,ばで,はで,D,正しい読みは「はで」。N3重要語彙「派手」は日常会話でもよく使われます。例文の文脈で覚えましょう。
Q0319,N3,vocabulary,kanji_reading,"次の文の［　］の言葉の読み方として最もよいものを選びなさい。

先生から失うについて詳しく教わりました。

［失う］",うじなう,うしなう,しなう,うしう,B,正しい読みは「うしなう」。N3重要語彙「失う」は日常会話でもよく使われます。例文の文脈で覚えましょう。
Q0320,N3,vocabulary,kanji_reading,"次の文の［　］の言葉の読み方として最もよいものを選びなさい。

私の趣味は志望に関係する本を読むことです。

［志望］",じぼう,すいみん,どうろ,しぼう,D,正しい読みは「しぼう」。N3重要語彙「志望」は日常会話でもよく使われます。例文の文脈で覚えましょう。
Q0321,N3,vocabulary,kanji_reading,"次の文の［　］の言葉の読み方として最もよいものを選びなさい。

先生から渦について詳しく教わりました。

［渦］",すむ,うず,こおる,さほう,B,正しい読みは「うず」。N3重要語彙「渦」は日常会話でもよく使われます。例文の文脈で覚えましょう。
Q0322,N3,vocabulary,kanji_reading,"次の文の［　］の言葉の読み方として最もよいものを選びなさい。

私の趣味は雇うに関係する本を読むことです。

［雇う］",ちりょう,やとう,やどう,かくにん,B,正しい読みは「やとう」。N3重要語彙「雇う」は日常会話でもよく使われます。例文の文脈で覚えましょう。
Q0323,N3,vocabulary,kanji_reading,"次の文の［　］の言葉の読み方として最もよいものを選びなさい。

この地域では谷が有名です。

［谷］",だに,はさん,たに,けむり,C,正しい読みは「たに」。N3重要語彙「谷」は日常会話でもよく使われます。例文の文脈で覚えましょう。
Q0324,N3,vocabulary,kanji_reading,"次の文の［　］の言葉の読み方として最もよいものを選びなさい。

彼女は挿すが得意で、みんなに教えています。

［挿す］",むし,さす,ざず,けん,B,正しい読みは「さす」。N3重要語彙「挿す」は日常会話でもよく使われます。例文の文脈で覚えましょう。
Q0325,N3,vocabulary,kanji_reading,"次の文の［　］の言葉の読み方として最もよいものを選びなさい。

この地域では恩が有名です。

［恩］",ちいき,ながめ,おん,おぬ,C,正しい読みは「おん」。N3重要語彙「恩」は日常会話でもよく使われます。例文の文脈で覚えましょう。
Q0326,N3,vocabulary,kanji_reading,"次の文の［　］の言葉の読み方として最もよいものを選びなさい。

友人から太陽の大切さを学びました。

［太陽］",たいよう,たいよ,いよう,だいよう,A,正しい読みは「たいよう」。N3重要語彙「太陽」は日常会話でもよく使われます。例文の文脈で覚えましょう。
Q0327,N3,vocabulary,kanji_reading,"次の文の［　］の言葉の読み方として最もよいものを選びなさい。

この地域では化学が有名です。

［化学］",こうせい,かがく,ががぐ,ががく,B,正しい読みは「かがく」。N3重要語彙「化学」は日常会話でもよく使われます。例文の文脈で覚えましょう。
Q0328,N3,vocabulary,kanji_reading,"次の文の［　］の言葉の読み方として最もよいものを選びなさい。

この地域では装置が有名です。

［装置］",ぞうぢ,さまざま,だまる,そうち,D,正しい読みは「そうち」。N3重要語彙「装置」は日常会話でもよく使われます。例文の文脈で覚えましょう。
Q0329,N3,vocabulary,kanji_reading,"次の文の［　］の言葉の読み方として最もよいものを選びなさい。

私の趣味は畑に関係する本を読むことです。

［畑］",ばだげ,たがい,いっぽう,はたけ,D,正しい読みは「はたけ」。N3重要語彙「畑」は日常会話でもよく使われます。例文の文脈で覚えましょう。
Q0330,N3,vocabulary,kanji_reading,"次の文の［　］の言葉の読み方として最もよいものを選びなさい。

先生から王様について詳しく教わりました。

［王様］",おうま,おうさ,おうさま,おうざま,C,正しい読みは「おうさま」。N3重要語彙「王様」は日常会話でもよく使われます。例文の文脈で覚えましょう。
Q0331,N3,vocabulary,kanji_reading,"次の文の［　］の言葉の読み方として最もよいものを選びなさい。

私の趣味は隠すに関係する本を読むことです。

［隠す］",かくす,きのう,がぐず,がくす,A,正しい読みは「かくす」。N3重要語彙「隠す」は日常会話でもよく使われます。例文の文脈で覚えましょう。
Q0332,N3,vocabulary,kanji_reading,"次の文の［　］の言葉の読み方として最もよいものを選びなさい。

彼女は製造が得意で、みんなに教えています。

［製造］",いぞう,せいう,せいぞう,ぜいぞう,C,正しい読みは「せいぞう」。N3重要語彙「製造」は日常会話でもよく使われます。例文の文脈で覚えましょう。
Q0333,N3,vocabulary,kanji_reading,"次の文の［　］の言葉の読み方として最もよいものを選びなさい。

私の趣味は新たに関係する本を読むことです。

［新た］",あらた,ようす,あらだ,かおり,A,正しい読みは「あらた」。N3重要語彙「新た」は日常会話でもよく使われます。例文の文脈で覚えましょう。
Q0334,N3,vocabulary,kanji_reading,"次の文の［　］の言葉の読み方として最もよいものを選びなさい。

この神は日常生活でよく使います。

［神］",がみ,かみ,ひてい,のこり,B,正しい読みは「かみ」。N3重要語彙「神」は日常会話でもよく使われます。例文の文脈で覚えましょう。
Q0335,N3,vocabulary,kanji_reading,"次の文の［　］の言葉の読み方として最もよいものを選びなさい。

私の趣味は頼るに関係する本を読むことです。

［頼る］",あらた,だよる,こうふく,たよる,D,正しい読みは「たよる」。N3重要語彙「頼る」は日常会話でもよく使われます。例文の文脈で覚えましょう。
Q0336,N3,vocabulary,kanji_reading,"次の文の［　］の言葉の読み方として最もよいものを選びなさい。

この梅雨は日常生活でよく使います。

［梅雨］",づゆ,さめる,ゆでる,つゆ,D,正しい読みは「つゆ」。N3重要語彙「梅雨」は日常会話でもよく使われます。例文の文脈で覚えましょう。
Q0337,N3,vocabulary,kanji_reading,"次の文の［　］の言葉の読み方として最もよいものを選びなさい。

彼女は宣伝が得意で、みんなに教えています。

［宣伝］",せんでん,せぬでん,せんで,んでん,A,正しい読みは「せんでん」。N3重要語彙「宣伝」は日常会話でもよく使われます。例文の文脈で覚えましょう。
Q0338,N3,vocabulary,kanji_reading,"次の文の［　］の言葉の読み方として最もよいものを選びなさい。

先週の会議で予報について議論しました。

［予報］",かくにん,よほう,どりょく,よぼう,B,正しい読みは「よほう」。N3重要語彙「予報」は日常会話でもよく使われます。例文の文脈で覚えましょう。
Q0339,N3,vocabulary,kanji_reading,"次の文の［　］の言葉の読み方として最もよいものを選びなさい。

先週の会議で関心について議論しました。

［関心］",けんしん,がんしん,んしん,かんしん,D,正しい読みは「かんしん」。N3重要語彙「関心」は日常会話でもよく使われます。例文の文脈で覚えましょう。
Q0340,N3,vocabulary,kanji_reading,"次の文の［　］の言葉の読み方として最もよいものを選びなさい。

最近、製品に関するニュースをよく見ます。

［製品］",せいひん,せいん,ぜいびん,しょうひん,A,正しい読みは「せいひん」。N3重要語彙「製品」は日常会話でもよく使われます。例文の文脈で覚えましょう。
Q0341,N3,vocabulary,kanji_reading,"次の文の［　］の言葉の読み方として最もよいものを選びなさい。

最近、切れるに関するニュースをよく見ます。

［切れる］",きれる,とうよう,せいしつ,ぎれる,A,正しい読みは「きれる」。N3重要語彙「切れる」は日常会話でもよく使われます。例文の文脈で覚えましょう。
Q0342,N3,vocabulary,kanji_reading,"次の文の［　］の言葉の読み方として最もよいものを選びなさい。

彼女は定期が得意で、みんなに教えています。

［定期］",こうふく,でいぎ,ていき,だます,C,正しい読みは「ていき」。N3重要語彙「定期」は日常会話でもよく使われます。例文の文脈で覚えましょう。
Q0343,N3,vocabulary,kanji_reading,"次の文の［　］の言葉の読み方として最もよいものを選びなさい。

先週の会議で署名について議論しました。

［署名］",しょい,しよめい,ょめい,しょめい,D,正しい読みは「しょめい」。N3重要語彙「署名」は日常会話でもよく使われます。例文の文脈で覚えましょう。
Q0344,N3,vocabulary,kanji_reading,"次の文の［　］の言葉の読み方として最もよいものを選びなさい。

友人から舌の大切さを学びました。

［舌］",まざる,じだ,した,やとう,C,正しい読みは「した」。N3重要語彙「舌」は日常会話でもよく使われます。例文の文脈で覚えましょう。
Q0345,N3,vocabulary,kanji_reading,"次の文の［　］の言葉の読み方として最もよいものを選びなさい。

先週の会議で行きについて議論しました。

［行き］",けい,むし,いき,いぎ,C,正しい読みは「いき」。N3重要語彙「行き」は日常会話でもよく使われます。例文の文脈で覚えましょう。
Q0346,N3,vocabulary,kanji_reading,"次の文の［　］の言葉の読み方として最もよいものを選びなさい。

先週の会議で校舎について議論しました。

［校舎］",こうしゃ,ごうじゃ,こうゃ,こうじゃ,A,正しい読みは「こうしゃ」。N3重要語彙「校舎」は日常会話でもよく使われます。例文の文脈で覚えましょう。
Q0347,N3,vocabulary,kanji_reading,"次の文の［　］の言葉の読み方として最もよいものを選びなさい。

この胸は日常生活でよく使います。

［胸］",ようき,むね,たがい,ほり,B,正しい読みは「むね」。N3重要語彙「胸」は日常会話でもよく使われます。例文の文脈で覚えましょう。
Q0348,N3,vocabulary,kanji_reading,"次の文の［　］の言葉の読み方として最もよいものを選びなさい。

この地域では議員が有名です。

［議員］",ぎいん,こううん,ちい,ぎいぬ,A,正しい読みは「ぎいん」。N3重要語彙「議員」は日常会話でもよく使われます。例文の文脈で覚えましょう。
Q0349,N3,vocabulary,kanji_reading,"次の文の［　］の言葉の読み方として最もよいものを選びなさい。

最近、料金に関するニュースをよく見ます。

［料金］",りょうきん,りようきん,りょうぎん,ょうきん,A,正しい読みは「りょうきん」。N3重要語彙「料金」は日常会話でもよく使われます。例文の文脈で覚えましょう。
Q0350,N3,vocabulary,kanji_reading,"次の文の［　］の言葉の読み方として最もよいものを選びなさい。

最近、隠れるに関するニュースをよく見ます。

［隠れる］",かくる,かくれる,くれる,かくれ,B,正しい読みは「かくれる」。N3重要語彙「隠れる」は日常会話でもよく使われます。例文の文脈で覚えましょう。
Q0351,N3,vocabulary,kanji_reading,"次の文の［　］の言葉の読み方として最もよいものを選びなさい。

彼女は現実が得意で、みんなに教えています。

［現実］",んじつ,げんじづ,げんじつ,げんじ,C,正しい読みは「げんじつ」。N3重要語彙「現実」は日常会話でもよく使われます。例文の文脈で覚えましょう。
Q0352,N3,vocabulary,kanji_reading,"次の文の［　］の言葉の読み方として最もよいものを選びなさい。

先週の会議で頬について議論しました。

［頬］",ぼぼ,ひはん,しるし,ほほ,D,正しい読みは「ほほ」。N3重要語彙「頬」は日常会話でもよく使われます。例文の文脈で覚えましょう。
Q0353,N3,vocabulary,kanji_reading,"次の文の［　］の言葉の読み方として最もよいものを選びなさい。

友人から諺の大切さを学びました。

［諺］",とわざ,ことざ,ことわざ,ごどわざ,C,正しい読みは「ことわざ」。N3重要語彙「諺」は日常会話でもよく使われます。例文の文脈で覚えましょう。
Q0354,N3,vocabulary,kanji_reading,"次の文の［　］の言葉の読み方として最もよいものを選びなさい。

彼女は救助が得意で、みんなに教えています。

［救助］",きゅうじ,きゅじょ,ぎゅうじょ,きゅうじょ,D,正しい読みは「きゅうじょ」。N3重要語彙「救助」は日常会話でもよく使われます。例文の文脈で覚えましょう。
Q0355,N3,vocabulary,kanji_reading,"次の文の［　］の言葉の読み方として最もよいものを選びなさい。

この地域では測るが有名です。

［測る］",はがる,いし,はかる,ばがる,C,正しい読みは「はかる」。N3重要語彙「測る」は日常会話でもよく使われます。例文の文脈で覚えましょう。
Q0356,N3,vocabulary,kanji_reading,"次の文の［　］の言葉の読み方として最もよいものを選びなさい。

先週の会議で全体について議論しました。

［全体］",ぜんだい,ぜんたい,ぜぬたい,ぜんた,B,正しい読みは「ぜんたい」。N3重要語彙「全体」は日常会話でもよく使われます。例文の文脈で覚えましょう。
Q0357,N3,vocabulary,kanji_reading,"次の文の［　］の言葉の読み方として最もよいものを選びなさい。

最近、隊に関するニュースをよく見ます。

［隊］",たい,しそう,おとる,だい,A,正しい読みは「たい」。N3重要語彙「隊」は日常会話でもよく使われます。例文の文脈で覚えましょう。
Q0358,N3,vocabulary,kanji_reading,"次の文の［　］の言葉の読み方として最もよいものを選びなさい。

私の趣味は種類に関係する本を読むことです。

［種類］",しゅい,じゅるい,しゅるい,しゅる,C,正しい読みは「しゅるい」。N3重要語彙「種類」は日常会話でもよく使われます。例文の文脈で覚えましょう。
Q0359,N3,vocabulary,kanji_reading,"次の文の［　］の言葉の読み方として最もよいものを選びなさい。

最近、訳すに関するニュースをよく見ます。

［訳す］",まちがい,つち,やぐず,やくす,D,正しい読みは「やくす」。N3重要語彙「訳す」は日常会話でもよく使われます。例文の文脈で覚えましょう。
Q0360,N3,vocabulary,kanji_reading,"次の文の［　］の言葉の読み方として最もよいものを選びなさい。

友人から飛び出すの大切さを学びました。

［飛び出す］",とびだす,どびだず,びだす,とびだ,A,正しい読みは「とびだす」。N3重要語彙「飛び出す」は日常会話でもよく使われます。例文の文脈で覚えましょう。
Q0361,N3,vocabulary,kanji_reading,"次の文の［　］の言葉の読み方として最もよいものを選びなさい。

先生から清潔について詳しく教わりました。

［清潔］",いけつ,ぜいげづ,せいけつ,せいつ,C,正しい読みは「せいけつ」。N3重要語彙「清潔」は日常会話でもよく使われます。例文の文脈で覚えましょう。
Q0362,N3,vocabulary,kanji_reading,"次の文の［　］の言葉の読み方として最もよいものを選びなさい。

この操縦は日常生活でよく使います。

［操縦］",そうじゆう,そうじゅ,そうじゅう,そうゅう,C,正しい読みは「そうじゅう」。N3重要語彙「操縦」は日常会話でもよく使われます。例文の文脈で覚えましょう。
Q0363,N3,vocabulary,kanji_reading,"次の文の［　］の言葉の読み方として最もよいものを選びなさい。

最近、悪に関するニュースをよく見ます。

［悪］",あぐ,ちらす,あく,ためす,C,正しい読みは「あく」。N3重要語彙「悪」は日常会話でもよく使われます。例文の文脈で覚えましょう。
Q0364,N3,vocabulary,kanji_reading,"次の文の［　］の言葉の読み方として最もよいものを選びなさい。

私の趣味は濡らすに関係する本を読むことです。

［濡らす］",かんぜん,ぬらず,ぬらす,どりょく,C,正しい読みは「ぬらす」。N3重要語彙「濡らす」は日常会話でもよく使われます。例文の文脈で覚えましょう。
Q0365,N3,vocabulary,kanji_reading,"次の文の［　］の言葉の読み方として最もよいものを選びなさい。

私の趣味は連続に関係する本を読むことです。

［連続］",れんぞぐ,れんぞく,んぞく,れんく,B,正しい読みは「れんぞく」。N3重要語彙「連続」は日常会話でもよく使われます。例文の文脈で覚えましょう。
Q0366,N3,vocabulary,kanji_reading,"次の文の［　］の言葉の読み方として最もよいものを選びなさい。

私の趣味は財産に関係する本を読むことです。

［財産］",ざいさぬ,ざいん,ざいさん,ざいさ,C,正しい読みは「ざいさん」。N3重要語彙「財産」は日常会話でもよく使われます。例文の文脈で覚えましょう。
Q0367,N3,vocabulary,kanji_reading,"次の文の［　］の言葉の読み方として最もよいものを選びなさい。

この過ごすは日常生活でよく使います。

［過ごす］",しめる,わん,すごす,ずごず,C,正しい読みは「すごす」。N3重要語彙「過ごす」は日常会話でもよく使われます。例文の文脈で覚えましょう。
Q0368,N3,vocabulary,kanji_reading,"次の文の［　］の言葉の読み方として最もよいものを選びなさい。

先生から性格について詳しく教わりました。

［性格］",せいかく,いかく,ぜいがぐ,せいか,A,正しい読みは「せいかく」。N3重要語彙「性格」は日常会話でもよく使われます。例文の文脈で覚えましょう。
Q0369,N3,vocabulary,kanji_reading,"次の文の［　］の言葉の読み方として最もよいものを選びなさい。

彼女は接ぐが得意で、みんなに教えています。

［接ぐ］",そろう,ずつう,つぐ,づぐ,C,正しい読みは「つぐ」。N3重要語彙「接ぐ」は日常会話でもよく使われます。例文の文脈で覚えましょう。
Q0370,N3,vocabulary,kanji_reading,"次の文の［　］の言葉の読み方として最もよいものを選びなさい。

私の趣味は過去に関係する本を読むことです。

［過去］",かこ,はで,がこ,がご,A,正しい読みは「かこ」。N3重要語彙「過去」は日常会話でもよく使われます。例文の文脈で覚えましょう。
Q0371,N3,vocabulary,kanji_reading,"次の文の［　］の言葉の読み方として最もよいものを選びなさい。

先週の会議で便について議論しました。

［便］",びん,そろう,がっき,びぬ,A,正しい読みは「びん」。N3重要語彙「便」は日常会話でもよく使われます。例文の文脈で覚えましょう。
Q0372,N3,vocabulary,kanji_reading,"次の文の［　］の言葉の読み方として最もよいものを選びなさい。

この滅多には日常生活でよく使います。

［滅多に］",ったに,めっだに,めっに,めったに,D,正しい読みは「めったに」。N3重要語彙「滅多に」は日常会話でもよく使われます。例文の文脈で覚えましょう。
Q0373,N3,vocabulary,kanji_reading,"次の文の［　］の言葉の読み方として最もよいものを選びなさい。

先生から伝わるについて詳しく教わりました。

［伝わる］",つたる,つたわる,つたわ,たわる,B,正しい読みは「つたわる」。N3重要語彙「伝わる」は日常会話でもよく使われます。例文の文脈で覚えましょう。
Q0374,N3,vocabulary,kanji_reading,"次の文の［　］の言葉の読み方として最もよいものを選びなさい。

彼女は本当が得意で、みんなに教えています。

［本当］",ほぬと,ぼんど,ほんと,せいげん,C,正しい読みは「ほんと」。N3重要語彙「本当」は日常会話でもよく使われます。例文の文脈で覚えましょう。
Q0375,N3,vocabulary,kanji_reading,"次の文の［　］の言葉の読み方として最もよいものを選びなさい。

この地域では混雑が有名です。

［混雑］",こんざつ,こんざ,ごんざづ,こぬざつ,A,正しい読みは「こんざつ」。N3重要語彙「混雑」は日常会話でもよく使われます。例文の文脈で覚えましょう。
Q0376,N3,vocabulary,kanji_reading,"次の文の［　］の言葉の読み方として最もよいものを選びなさい。

友人から脂の大切さを学びました。

［脂］",かさい,さんそ,しぜん,あぶら,D,正しい読みは「あぶら」。N3重要語彙「脂」は日常会話でもよく使われます。例文の文脈で覚えましょう。
Q0377,N3,vocabulary,kanji_reading,"次の文の［　］の言葉の読み方として最もよいものを選びなさい。

先生から延ばすについて詳しく教わりました。

［延ばす］",のばす,しらせ,せつび,のばず,A,正しい読みは「のばす」。N3重要語彙「延ばす」は日常会話でもよく使われます。例文の文脈で覚えましょう。
Q0378,N3,vocabulary,kanji_reading,"次の文の［　］の言葉の読み方として最もよいものを選びなさい。

先生から表面について詳しく教わりました。

［表面］",びょうめん,ひょうめぬ,ひょうめん,ひょめん,C,正しい読みは「ひょうめん」。N3重要語彙「表面」は日常会話でもよく使われます。例文の文脈で覚えましょう。
Q0379,N3,vocabulary,kanji_reading,"次の文の［　］の言葉の読み方として最もよいものを選びなさい。

先生から微笑むについて詳しく教わりました。

［微笑む］",ほほえむ,ほほむ,ほほえ,ほえむ,A,正しい読みは「ほほえむ」。N3重要語彙「微笑む」は日常会話でもよく使われます。例文の文脈で覚えましょう。
Q0380,N3,vocabulary,kanji_reading,"次の文の［　］の言葉の読み方として最もよいものを選びなさい。

最近、酸性に関するニュースをよく見ます。

［酸性］",んせい,さんせい,さんせ,さんしょう,B,正しい読みは「さんせい」。N3重要語彙「酸性」は日常会話でもよく使われます。例文の文脈で覚えましょう。
Q0381,N3,vocabulary,kanji_reading,"次の文の［　］の言葉の読み方として最もよいものを選びなさい。

友人から上の大切さを学びました。

［上］",とばす,ひっこし,じよう,じょう,D,正しい読みは「じょう」。N3重要語彙「上」は日常会話でもよく使われます。例文の文脈で覚えましょう。
Q0382,N3,vocabulary,kanji_reading,"次の文の［　］の言葉の読み方として最もよいものを選びなさい。

この地域では家具が有名です。

［家具］",がぐ,ぎむ,かぐ,おん,C,正しい読みは「かぐ」。N3重要語彙「家具」は日常会話でもよく使われます。例文の文脈で覚えましょう。
Q0383,N3,vocabulary,kanji_reading,"次の文の［　］の言葉の読み方として最もよいものを選びなさい。

先生から豪華について詳しく教わりました。

［豪華］",きじ,ごうが,ごうか,いずみ,C,正しい読みは「ごうか」。N3重要語彙「豪華」は日常会話でもよく使われます。例文の文脈で覚えましょう。
Q0384,N3,vocabulary,kanji_reading,"次の文の［　］の言葉の読み方として最もよいものを選びなさい。

先生から地下について詳しく教わりました。

［地下］",よそう,ちか,ぢが,ちが,B,正しい読みは「ちか」。N3重要語彙「地下」は日常会話でもよく使われます。例文の文脈で覚えましょう。
Q0385,N3,vocabulary,kanji_reading,"次の文の［　］の言葉の読み方として最もよいものを選びなさい。

先生から混ぜるについて詳しく教わりました。

［混ぜる］",こうせい,あら,たび,まぜる,D,正しい読みは「まぜる」。N3重要語彙「混ぜる」は日常会話でもよく使われます。例文の文脈で覚えましょう。
Q0386,N3,vocabulary,kanji_reading,"次の文の［　］の言葉の読み方として最もよいものを選びなさい。

先生から進歩について詳しく教わりました。

［進歩］",しぬぽ,しんぽ,じんぽ,つぎつぎ,B,正しい読みは「しんぽ」。N3重要語彙「進歩」は日常会話でもよく使われます。例文の文脈で覚えましょう。
Q0387,N3,vocabulary,kanji_reading,"次の文の［　］の言葉の読み方として最もよいものを選びなさい。

私の趣味は不自由に関係する本を読むことです。

［不自由］",じゆう,ふじゆ,ふじう,ふじゆう,D,正しい読みは「ふじゆう」。N3重要語彙「不自由」は日常会話でもよく使われます。例文の文脈で覚えましょう。
Q0388,N3,vocabulary,kanji_reading,"次の文の［　］の言葉の読み方として最もよいものを選びなさい。

先生から最低について詳しく教わりました。

［最低］",いてい,ざいでい,さいてい,さいい,C,正しい読みは「さいてい」。N3重要語彙「最低」は日常会話でもよく使われます。例文の文脈で覚えましょう。
Q0389,N3,vocabulary,kanji_reading,"次の文の［　］の言葉の読み方として最もよいものを選びなさい。

私の趣味は協調に関係する本を読むことです。

［協調］",きょうちょう,きょうちょ,きょうちゅう,きょうょう,A,正しい読みは「きょうちょう」。N3重要語彙「協調」は日常会話でもよく使われます。例文の文脈で覚えましょう。
Q0390,N3,vocabulary,orthography,"次の文の［　］の言葉を漢字で書くとき、最もよいものを選びなさい。

辞書でがまんの意味を調べました。

［がまん］",景気,我慢,味方,我々,B,正しい読みは「我慢」。N3重要語彙「がまん」は日常会話でもよく使われます。例文の文脈で覚えましょう。
Q0391,N3,vocabulary,orthography,"次の文の［　］の言葉を漢字で書くとき、最もよいものを選びなさい。

この書類にあいずと書いてください。

［あいず］",合計,合わせる,合格,合図,D,正しい読みは「合図」。N3重要語彙「あいず」は日常会話でもよく使われます。例文の文脈で覚えましょう。
Q0392,N3,vocabulary,orthography,"次の文の［　］の言葉を漢字で書くとき、最もよいものを選びなさい。

この書類にたたむと書いてください。

［たたむ］",予測,常識,畳む,記者,C,正しい読みは「畳む」。N3重要語彙「たたむ」は日常会話でもよく使われます。例文の文脈で覚えましょう。
Q0393,N3,vocabulary,orthography,"次の文の［　］の言葉を漢字で書くとき、最もよいものを選びなさい。

辞書でするの意味を調べました。

［する］",蹴る,刷る,環境,医院,B,正しい読みは「刷る」。N3重要語彙「する」は日常会話でもよく使われます。例文の文脈で覚えましょう。
Q0394,N3,vocabulary,orthography,"次の文の［　］の言葉を漢字で書くとき、最もよいものを選びなさい。

辞書でしょうぼうの意味を調べました。

［しょうぼう］",通貨,成功,消費,消防,D,正しい読みは「消防」。N3重要語彙「しょうぼう」は日常会話でもよく使われます。例文の文脈で覚えましょう。
Q0395,N3,vocabulary,orthography,"次の文の［　］の言葉を漢字で書くとき、最もよいものを選びなさい。

この書類にぬくと書いてください。

［ぬく］",抜ける,目上,愉快,抜く,D,正しい読みは「抜く」。N3重要語彙「ぬく」は日常会話でもよく使われます。例文の文脈で覚えましょう。
Q0396,N3,vocabulary,orthography,"次の文の［　］の言葉を漢字で書くとき、最もよいものを選びなさい。

この書類にためしと書いてください。

［ためし］",負け,試し,突く,試す,B,正しい読みは「試し」。N3重要語彙「ためし」は日常会話でもよく使われます。例文の文脈で覚えましょう。
Q0397,N3,vocabulary,orthography,"次の文の［　］の言葉を漢字で書くとき、最もよいものを選びなさい。

この書類ににっぽんと書いてください。

［にっぽん］",日本,日常,日付,日,A,正しい読みは「日本」。N3重要語彙「にっぽん」は日常会話でもよく使われます。例文の文脈で覚えましょう。
Q0398,N3,vocabulary,orthography,"次の文の［　］の言葉を漢字で書くとき、最もよいものを選びなさい。

辞書でにぎるの意味を調べました。

［にぎる］",添う,芝生,握手,握る,D,正しい読みは「握る」。N3重要語彙「にぎる」は日常会話でもよく使われます。例文の文脈で覚えましょう。
Q0399,N3,vocabulary,orthography,"次の文の［　］の言葉を漢字で書くとき、最もよいものを選びなさい。

辞書でいとこの意味を調べました。

［いとこ］",従う,従姉妹,従兄弟,駆ける,B,正しい読みは「従姉妹」。N3重要語彙「いとこ」は日常会話でもよく使われます。例文の文脈で覚えましょう。
Q0400,N3,vocabulary,orthography,"次の文の［　］の言葉を漢字で書くとき、最もよいものを選びなさい。

辞書でけっかんの意味を調べました。

［けっかん］",欠席,欠ける,欠点,欠陥,D,正しい読みは「欠陥」。N3重要語彙「けっかん」は日常会話でもよく使われます。例文の文脈で覚えましょう。
Q0401,N3,vocabulary,orthography,"次の文の［　］の言葉を漢字で書くとき、最もよいものを選びなさい。

辞書でやちんの意味を調べました。

［やちん］",担当,家具,家事,家賃,D,正しい読みは「家賃」。N3重要語彙「やちん」は日常会話でもよく使われます。例文の文脈で覚えましょう。
Q0402,N3,vocabulary,orthography,"次の文の［　］の言葉を漢字で書くとき、最もよいものを選びなさい。

辞書でかんそうの意味を調べました。

［かんそう］",感じる,感想,感じ,感心,B,正しい読みは「感想」。N3重要語彙「かんそう」は日常会話でもよく使われます。例文の文脈で覚えましょう。
Q0403,N3,vocabulary,orthography,"次の文の［　］の言葉を漢字で書くとき、最もよいものを選びなさい。

この書類にしゅちょうと書いてください。

［しゅちょう］",主義,主婦,主要,主張,D,正しい読みは「主張」。N3重要語彙「しゅちょう」は日常会話でもよく使われます。例文の文脈で覚えましょう。
Q0404,N3,vocabulary,orthography,"次の文の［　］の言葉を漢字で書くとき、最もよいものを選びなさい。

辞書でめいしの意味を調べました。

［めいし］",名詞,名刺,尊敬,名人,A,正しい読みは「名詞」。N3重要語彙「めいし」は日常会話でもよく使われます。例文の文脈で覚えましょう。
Q0405,N3,vocabulary,orthography,"次の文の［　］の言葉を漢字で書くとき、最もよいものを選びなさい。

この書類にこんかいと書いてください。

［こんかい］",今回,今に,今にも,今日,A,正しい読みは「今回」。N3重要語彙「こんかい」は日常会話でもよく使われます。例文の文脈で覚えましょう。
Q0406,N3,vocabulary,orthography,"次の文の［　］の言葉を漢字で書くとき、最もよいものを選びなさい。

この書類によぶんと書いてください。

［よぶん］",贈る,余裕,余分,堅い,C,正しい読みは「余分」。N3重要語彙「よぶん」は日常会話でもよく使われます。例文の文脈で覚えましょう。
Q0407,N3,vocabulary,orthography,"次の文の［　］の言葉を漢字で書くとき、最もよいものを選びなさい。

辞書でしょめいの意味を調べました。

［しょめい］",署名,合格,作物,最低,A,正しい読みは「署名」。N3重要語彙「しょめい」は日常会話でもよく使われます。例文の文脈で覚えましょう。
Q0408,N3,vocabulary,orthography,"次の文の［　］の言葉を漢字で書くとき、最もよいものを選びなさい。

辞書でもくてきの意味を調べました。

［もくてき］",目標,設備,目的,目上,C,正しい読みは「目的」。N3重要語彙「もくてき」は日常会話でもよく使われます。例文の文脈で覚えましょう。
Q0409,N3,vocabulary,orthography,"次の文の［　］の言葉を漢字で書くとき、最もよいものを選びなさい。

辞書でだいとうりょうの意味を調べました。

［だいとうりょう］",大,大使,大統領,大半,C,正しい読みは「大統領」。N3重要語彙「だいとうりょう」は日常会話でもよく使われます。例文の文脈で覚えましょう。
Q0410,N3,vocabulary,orthography,"次の文の［　］の言葉を漢字で書くとき、最もよいものを選びなさい。

辞書でふれるの意味を調べました。

［ふれる］",お互い,延びる,触れる,揃える,C,正しい読みは「触れる」。N3重要語彙「ふれる」は日常会話でもよく使われます。例文の文脈で覚えましょう。
Q0411,N3,vocabulary,orthography,"次の文の［　］の言葉を漢字で書くとき、最もよいものを選びなさい。

この書類ににっこうと書いてください。

［にっこう］",日付,日光,日常,日,B,正しい読みは「日光」。N3重要語彙「にっこう」は日常会話でもよく使われます。例文の文脈で覚えましょう。
Q0412,N3,vocabulary,orthography,"次の文の［　］の言葉を漢字で書くとき、最もよいものを選びなさい。

辞書でせいどの意味を調べました。

［せいど］",機嫌,制度,評判,制限,B,正しい読みは「制度」。N3重要語彙「せいど」は日常会話でもよく使われます。例文の文脈で覚えましょう。
Q0413,N3,vocabulary,orthography,"次の文の［　］の言葉を漢字で書くとき、最もよいものを選びなさい。

辞書でこうはいの意味を調べました。

［こうはい］",後輩,後者,後,後悔,A,正しい読みは「後輩」。N3重要語彙「こうはい」は日常会話でもよく使われます。例文の文脈で覚えましょう。
Q0414,N3,vocabulary,orthography,"次の文の［　］の言葉を漢字で書くとき、最もよいものを選びなさい。

辞書でほうほうの意味を調べました。

［ほうほう］",方向,方法,方,方々,B,正しい読みは「方法」。N3重要語彙「ほうほう」は日常会話でもよく使われます。例文の文脈で覚えましょう。
Q0415,N3,vocabulary,orthography,"次の文の［　］の言葉を漢字で書くとき、最もよいものを選びなさい。

この書類につきあうと書いてください。

［つきあう］",付く,付合う,付ける,付き合い,B,正しい読みは「付合う」。N3重要語彙「つきあう」は日常会話でもよく使われます。例文の文脈で覚えましょう。
Q0416,N3,vocabulary,orthography,"次の文の［　］の言葉を漢字で書くとき、最もよいものを選びなさい。

辞書できおんの意味を調べました。

［きおん］",気候,気付く,気温,気の毒,C,正しい読みは「気温」。N3重要語彙「きおん」は日常会話でもよく使われます。例文の文脈で覚えましょう。
Q0417,N3,vocabulary,orthography,"次の文の［　］の言葉を漢字で書くとき、最もよいものを選びなさい。

辞書でかだいの意味を調べました。

［かだい］",装置,照明,課程,課題,D,正しい読みは「課題」。N3重要語彙「かだい」は日常会話でもよく使われます。例文の文脈で覚えましょう。
Q0418,N3,vocabulary,orthography,"次の文の［　］の言葉を漢字で書くとき、最もよいものを選びなさい。

辞書でたくの意味を調べました。

［たく］",記者,面倒,黙る,炊く,D,正しい読みは「炊く」。N3重要語彙「たく」は日常会話でもよく使われます。例文の文脈で覚えましょう。
Q0419,N3,vocabulary,orthography,"次の文の［　］の言葉を漢字で書くとき、最もよいものを選びなさい。

この書類にれんぞくと書いてください。

［れんぞく］",連れ,連続,招く,連想,B,正しい読みは「連続」。N3重要語彙「れんぞく」は日常会話でもよく使われます。例文の文脈で覚えましょう。
Q0420,N3,vocabulary,orthography,"次の文の［　］の言葉を漢字で書くとき、最もよいものを選びなさい。

辞書でじたいの意味を調べました。

［じたい］",字体,減る,衝突,同志,A,正しい読みは「字体」。N3重要語彙「じたい」は日常会話でもよく使われます。例文の文脈で覚えましょう。
Q0421,N3,vocabulary,orthography,"次の文の［　］の言葉を漢字で書くとき、最もよいものを選びなさい。

辞書でゆうじんの意味を調べました。

［ゆうじん］",友情,友,友人,友好,C,正しい読みは「友人」。N3重要語彙「ゆうじん」は日常会話でもよく使われます。例文の文脈で覚えましょう。
Q0422,N3,vocabulary,orthography,"次の文の［　］の言葉を漢字で書くとき、最もよいものを選びなさい。

辞書でこうかいの意味を調べました。

［こうかい］",結果,航海,航空,性質,B,正しい読みは「航海」。N3重要語彙「こうかい」は日常会話でもよく使われます。例文の文脈で覚えましょう。
Q0423,N3,vocabulary,orthography,"次の文の［　］の言葉を漢字で書くとき、最もよいものを選びなさい。

辞書でだますの意味を調べました。

［だます］",再び,騙す,有機,進学,B,正しい読みは「騙す」。N3重要語彙「だます」は日常会話でもよく使われます。例文の文脈で覚えましょう。
Q0424,N3,vocabulary,orthography,"次の文の［　］の言葉を漢字で書くとき、最もよいものを選びなさい。

この書類にばめんと書いてください。

［ばめん］",異常,指す,場面,電子,C,正しい読みは「場面」。N3重要語彙「ばめん」は日常会話でもよく使われます。例文の文脈で覚えましょう。
Q0425,N3,vocabulary,orthography,"次の文の［　］の言葉を漢字で書くとき、最もよいものを選びなさい。

この書類にそうじゅうと書いてください。

［そうじゅう］",操作,包み,操縦,現象,C,正しい読みは「操縦」。N3重要語彙「そうじゅう」は日常会話でもよく使われます。例文の文脈で覚えましょう。
Q0426,N3,vocabulary,orthography,"次の文の［　］の言葉を漢字で書くとき、最もよいものを選びなさい。

辞書でしゅうしょくの意味を調べました。

［しゅうしょく］",活用,容易,就職,就く,C,正しい読みは「就職」。N3重要語彙「しゅうしょく」は日常会話でもよく使われます。例文の文脈で覚えましょう。
Q0427,N3,vocabulary,orthography,"次の文の［　］の言葉を漢字で書くとき、最もよいものを選びなさい。

辞書でたいしたの意味を調べました。

［たいした］",大した,大会,大統領,大いに,A,正しい読みは「大した」。N3重要語彙「たいした」は日常会話でもよく使われます。例文の文脈で覚えましょう。
Q0428,N3,vocabulary,orthography,"次の文の［　］の言葉を漢字で書くとき、最もよいものを選びなさい。

この書類にしゅふと書いてください。

［しゅふ］",主要,主婦,主に,主張,B,正しい読みは「主婦」。N3重要語彙「しゅふ」は日常会話でもよく使われます。例文の文脈で覚えましょう。
Q0429,N3,vocabulary,orthography,"次の文の［　］の言葉を漢字で書くとき、最もよいものを選びなさい。

辞書でいんようの意味を調べました。

［いんよう］",引退,引用,引っ張る,引越し,B,正しい読みは「引用」。N3重要語彙「いんよう」は日常会話でもよく使われます。例文の文脈で覚えましょう。
Q0430,N3,vocabulary,context,"（　　）に入る最もよいものを選びなさい。

会議の内容を（　　）にまとめてください。",複雑,重大,豊富,簡潔,D,正しい読みは「簡潔」。N3重要語彙「Q0430」は日常会話でもよく使われます。例文の文脈で覚えましょう。
Q0431,N3,vocabulary,context,"（　　）に入る最もよいものを選びなさい。

彼の説明は（　　）していて、よくわからなかった。",適切,正確,曖昧,明確,C,正しい読みは「曖昧」。N3重要語彙「Q0431」は日常会話でもよく使われます。例文の文脈で覚えましょう。
Q0432,N3,vocabulary,context,"（　　）に入る最もよいものを選びなさい。

この問題は慎重に（　　）する必要がある。",貯金,運転,翻訳,検討,D,正しい読みは「検討」。N3重要語彙「Q0432」は日常会話でもよく使われます。例文の文脈で覚えましょう。
Q0433,N3,vocabulary,context,"（　　）に入る最もよいものを選びなさい。

彼は自分の意見をはっきり（　　）した。",投降,通勤,優勝,主張,D,正しい読みは「主張」。N3重要語彙「Q0433」は日常会話でもよく使われます。例文の文脈で覚えましょう。
Q0434,N3,vocabulary,context,"（　　）に入る最もよいものを選びなさい。

この商品の（　　）は来月から上がるそうです。",価格,気温,速度,体重,A,正しい読みは「価格」。N3重要語彙「Q0434」は日常会話でもよく使われます。例文の文脈で覚えましょう。
Q0435,N3,vocabulary,context,"（　　）に入る最もよいものを選びなさい。

事故の（　　）を警察が調べている。",原因,原理,原料,原稿,A,正しい読みは「原因」。N3重要語彙「Q0435」は日常会話でもよく使われます。例文の文脈で覚えましょう。
Q0436,N3,vocabulary,context,"（　　）に入る最もよいものを選びなさい。

締め切りに（　　）提出してください。",間に合うように,間に合うほどに,間に合わないように,間に合わせてから,A,正しい読みは「間に合うように」。N3重要語彙「Q0436」は日常会話でもよく使われます。例文の文脈で覚えましょう。
Q0437,N3,vocabulary,context,"（　　）に入る最もよいものを選びなさい。

彼女の話には（　　）がある。",家賃,湿度,体重,説得力,D,正しい読みは「説得力」。N3重要語彙「Q0437」は日常会話でもよく使われます。例文の文脈で覚えましょう。
Q0438,N3,vocabulary,context,"（　　）に入る最もよいものを選びなさい。

この機械の（　　）を読んでから使ってください。",領収書,保証人,履歴書,説明書,D,正しい読みは「説明書」。N3重要語彙「Q0438」は日常会話でもよく使われます。例文の文脈で覚えましょう。
Q0439,N3,vocabulary,context,"（　　）に入る最もよいものを選びなさい。

新しいプロジェクトに（　　）することになった。",参照,参考,参加,散歩,C,正しい読みは「参加」。N3重要語彙「Q0439」は日常会話でもよく使われます。例文の文脈で覚えましょう。
Q0440,N3,vocabulary,context,"（　　）に入る最もよいものを選びなさい。

彼は経験が（　　）ので、頼りになる。",貧弱,曖昧,微妙,豊か,D,正しい読みは「豊か」。N3重要語彙「Q0440」は日常会話でもよく使われます。例文の文脈で覚えましょう。
Q0441,N3,vocabulary,context,"（　　）に入る最もよいものを選びなさい。

このデータは（　　）ではないので、使えない。",親切,高価,正確,便利,C,正しい読みは「正確」。N3重要語彙「Q0441」は日常会話でもよく使われます。例文の文脈で覚えましょう。
Q0442,N3,vocabulary,context,"（　　）に入る最もよいものを選びなさい。

彼の態度は（　　）だった。",厚い,冷たい,熱い,薄い,B,正しい読みは「冷たい」。N3重要語彙「Q0442」は日常会話でもよく使われます。例文の文脈で覚えましょう。
Q0443,N3,vocabulary,context,"（　　）に入る最もよいものを選びなさい。

この問題を（　　）解決しなければならない。",突然の,徐々な,早急に,偶然に,C,正しい読みは「早急に」。N3重要語彙「Q0443」は日常会話でもよく使われます。例文の文脈で覚えましょう。
Q0444,N3,vocabulary,context,"（　　）に入る最もよいものを選びなさい。

彼は自分の失敗を（　　）た。",断り,忘れさせ,認め,褒め,C,正しい読みは「認め」。N3重要語彙「Q0444」は日常会話でもよく使われます。例文の文脈で覚えましょう。
Q0445,N3,vocabulary,context,"（　　）に入る最もよいものを選びなさい。

この法律は来年度から（　　）される。",実況,実施,実力,実習,B,正しい読みは「実施」。N3重要語彙「Q0445」は日常会話でもよく使われます。例文の文脈で覚えましょう。
Q0446,N3,vocabulary,context,"（　　）に入る最もよいものを選びなさい。

彼の話は（　　）に欠けている。",一貫性,運賃,体重,湿度,A,正しい読みは「一貫性」。N3重要語彙「Q0446」は日常会話でもよく使われます。例文の文脈で覚えましょう。
Q0447,N3,vocabulary,context,"（　　）に入る最もよいものを選びなさい。

この仕事は（　　）が必要だ。",運賃,気温,家賃,忍耐,D,正しい読みは「忍耐」。N3重要語彙「Q0447」は日常会話でもよく使われます。例文の文脈で覚えましょう。
Q0448,N3,vocabulary,context,"（　　）に入る最もよいものを選びなさい。

彼は会議で反対意見を（　　）た。",眠り,述べ,走り,食べ,B,正しい読みは「述べ」。N3重要語彙「Q0448」は日常会話でもよく使われます。例文の文脈で覚えましょう。
Q0449,N3,vocabulary,context,"（　　）に入る最もよいものを選びなさい。

この地域の（　　）は年々増えている。",人形,人性,人参,人口,D,正しい読みは「人口」。N3重要語彙「Q0449」は日常会話でもよく使われます。例文の文脈で覚えましょう。
Q0450,N3,vocabulary,context,"（　　）に入る最もよいものを選びなさい。

彼女は忙しい中を（　　）来てくれた。",わざわざ,ますます,たまたま,わざと,A,正しい読みは「わざわざ」。N3重要語彙「Q0450」は日常会話でもよく使われます。例文の文脈で覚えましょう。
Q0451,N3,vocabulary,context,"（　　）に入る最もよいものを選びなさい。

この文章は（　　）すぎて読みにくい。",具体的,消極的,抽象的,積極的,C,正しい読みは「抽象的」。N3重要語彙「Q0451」は日常会話でもよく使われます。例文の文脈で覚えましょう。
Q0452,N3,vocabulary,context,"（　　）に入る最もよいものを選びなさい。

彼は仕事の（　　）をうまく分けている。",体重,湿度,優先順位,運賃,C,正しい読みは「優先順位」。N3重要語彙「Q0452」は日常会話でもよく使われます。例文の文脈で覚えましょう。
Q0453,N3,vocabulary,context,"（　　）に入る最もよいものを選びなさい。

この計画には大きな（　　）がある。",欠点的,欠点,欠席,欠勤,B,正しい読みは「欠点」。N3重要語彙「Q0453」は日常会話でもよく使われます。例文の文脈で覚えましょう。
Q0454,N3,vocabulary,context,"（　　）に入る最もよいものを選びなさい。

彼は事実を（　　）に話した。",正解,正し,正直的,正直,D,正しい読みは「正直」。N3重要語彙「Q0454」は日常会話でもよく使われます。例文の文脈で覚えましょう。
Q0455,N3,vocabulary,paraphrase,"意味が近いものを選びなさい。

彼はとうとう諦めました。",彼は諦めませんでした。,彼はついに諦めました。,彼は初めから諦めました。,彼はすぐ最初に諦めました。,B,正しい読みは「彼はついに諦めました。」。N3重要語彙「Q0455」は日常会話でもよく使われます。例文の文脈で覚えましょう。
Q0456,N3,vocabulary,paraphrase,"意味が近いものを選びなさい。

この問題はかなり難しい。",この問題はない。,この問題は相当難しい。,この問題は少し難しい。,この問題は簡単だ。,B,正しい読みは「この問題は相当難しい。」。N3重要語彙「Q0456」は日常会話でもよく使われます。例文の文脈で覚えましょう。
Q0457,N3,vocabulary,paraphrase,"意味が近いものを選びなさい。

彼は仕事を引き受けた。",彼はその仕事を忘れた。,彼はその仕事を他人に任せた。,彼はその仕事を断った。,彼はその仕事をすることにした。,D,正しい読みは「彼はその仕事をすることにした。」。N3重要語彙「Q0457」は日常会話でもよく使われます。例文の文脈で覚えましょう。
Q0458,N3,vocabulary,paraphrase,"意味が近いものを選びなさい。

彼女は彼の意見に反対した。",彼女は彼の意見に賛成しなかった。,彼女は彼と同じだ。,彼女は彼の意見に賛成した。,彼女は意見を言わなかった。,A,正しい読みは「彼女は彼の意見に賛成しなかった。」。N3重要語彙「Q0458」は日常会話でもよく使われます。例文の文脈で覚えましょう。
Q0459,N3,vocabulary,paraphrase,"意味が近いものを選びなさい。

この計画は中止になった。",この計画は成功した。,この計画はやめられることになった。,この計画は始まった。,この計画は実行中だ。,B,正しい読みは「この計画はやめられることになった。」。N3重要語彙「Q0459」は日常会話でもよく使われます。例文の文脈で覚えましょう。
Q0460,N3,vocabulary,paraphrase,"意味が近いものを選びなさい。

彼はすぐに返事をした。",彼は返事をしなかった。,彼は後で返事をした。,彼はゆっくり考えた。,彼は即座に返事をした。,D,正しい読みは「彼は即座に返事をした。」。N3重要語彙「Q0460」は日常会話でもよく使われます。例文の文脈で覚えましょう。
Q0461,N3,vocabulary,paraphrase,"意味が近いものを選びなさい。

この本は役に立つ。",この本は無駄だ。,この本は古い。,この本は有益だ。,この本は高い。,C,正しい読みは「この本は有益だ。」。N3重要語彙「Q0461」は日常会話でもよく使われます。例文の文脈で覚えましょう。
Q0462,N3,vocabulary,paraphrase,"意味が近いものを選びなさい。

彼は事実を隠した。",彼は事実を調べた。,彼は事実を言わなかった。,彼は事実を公表した。,彼は事実を忘れた。,B,正しい読みは「彼は事実を言わなかった。」。N3重要語彙「Q0462」は日常会話でもよく使われます。例文の文脈で覚えましょう。
Q0463,N3,vocabulary,paraphrase,"意味が近いものを選びなさい。

彼女はとても驚いた。",彼女は少し喜んだ。,彼女は怒った。,彼女は困らなかった。,彼女は大変びっくりした。,D,正しい読みは「彼女は大変びっくりした。」。N3重要語彙「Q0463」は日常会話でもよく使われます。例文の文脈で覚えましょう。
Q0464,N3,vocabulary,paraphrase,"意味が近いものを選びなさい。

この仕事は思ったより楽だった。",この仕事は長かった。,この仕事は予想より簡単だった。,この仕事はできなかった。,この仕事は予想より大変だった。,B,正しい読みは「この仕事は予想より簡単だった。」。N3重要語彙「Q0464」は日常会話でもよく使われます。例文の文脈で覚えましょう。
Q0465,N3,vocabulary,paraphrase,"意味が近いものを選びなさい。

彼は態度を改めた。",彼は態度を笑った。,彼は態度を変えてよくした。,彼は態度を隠した。,彼は態度を悪くした。,B,正しい読みは「彼は態度を変えてよくした。」。N3重要語彙「Q0465」は日常会話でもよく使われます。例文の文脈で覚えましょう。
Q0466,N3,vocabulary,paraphrase,"意味が近いものを選びなさい。

この件は後回しにしよう。",この件を今すぐ人に任せよう。,この件は後で扱おう。,この件を今すぐやろう。,この件を永久にやめよう。,B,正しい読みは「この件は後で扱おう。」。N3重要語彙「Q0466」は日常会話でもよく使われます。例文の文脈で覚えましょう。
Q0467,N3,vocabulary,paraphrase,"意味が近いものを選びなさい。

彼女は彼を信頼している。",彼女は彼を忘れている。,彼女は彼を信用している。,彼女は彼を疑っている。,彼女は彼を無視している。,B,正しい読みは「彼女は彼を信用している。」。N3重要語彙「Q0467」は日常会話でもよく使われます。例文の文脈で覚えましょう。
Q0468,N3,vocabulary,paraphrase,"意味が近いものを選びなさい。

このルールは守らなければならない。",このルールは無視してよい。,このルールはない。,このルールは従う必要がある。,このルールは古い。,C,正しい読みは「このルールは従う必要がある。」。N3重要語彙「Q0468」は日常会話でもよく使われます。例文の文脈で覚えましょう。
Q0469,N3,vocabulary,paraphrase,"意味が近いものを選びなさい。

彼はついに成功した。",彼は最初から成功していた。,彼は成功しそうもない。,彼は失敗した。,彼はとうとう成功した。,D,正しい読みは「彼はとうとう成功した。」。N3重要語彙「Q0469」は日常会話でもよく使われます。例文の文脈で覚えましょう。
Q0470,N3,vocabulary,usage,"言葉の使い方として最もよいものを選びなさい。

【解決】",駅までの道を解決した。,この機械の使い方を解決してください。,彼は難しい漢字を解決した。,長い話し合いの末、問題はようやく解決した。,D,正しい読みは「長い話し合いの末、問題はようやく解決した。」。N3重要語彙「Q0470」は日常会話でもよく使われます。例文の文脈で覚えましょう。
Q0471,N3,vocabulary,usage,"言葉の使い方として最もよいものを選びなさい。

【貢献】",この料理は貢献だ。,電車が貢献して遅れた。,彼は宿題に貢献した。,彼は地域の発展に貢献した。,D,正しい読みは「彼は地域の発展に貢献した。」。N3重要語彙「Q0471」は日常会話でもよく使われます。例文の文脈で覚えましょう。
Q0472,N3,vocabulary,usage,"言葉の使い方として最もよいものを選びなさい。

【強調】",彼は強調に歩いた。,声を強調して歌った。,彼は安全性を強調して説明した。,この橋は強調だ。,C,正しい読みは「彼は安全性を強調して説明した。」。N3重要語彙「Q0472」は日常会話でもよく使われます。例文の文脈で覚えましょう。
Q0473,N3,vocabulary,usage,"言葉の使い方として最もよいものを選びなさい。

【節約】",彼は節約に怒った。,時間を節約して長く寝た。,電気代を節約している。,この問題は節約だ。,C,正しい読みは「電気代を節約している。」。N3重要語彙「Q0473」は日常会話でもよく使われます。例文の文脈で覚えましょう。
Q0474,N3,vocabulary,usage,"言葉の使い方として最もよいものを選びなさい。

【指摘】",指で指摘して扉を開けた。,先生は私の間違いを指摘した。,彼は指摘に走った。,この道は指摘だ。,B,正しい読みは「先生は私の間違いを指摘した。」。N3重要語彙「Q0474」は日常会話でもよく使われます。例文の文脈で覚えましょう。
Q0475,N3,vocabulary,usage,"言葉の使い方として最もよいものを選びなさい。

【達成】",目標を達成した。,駅に達成した。,彼は達成な人だ。,宿題を達成して食べた。,A,正しい読みは「目標を達成した。」。N3重要語彙「Q0475」は日常会話でもよく使われます。例文の文脈で覚えましょう。
Q0476,N3,vocabulary,usage,"言葉の使い方として最もよいものを選びなさい。

【無視】",この味は無視だ。,無視な風が吹いた。,彼は警告を無視して進んだ。,彼はゴミを無視に捨てた。,C,正しい読みは「彼は警告を無視して進んだ。」。N3重要語彙「Q0476」は日常会話でもよく使われます。例文の文脈で覚えましょう。
Q0477,N3,vocabulary,usage,"言葉の使い方として最もよいものを選びなさい。

【改善】",改善な天気だ。,彼は改善に泳いだ。,病気が改善して熱が出た。,サービスを改善する必要がある。,D,正しい読みは「サービスを改善する必要がある。」。N3重要語彙「Q0477」は日常会話でもよく使われます。例文の文脈で覚えましょう。
Q0478,N3,vocabulary,usage,"言葉の使い方として最もよいものを選びなさい。

【維持】",彼は維持に笑った。,健康を維持するために運動している。,荷物を維持して運んだ。,維持な音がした。,B,正しい読みは「健康を維持するために運動している。」。N3重要語彙「Q0478」は日常会話でもよく使われます。例文の文脈で覚えましょう。
Q0479,N3,vocabulary,usage,"言葉の使い方として最もよいものを選びなさい。

【選択】",二つの案から一つを選択した。,彼は選択に走った。,この味は選択だ。,選択な風が吹いた。,A,正しい読みは「二つの案から一つを選択した。」。N3重要語彙「Q0479」は日常会話でもよく使われます。例文の文脈で覚えましょう。
Q0480,N3,vocabulary,usage,"言葉の使い方として最もよいものを選びなさい。

【確認】",出発時間を確認してください。,彼は確認に泳いだ。,この橋は確認だ。,確認な空だ。,A,正しい読みは「出発時間を確認してください。」。N3重要語彙「Q0480」は日常会話でもよく使われます。例文の文脈で覚えましょう。
Q0481,N3,vocabulary,usage,"言葉の使い方として最もよいものを選びなさい。

【提案】",彼は提案に怒った。,提案な雨が降った。,新しい方法を提案した。,この机は提案だ。,C,正しい読みは「新しい方法を提案した。」。N3重要語彙「Q0481」は日常会話でもよく使われます。例文の文脈で覚えましょう。
Q0482,N3,vocabulary,usage,"言葉の使い方として最もよいものを選びなさい。

【防止】",彼は防止に歩いた。,防止な料理だ。,この本は防止だ。,事故を防止するための対策だ。,D,正しい読みは「事故を防止するための対策だ。」。N3重要語彙「Q0482」は日常会話でもよく使われます。例文の文脈で覚えましょう。
Q0483,N3,vocabulary,usage,"言葉の使い方として最もよいものを選びなさい。

【評価】",彼は評価に寝た。,評価な天気だ。,この山は評価だ。,彼の仕事は高く評価された。,D,正しい読みは「彼の仕事は高く評価された。」。N3重要語彙「Q0483」は日常会話でもよく使われます。例文の文脈で覚えましょう。
Q0484,N3,vocabulary,usage,"言葉の使い方として最もよいものを選びなさい。

【影響】",この机は影響だ。,彼は影響に走った。,このニュースは経済に影響を与えた。,影響な声だ。,C,正しい読みは「このニュースは経済に影響を与えた。」。N3重要語彙「Q0484」は日常会話でもよく使われます。例文の文脈で覚えましょう。
Q0485,N3,grammar,form,"（　　）に入る最もよいものを選びなさい。

雨がやまない（　　）、試合は中止です。",最中に,たびに,うちに,限り,D,正しい読みは「限り」。N3重要語彙「Q0485」は日常会話でもよく使われます。例文の文脈で覚えましょう。
Q0486,N3,grammar,form,"（　　）に入る最もよいものを選びなさい。

若いうちに、いろいろなことを（　　）ほうがいい。",経験した,経験して,経験しない,経験する,A,正しい読みは「経験した」。N3重要語彙「Q0486」は日常会話でもよく使われます。例文の文脈で覚えましょう。
Q0487,N3,grammar,form,"（　　）に入る最もよいものを選びなさい。

日本に来て（　　）、毎日日記を書いている。",以来に,以来と,以来,以来で,C,正しい読みは「以来」。N3重要語彙「Q0487」は日常会話でもよく使われます。例文の文脈で覚えましょう。
Q0488,N3,grammar,form,"（　　）に入る最もよいものを選びなさい。

彼は来る（　　）、いつもお土産を持ってくる。",最中に,たびに,うちに,とおりに,B,正しい読みは「たびに」。N3重要語彙「Q0488」は日常会話でもよく使われます。例文の文脈で覚えましょう。
Q0489,N3,grammar,form,"（　　）に入る最もよいものを選びなさい。

知らない（　　）に、話が進んでいた。",最中,とおり,うち,たび,C,正しい読みは「うち」。N3重要語彙「Q0489」は日常会話でもよく使われます。例文の文脈で覚えましょう。
Q0490,N3,grammar,form,"（　　）に入る最もよいものを選びなさい。

このボタンを押せ（　　）、ドアが開きます。",ば,のに,ても,たらばに,A,正しい読みは「ば」。N3重要語彙「Q0490」は日常会話でもよく使われます。例文の文脈で覚えましょう。
Q0491,N3,grammar,form,"（　　）に入る最もよいものを選びなさい。

急いだ（　　）、電車に間に合わなかった。",おかげで,ためにのみ,にもかかわらず,せいでだけ,C,正しい読みは「にもかかわらず」。N3重要語彙「Q0491」は日常会話でもよく使われます。例文の文脈で覚えましょう。
Q0492,N3,grammar,form,"（　　）に入る最もよいものを選びなさい。

彼の（　　）で、プロジェクトは成功した。",おかげさまな,せいかだけ,せい,おかげ,D,正しい読みは「おかげ」。N3重要語彙「Q0492」は日常会話でもよく使われます。例文の文脈で覚えましょう。
Q0493,N3,grammar,form,"（　　）に入る最もよいものを選びなさい。

寝不足の（　　）で、頭が痛い。",せい,ためだけに,おかげ,せいでな,A,正しい読みは「せい」。N3重要語彙「Q0493」は日常会話でもよく使われます。例文の文脈で覚えましょう。
Q0494,N3,grammar,form,"（　　）に入る最もよいものを選びなさい。

子ども（　　）にしては、よく考えている。",に,を,が,の,D,正しい読みは「の」。N3重要語彙「Q0494」は日常会話でもよく使われます。例文の文脈で覚えましょう。
Q0495,N3,grammar,form,"（　　）に入る最もよいものを選びなさい。

値段のわりに、（　　）。",少ない人数だ,買えない,高い,質がいい,D,正しい読みは「質がいい」。N3重要語彙「Q0495」は日常会話でもよく使われます。例文の文脈で覚えましょう。
Q0496,N3,grammar,form,"（　　）に入る最もよいものを選びなさい。

彼は学生の（　　）、よく働いている。",とおりに,うちに,くせに,たびに,C,正しい読みは「くせに」。N3重要語彙「Q0496」は日常会話でもよく使われます。例文の文脈で覚えましょう。
Q0497,N3,grammar,form,"（　　）に入る最もよいものを選びなさい。

言われた（　　）にやってください。",たびに,とおり,せい,うち,B,正しい読みは「とおり」。N3重要語彙「Q0497」は日常会話でもよく使われます。例文の文脈で覚えましょう。
Q0498,N3,grammar,form,"（　　）に入る最もよいものを選びなさい。

駅へ行く（　　）に、この手紙を出してくれませんか。",最中,ついで,たびに,うち,B,正しい読みは「ついで」。N3重要語彙「Q0498」は日常会話でもよく使われます。例文の文脈で覚えましょう。
Q0499,N3,grammar,form,"（　　）に入る最もよいものを選びなさい。

電話している（　　）に、誰かが来た。",とおり,たび,最中,せい,C,正しい読みは「最中」。N3重要語彙「Q0499」は日常会話でもよく使われます。例文の文脈で覚えましょう。
Q0500,N3,grammar,form,"（　　）に入る最もよいものを選びなさい。

この仕事は今日中に終わらせる（　　）になっている。",わけだけ,もの,はずだけ,こと,D,正しい読みは「こと」。N3重要語彙「Q0500」は日常会話でもよく使われます。例文の文脈で覚えましょう。
Q0501,N3,grammar,form,"（　　）に入る最もよいものを選びなさい。

健康のために、甘いものを控える（　　）にした。",はず,わけ,もの,こと,D,正しい読みは「こと」。N3重要語彙「Q0501」は日常会話でもよく使われます。例文の文脈で覚えましょう。
Q0502,N3,grammar,form,"（　　）に入る最もよいものを選びなさい。

彼が遅れる（　　）がない。いつも早い。",こと,はずだけ,もの,わけ,D,正しい読みは「わけ」。N3重要語彙「Q0502」は日常会話でもよく使われます。例文の文脈で覚えましょう。
Q0503,N3,grammar,form,"（　　）に入る最もよいものを選びなさい。

行きたくない（　　）ではないが、今日は無理だ。",わけ,こと,はず,もの,A,正しい読みは「わけ」。N3重要語彙「Q0503」は日常会話でもよく使われます。例文の文脈で覚えましょう。
Q0504,N3,grammar,form,"（　　）に入る最もよいものを選びなさい。

この問題は難しくて、私には（　　）。",解くな,解けない,解いただけだ,解けるはずだ,B,正しい読みは「解けない」。N3重要語彙「Q0504」は日常会話でもよく使われます。例文の文脈で覚えましょう。
Q0505,N3,grammar,form,"（　　）に入る最もよいものを選びなさい。

彼は来月帰国する（　　）だ。",予定,予習,予定な,予約,A,正しい読みは「予定」。N3重要語彙「Q0505」は日常会話でもよく使われます。例文の文脈で覚えましょう。
Q0506,N3,grammar,form,"（　　）に入る最もよいものを選びなさい。

窓を開け（　　）まま、出かけてしまった。",る,て,た,ないでな,C,正しい読みは「た」。N3重要語彙「Q0506」は日常会話でもよく使われます。例文の文脈で覚えましょう。
Q0507,N3,grammar,form,"（　　）に入る最もよいものを選びなさい。

この本は読め（　　）読むほど面白い。",のに,ても,たら,ば,D,正しい読みは「ば」。N3重要語彙「Q0507」は日常会話でもよく使われます。例文の文脈で覚えましょう。
Q0508,N3,grammar,form,"（　　）に入る最もよいものを選びなさい。

彼は忙しい（　　）で、返事が遅い。",こと,わけ,もの,はず,C,正しい読みは「もの」。N3重要語彙「Q0508」は日常会話でもよく使われます。例文の文脈で覚えましょう。
Q0509,N3,grammar,form,"（　　）に入る最もよいものを選びなさい。

この仕事、一人では（　　）そうもない。",する,でき,なる,ある,B,正しい読みは「でき」。N3重要語彙「Q0509」は日常会話でもよく使われます。例文の文脈で覚えましょう。
Q0510,N3,grammar,form,"（　　）に入る最もよいものを選びなさい。

彼は何も（　　）に帰ってしまった。",言わない,言わず,言わなかった,言わなくて,B,正しい読みは「言わず」。N3重要語彙「Q0510」は日常会話でもよく使われます。例文の文脈で覚えましょう。
Q0511,N3,grammar,form,"（　　）に入る最もよいものを選びなさい。

この問題については、後で（　　）ことにする。",話す,話し,話して,話した,A,正しい読みは「話す」。N3重要語彙「Q0511」は日常会話でもよく使われます。例文の文脈で覚えましょう。
Q0512,N3,grammar,form,"（　　）に入る最もよいものを選びなさい。

彼女は歌手（　　）、俳優でもある。",だと,だったら,であり,でして,C,正しい読みは「であり」。N3重要語彙「Q0512」は日常会話でもよく使われます。例文の文脈で覚えましょう。
Q0513,N3,grammar,form,"（　　）に入る最もよいものを選びなさい。

電車が遅れた（　　）、会議に間に合わなかった。",たびに,ついでに,ために,ように,C,正しい読みは「ために」。N3重要語彙「Q0513」は日常会話でもよく使われます。例文の文脈で覚えましょう。
Q0514,N3,grammar,form,"（　　）に入る最もよいものを選びなさい。

忘れない（　　）に、メモしておこう。",よう,はず,わけ,そう,A,正しい読みは「よう」。N3重要語彙「Q0514」は日常会話でもよく使われます。例文の文脈で覚えましょう。
Q0515,N3,grammar,form,"（　　）に入る最もよいものを選びなさい。

彼は来ない（　　）だ。約束していない。",たい,そう,はず,がる,C,正しい読みは「はず」。N3重要語彙「Q0515」は日常会話でもよく使われます。例文の文脈で覚えましょう。
Q0516,N3,grammar,form,"（　　）に入る最もよいものを選びなさい。

この機械の使い方は、説明書を見れば（　　）。",わかる,わかりようがない、必ず,わかったことにする,わからない,A,正しい読みは「わかる」。N3重要語彙「Q0516」は日常会話でもよく使われます。例文の文脈で覚えましょう。
Q0517,N3,grammar,form,"（　　）に入る最もよいものを選びなさい。

もっと早く（　　）よかった。",来れば,来るのに,来たらばに,来ても,A,正しい読みは「来れば」。N3重要語彙「Q0517」は日常会話でもよく使われます。例文の文脈で覚えましょう。
Q0518,N3,grammar,form,"（　　）に入る最もよいものを選びなさい。

彼に連絡（　　）、返事がない。",しても,したらだけ,すれば,するのに,A,正しい読みは「しても」。N3重要語彙「Q0518」は日常会話でもよく使われます。例文の文脈で覚えましょう。
Q0519,N3,grammar,form,"（　　）に入る最もよいものを選びなさい。

この店は、安ければ（　　）ほど客が増える。",安さ,安く,安い,安くて,C,正しい読みは「安い」。N3重要語彙「Q0519」は日常会話でもよく使われます。例文の文脈で覚えましょう。
Q0520,N3,grammar,form,"（　　）に入る最もよいものを選びなさい。

彼女は子どもを（　　）おいて、買い物に行った。",寝,寝て,寝させてあって寝,寝かせて,D,正しい読みは「寝かせて」。N3重要語彙「Q0520」は日常会話でもよく使われます。例文の文脈で覚えましょう。
Q0521,N3,grammar,form,"（　　）に入る最もよいものを選びなさい。

この映画は、一度（　　）見る価値がある。",を,は,に,が,B,正しい読みは「は」。N3重要語彙「Q0521」は日常会話でもよく使われます。例文の文脈で覚えましょう。
Q0522,N3,grammar,form,"（　　）に入る最もよいものを選びなさい。

彼は忙しいと言っているが、本当は行きたくない（　　）だ。",ほど,だけ,より,まで,B,正しい読みは「だけ」。N3重要語彙「Q0522」は日常会話でもよく使われます。例文の文脈で覚えましょう。
Q0523,N3,grammar,form,"（　　）に入る最もよいものを選びなさい。

こんなに込んでいる（　　）、予約したほうがよかった。",なら,のでだけ,のに,ても,A,正しい読みは「なら」。N3重要語彙「Q0523」は日常会話でもよく使われます。例文の文脈で覚えましょう。
Q0524,N3,grammar,order,"正しい文になるように並べ替えたとき、★に入るものを選びなさい。

彼は （　） ★ （　） （　） してくれる。

部品：1.来る　2.たびに　3.新しい　4.話を",来る,新しい,たびに,話を,C,正しい読みは「たびに」。N3重要語彙「Q0524」は日常会話でもよく使われます。例文の文脈で覚えましょう。
Q0525,N3,grammar,order,"正しい文になるように並べ替えたとき、★に入るものを選びなさい。

雨が （　） ★ （　） （　） ほうがいい。

部品：1.降らない　2.うちに　3.家へ　4.帰った",家へ,帰った,降らない,うちに,D,正しい読みは「うちに」。N3重要語彙「Q0525」は日常会話でもよく使われます。例文の文脈で覚えましょう。
Q0526,N3,grammar,order,"正しい文になるように並べ替えたとき、★に入るものを選びなさい。

この仕事は （　） （　） ★ （　） いる。

部品：1.今日中に　2.終わらせる　3.ことに　4.なって",終わらせる,ことに,今日中に,なって,B,正しい読みは「ことに」。N3重要語彙「Q0526」は日常会話でもよく使われます。例文の文脈で覚えましょう。
Q0527,N3,grammar,order,"正しい文になるように並べ替えたとき、★に入るものを選びなさい。

彼の （　） （　） ★ （　） 生まれた。

部品：1.説明が　2.わかりにくい　3.せいで　4.誤解が",誤解が,説明が,せいで,わかりにくい,C,正しい読みは「せいで」。N3重要語彙「Q0527」は日常会話でもよく使われます。例文の文脈で覚えましょう。
Q0528,N3,grammar,order,"正しい文になるように並べ替えたとき、★に入るものを選びなさい。

日本に （　） ★ （　） （　） 書いている。

部品：1.来て　2.以来　3.毎日　4.日記を",日記を,来て,以来,毎日,C,正しい読みは「以来」。N3重要語彙「Q0528」は日常会話でもよく使われます。例文の文脈で覚えましょう。
Q0529,N3,grammar,order,"正しい文になるように並べ替えたとき、★に入るものを選びなさい。

言われた ★ （　） （　） （　） 失敗した。

部品：1.とおりに　2.やら　3.なかった　4.ばかりに",やら,とおりに,ばかりに,なかった,B,正しい読みは「とおりに」。N3重要語彙「Q0529」は日常会話でもよく使われます。例文の文脈で覚えましょう。
Q0530,N3,grammar,order,"正しい文になるように並べ替えたとき、★に入るものを選びなさい。

子ども ★ （　） （　） （　） 思う。

部品：1.にしては　2.よく　3.考えている　4.と",と,よく,考えている,にしては,D,正しい読みは「にしては」。N3重要語彙「Q0530」は日常会話でもよく使われます。例文の文脈で覚えましょう。
Q0531,N3,grammar,order,"正しい文になるように並べ替えたとき、★に入るものを選びなさい。

彼女は （　） ★ （　） （　） 。

部品：1.忙しい　2.にもかかわらず　3.手伝って　4.くれた",手伝って,にもかかわらず,くれた,忙しい,B,正しい読みは「にもかかわらず」。N3重要語彙「Q0531」は日常会話でもよく使われます。例文の文脈で覚えましょう。
Q0532,N3,grammar,order,"正しい文になるように並べ替えたとき、★に入るものを選びなさい。

忘れない ★ （　） （　） （　） 。

部品：1.ように　2.名前を　3.メモして　4.おこう",おこう,ように,メモして,名前を,B,正しい読みは「ように」。N3重要語彙「Q0532」は日常会話でもよく使われます。例文の文脈で覚えましょう。
Q0533,N3,grammar,order,"正しい文になるように並べ替えたとき、★に入るものを選びなさい。

この本は （　） （　） ★ （　） 。

部品：1.読めば　2.読む　3.ほど　4.面白い",読む,ほど,面白い,読めば,B,正しい読みは「ほど」。N3重要語彙「Q0533」は日常会話でもよく使われます。例文の文脈で覚えましょう。
Q0534,N3,grammar,cloze,"次の文章の（　　）に入る最もよいものを選びなさい。

彼は経験が浅い。（　　）、今回の仕事はうまくいった。",それでは,それで,それでも,それに,C,正しい読みは「それでも」。N3重要語彙「Q0534」は日常会話でもよく使われます。例文の文脈で覚えましょう。
Q0535,N3,grammar,cloze,"次の文章の（　　）に入る最もよいものを選びなさい。

説明をよく聞いた。（　　）理解できなかった。",それに,そして,それで,しかし,D,正しい読みは「しかし」。N3重要語彙「Q0535」は日常会話でもよく使われます。例文の文脈で覚えましょう。
Q0536,N3,grammar,cloze,"次の文章の（　　）に入る最もよいものを選びなさい。

この店は安い。（　　）味も悪くない。",それでは,ところが,そのうえ,それでも,C,正しい読みは「そのうえ」。N3重要語彙「Q0536」は日常会話でもよく使われます。例文の文脈で覚えましょう。
Q0537,N3,grammar,cloze,"次の文章の（　　）に入る最もよいものを選びなさい。

電車が遅れた。（　　）会議に遅れた。",それに,ところが,そのため,それでも,C,正しい読みは「そのため」。N3重要語彙「Q0537」は日常会話でもよく使われます。例文の文脈で覚えましょう。
Q0538,N3,grammar,cloze,"次の文章の（　　）に入る最もよいものを選びなさい。

彼は約束した。（　　）来なかった。",それに,そして,それで,ところが,D,正しい読みは「ところが」。N3重要語彙「Q0538」は日常会話でもよく使われます。例文の文脈で覚えましょう。
Q0539,N3,grammar,cloze,"次の文章の（　　）に入る最もよいものを選びなさい。

まずは問題を整理しよう。（　　）対策を考えよう。",それでも,ところが,それから,それにしても,C,正しい読みは「それから」。N3重要語彙「Q0539」は日常会話でもよく使われます。例文の文脈で覚えましょう。
Q0540,N3,grammar,cloze,"次の文章の（　　）に入る最もよいものを選びなさい。

天気はよかった。（　　）風が強かった。",それでは,それに,ただし,それで,C,正しい読みは「ただし」。N3重要語彙「Q0540」は日常会話でもよく使われます。例文の文脈で覚えましょう。
Q0541,N3,grammar,cloze,"次の文章の（　　）に入る最もよいものを選びなさい。

彼は努力した。（　　）結果は出なかった。",だが,そして,それで,それに,A,正しい読みは「だが」。N3重要語彙「Q0541」は日常会話でもよく使われます。例文の文脈で覚えましょう。
Q0542,N3,reading,short,"【読解】
最近、私の町では自転車のマナーが問題になっている。歩道を速く走ったり、夜にライトをつけなかったりする人がいる。市は来月から、違反した人に注意するキャンペーンを始めるそうだ。私は罰則よりも、学校で教えるほうが効果があると思う。

【質問】筆者の考えに最も近いものはどれですか。",キャンペーンは無意味だ,学校でマナーを教えるほうがよい,罰則を厳しくすべきだ,自転車は禁止すべきだ,B,正しい読みは「学校でマナーを教えるほうがよい」。N3重要語彙「Q0542」は日常会話でもよく使われます。例文の文脈で覚えましょう。
Q0543,N3,reading,short,"【読解】
田中様
先日はお忙しい中、面接のお時間をいただきありがとうございました。ぜひ御社で働かせていただきたく、ご連絡いたしました。結果は来週中にご連絡くださるとのことでしたので、お待ちしております。
山田

【質問】このメールの主な目的は何ですか。",面接のお礼と就職の意思を伝える,仕事を断る,面接の日程を決める,結果を今すぐ知らせてほしい,A,正しい読みは「面接のお礼と就職の意思を伝える」。N3重要語彙「Q0543」は日常会話でもよく使われます。例文の文脈で覚えましょう。
Q0544,N3,reading,short,"【読解】
このアプリは、毎日短い日本語の記事が届く。読めなかった単語はタップすると意味が出る。ただし、意味は英語だけなので、英語が苦手な人には向かないかもしれない。私は英語が読めるので、通勤時間に使っている。

【質問】このアプリの欠点は何ですか。",記事が長すぎる,単語がタップできない,通勤中に使えない,単語の意味が英語だけ,D,正しい読みは「単語の意味が英語だけ」。N3重要語彙「Q0544」は日常会話でもよく使われます。例文の文脈で覚えましょう。
Q0545,N3,reading,short,"【読解】
店長から：来月から営業時間が変わります。平日は午後8時まで、土日は午後9時までです。ただし祝日は午後7時までです。初日は準備のため、午前中は休業します。

【質問】祝日の営業について正しいものはどれですか。",午後7時まで,午後8時まで,午前中も開く,午後9時まで,A,正しい読みは「午後7時まで」。N3重要語彙「Q0545」は日常会話でもよく使われます。例文の文脈で覚えましょう。
Q0546,N3,reading,short,"【読解】
彼は有名な料理人になりたかったが、最初の店では皿洗いまばかりだった。やめようと思った夜、店長が「基礎ができないと、いつまでも一人前になれない」と言った。今の彼は、その言葉の意味がよくわかるという。

【質問】店長の言葉の意味に最も近いものはどれですか。",有名になるな,皿洗いは一生続く,基本を身につけないと上達しない,今すぐやめろ,C,正しい読みは「基本を身につけないと上達しない」。N3重要語彙「Q0546」は日常会話でもよく使われます。例文の文脈で覚えましょう。
Q0547,N3,reading,mid,"【読解】
私は三年前に日本へ来た。最初の一年は語学学校に通い、その後専門学校でデザインを学んだ。卒業後、小さな会社に就職したが、仕事の日本語が想像以上に難しかった。特に、会議で自分の意見を短くまとめることができなかった。今は毎週、会社の先輩にプレゼンの練習を見てもらっている。まだ自信はないが、先月は初めて自分の案が採用された。あのときのうれしさは、今も忘れられない。

【質問】筆者が今も続けていることは何ですか。",先輩にプレゼンの練習を見てもらう,専門学校で学ぶ,就職活動をする,語学学校に通う,A,正しい読みは「先輩にプレゼンの練習を見てもらう」。N3重要語彙「Q0547」は日常会話でもよく使われます。例文の文脈で覚えましょう。
Q0548,N3,reading,mid,"【読解】
私は三年前に日本へ来た。最初の一年は語学学校に通い、その後専門学校でデザインを学んだ。卒業後、小さな会社に就職したが、仕事の日本語が想像以上に難しかった。特に、会議で自分の意見を短くまとめることができなかった。今は毎週、会社の先輩にプレゼンの練習を見てもらっている。まだ自信はないが、先月は初めて自分の案が採用された。あのときのうれしさは、今も忘れられない。

【質問】筆者が一番うれしかったことは何ですか。",自分の案が採用されたこと,語学学校を卒業したこと,日本へ来たこと,会議で長く話せたこと,A,正しい読みは「自分の案が採用されたこと」。N3重要語彙「Q0548」は日常会話でもよく使われます。例文の文脈で覚えましょう。
Q0549,N3,reading,mid,"【読解】
私は三年前に日本へ来た。最初の一年は語学学校に通い、その後専門学校でデザインを学んだ。卒業後、小さな会社に就職したが、仕事の日本語が想像以上に難しかった。特に、会議で自分の意見を短くまとめることができなかった。今は毎週、会社の先輩にプレゼンの練習を見てもらっている。まだ自信はないが、先月は初めて自分の案が採用された。あのときのうれしさは、今も忘れられない。

【質問】就職してすぐ困ったことは何ですか。",会議で意見を短くまとめられなかった,デザインが下手だった,日本語を全く知らなかった,先輩がいなかった,A,正しい読みは「会議で意見を短くまとめられなかった」。N3重要語彙「Q0549」は日常会話でもよく使われます。例文の文脈で覚えましょう。
Q0550,N3,reading,info,"【情報検索】
【市民文化センター講座】
A 写真入門　土曜 13:00-15:00　定員15　材料費2,000円
B 会話日本語　火曜 19:00-20:30　定員20　教材費1,000円
C 料理（和食）　日曜 10:00-12:00　定員10　材料費3,000円　※アレルギーの方は事前連絡
申込：ウェブのみ　締切：開始一週間前　キャンセル：3日前まで無料

【質問】夜しか暇がない人に向いている講座はどれですか。",全部,A 写真入門,B 会話日本語,C 料理,C,正しい読みは「B 会話日本語」。N3重要語彙「Q0550」は日常会話でもよく使われます。例文の文脈で覚えましょう。
Q0551,N3,reading,info,"【情報検索】
【市民文化センター講座】
A 写真入門　土曜 13:00-15:00　定員15　材料費2,000円
B 会話日本語　火曜 19:00-20:30　定員20　教材費1,000円
C 料理（和食）　日曜 10:00-12:00　定員10　材料費3,000円　※アレルギーの方は事前連絡
申込：ウェブのみ　締切：開始一週間前　キャンセル：3日前まで無料

【質問】卵アレルギーの人が料理講座に申し込むとき、どうしますか。",写真講座に変える,事前に連絡する,材料費を払わない,申し込めない,B,正しい読みは「事前に連絡する」。N3重要語彙「Q0551」は日常会話でもよく使われます。例文の文脈で覚えましょう。
Q0552,N3,reading,info,"【情報検索】
【市民文化センター講座】
A 写真入門　土曜 13:00-15:00　定員15　材料費2,000円
B 会話日本語　火曜 19:00-20:30　定員20　教材費1,000円
C 料理（和食）　日曜 10:00-12:00　定員10　材料費3,000円　※アレルギーの方は事前連絡
申込：ウェブのみ　締切：開始一週間前　キャンセル：3日前まで無料

【質問】キャンセル料がかからないのはいつまでですか。",3日前まで,一週間前まで,申込後すぐは不可,当日,A,正しい読みは「3日前まで」。N3重要語彙「Q0552」は日常会話でもよく使われます。例文の文脈で覚えましょう。
Q0553,N3,listening,task,"【聴解】スクリプトを読んで答えなさい。

男：資料、もう送った？
女：まだ。グラフを直してからにしようと思って。
男：部長が急いでるって。とりあえず今のまま送って、後で訂正すれば？
女：わかった。今送る。

【質問】女の人はこれから何をしますか。",グラフを直してから送る,部長に電話する,今の資料を送る,送らない,C,正しい読みは「今の資料を送る」。N3重要語彙「Q0553」は日常会話でもよく使われます。例文の文脈で覚えましょう。
Q0554,N3,listening,task,"【聴解】スクリプトを読んで答えなさい。

女：次の快速、7分後だよ。
男：快速は止まらない駅なんだ。
女：じゃあ各駅停車。12分後。
男：間に合うなら快速の方がいいんだけどな。各駅で行くよ。

【質問】男の人はどの電車に乗りますか。",次の次の快速,各駅停車,タクシー,快速,B,正しい読みは「各駅停車」。N3重要語彙「Q0554」は日常会話でもよく使われます。例文の文脈で覚えましょう。
Q0555,N3,listening,task,"【聴解】スクリプトを読んで答えなさい。

男：社食、今日は込んでるね。
女：外のそば屋は？
男：火曜日定休だよ。
女：じゃあコンビニで買って、公園で食べない？
男：それにしよう。

【質問】二人はどこで昼ごはんを食べますか。",会議室,社食,そば屋,公園,D,正しい読みは「公園」。N3重要語彙「Q0555」は日常会話でもよく使われます。例文の文脈で覚えましょう。
Q0556,N3,listening,task,"【聴解】スクリプトを読んで答えなさい。

男：締め切り金曜だよね。
女：先生が木曜までって言ってた。
男：え、変わったの？
女：グループだけ木曜。個人は金曜のまま。私は個人だから金曜。

【質問】女の人はレポートをいつ出しますか。",金曜日,木曜日,来週,今日,A,正しい読みは「金曜日」。N3重要語彙「Q0556」は日常会話でもよく使われます。例文の文脈で覚えましょう。
Q0557,N3,listening,task,"【聴解】スクリプトを読んで答えなさい。

女：明日の発表、パソコンは会議室にあるから。
男：ケーブルは？
女：それだけ持ってきて。資料は私が印刷する。
男：了解。

【質問】男の人は何を持っていきますか。",パソコン,ケーブル,何も持っていかない,資料,B,正しい読みは「ケーブル」。N3重要語彙「Q0557」は日常会話でもよく使われます。例文の文脈で覚えましょう。
Q0558,N3,listening,point,"【聴解】スクリプトを読んで答えなさい。

男：この案、予算オーバーだよ。
女：人数を減らせばいけると思う。中身を変える必要はないよ。
男：本当に？
女：うん。規模を小さくすれば十分だと思う。

【質問】女の人が言いたいことは何ですか。",案の中身を全部変える,予算を増やすべきだ,この案はやめる,規模を小さくすれば予算内に収まる,D,正しい読みは「規模を小さくすれば予算内に収まる」。N3重要語彙「Q0558」は日常会話でもよく使われます。例文の文脈で覚えましょう。
Q0559,N3,listening,point,"【聴解】スクリプトを読んで答えなさい。

女：金曜の会議、延期したいって？
男：資料がまだ揃ってないんだ。無理にやると決まった話が二度手間になる。
女：来週なら？
男：火曜にしてほしい。

【質問】男の人が会議を延期したい理由は何ですか。",金曜は休みだから,資料が揃っていない,来週全部無理だから,二度手間が好きだから,B,正しい読みは「資料が揃っていない」。N3重要語彙「Q0559」は日常会話でもよく使われます。例文の文脈で覚えましょう。
Q0560,N3,listening,point,"【聴解】スクリプトを読んで答えなさい。

男：駅前のカフェ、行った？
女：コーヒーは普通。でも席が広くて、仕事はしやすい。
男：また行く？
女：仕事のときはね。友達と話すなら別の店かな。

【質問】女の人は新しい店についてどう思っていますか。",コーヒーが最高,仕事には向くが、おしゃべりには向かない,二度と行かない,友達と行くのに最適,B,正しい読みは「仕事には向くが、おしゃべりには向かない」。N3重要語彙「Q0560」は日常会話でもよく使われます。例文の文脈で覚えましょう。
Q0561,N3,listening,point,"【聴解】スクリプトを読んで答えなさい。

女：駅近に引っ越すんだって？家賃上がるんでしょ。
男：通勤が片道90分で限界なんだ。お金より時間がほしくて。
女：わかる。

【質問】男の人が引っ越しを決めた一番の理由は何ですか。",友達が近いから,通勤時間を短くしたい,家賃を下げたい,駅が好きだから,B,正しい読みは「通勤時間を短くしたい」。N3重要語彙「Q0561」は日常会話でもよく使われます。例文の文脈で覚えましょう。
Q0562,N3,listening,gist,"【聴解】スクリプトを読んで答えなさい。

男：最近、在宅が増えて、逆に会社にいる時間が貴重になった。会って話すと早い案件もある。全部リモートがいいとは限らないと思う。

【質問】男の人は何について話していますか。",給料の話,在宅の廃止,在宅と出社の使い分け,引っ越しの話,C,正しい読みは「在宅と出社の使い分け」。N3重要語彙「Q0562」は日常会話でもよく使われます。例文の文脈で覚えましょう。
Q0563,N3,listening,expression,"【聴解】スクリプトを読んで答えなさい。

ナレーション：会議で自分の番なのに、名前を間違えて呼ばれました。訂正します。

【質問】女の人は何と言いますか。",お帰りなさい。,すみません、名前が違います。,どうぞよろしく。,いただきます。,B,正しい読みは「すみません、名前が違います。」。N3重要語彙「Q0563」は日常会話でもよく使われます。例文の文脈で覚えましょう。
Q0564,N3,listening,expression,"【聴解】スクリプトを読んで答えなさい。

ナレーション：電車で席を譲ろうとしたら、相手は「大丈夫です」と言いました。

【質問】男の人は何と言いますか。",すみません、降りります。,そうですか。,ありがとう。,座ってください。,B,正しい読みは「そうですか。」。N3重要語彙「Q0564」は日常会話でもよく使われます。例文の文脈で覚えましょう。
Q0565,N3,listening,expression,"【聴解】スクリプトを読んで答えなさい。

ナレーション：店で注文した料理と違うものが出てきました。

【質問】女の人は何と言いますか。",おいしいです。,お会計お願いします。,すみません、これ、注文と違うんですが。,メニューをください、最初に。,C,正しい読みは「すみません、これ、注文と違うんですが。」。N3重要語彙「Q0565」は日常会話でもよく使われます。例文の文脈で覚えましょう。
Q0566,N3,listening,response,"【聴解・即時応答】正しい返事を選びなさい。

この仕事、今日中は無理だと思います。",無理です、はい。,今日中ですね、わかりました、無理なのに。,今日中に終わらせましょうか、あなたが。,じゃあ、明日までにしてもいいですか。,D,正しい読みは「じゃあ、明日までにしてもいいですか。」。N3重要語彙「Q0566」は日常会話でもよく使われます。例文の文脈で覚えましょう。
Q0567,N3,listening,response,"【聴解・即時応答】正しい返事を選びなさい。

少し早めに来ていただけますか。",早めに来てください。,何時ごろがいいですか。,早めでした。,来ません。,B,正しい読みは「何時ごろがいいですか。」。N3重要語彙「Q0567」は日常会話でもよく使われます。例文の文脈で覚えましょう。
Q0568,N3,listening,response,"【聴解・即時応答】正しい返事を選びなさい。

この案で進めてもよろしいでしょうか。",ええ、お願いできますか。,案ではありません。,よろしいでしょうか。,進めてください、私は反対です。,A,正しい読みは「ええ、お願いできますか。」。N3重要語彙「Q0568」は日常会話でもよく使われます。例文の文脈で覚えましょう。
Q0569,N3,listening,response,"【聴解・即時応答】正しい返事を選びなさい。

資料、もう見ていただけましたか。",見ないでください。,見ましょうか。,すみません、まだです。,見てください。,C,正しい読みは「すみません、まだです。」。N3重要語彙「Q0569」は日常会話でもよく使われます。例文の文脈で覚えましょう。
Q0570,N3,listening,response,"【聴解・即時応答】正しい返事を選びなさい。

駅まで送ってあげようか。",いいの？助かる。,送ってください、あなたを。,駅です。,送らないで。必ず。,A,正しい読みは「いいの？助かる。」。N3重要語彙「Q0570」は日常会話でもよく使われます。例文の文脈で覚えましょう。
Q0571,N2,vocabulary,kanji_reading,"次の文の［　］の言葉の読み方として最もよいものを選びなさい。

［湿度］",ふもと,しつど,べつべつ,じづど,B,「湿度」の読みは「しつど」。 意味: level of humidity。
Q0572,N2,vocabulary,kanji_reading,"次の文の［　］の言葉の読み方として最もよいものを選びなさい。

［分量］",ぶんりよう,ぶんりょう,ぶぬりょう,ぶんょう,B,「分量」の読みは「ぶんりょう」。 意味: amount。
Q0573,N2,vocabulary,kanji_reading,"次の文の［　］の言葉の読み方として最もよいものを選びなさい。

［歯車］",はぐる,はぐるま,ばぐるま,はぐま,B,「歯車」の読みは「はぐるま」。 意味: gear。
Q0574,N2,vocabulary,kanji_reading,"次の文の［　］の言葉の読み方として最もよいものを選びなさい。

［郵送］",ゆうそ,ゆうぞう,ゆうう,ゆうそう,D,「郵送」の読みは「ゆうそう」。 意味: mailing。
Q0575,N2,vocabulary,kanji_reading,"次の文の［　］の言葉の読み方として最もよいものを選びなさい。

［売り上げ］",うりあげ,うりあ,うりげ,りあげ,A,「売り上げ」の読みは「うりあげ」。 意味: amount sold。
Q0576,N2,vocabulary,kanji_reading,"次の文の［　］の言葉の読み方として最もよいものを選びなさい。

［比較的］",ひがくてき,ひかくてき,かくてき,びがぐでぎ,B,「比較的」の読みは「ひかくてき」。 意味: comparatively。
Q0577,N2,vocabulary,kanji_reading,"次の文の［　］の言葉の読み方として最もよいものを選びなさい。

［税関］",ぜいかぬ,いかん,ぜいか,ぜいかん,D,「税関」の読みは「ぜいかん」。 意味: customs。
Q0578,N2,vocabulary,kanji_reading,"次の文の［　］の言葉の読み方として最もよいものを選びなさい。

［省］",しよう,きごう,しょう,じょう,C,「省」の読みは「しょう」。 意味: kind of ministry。
Q0579,N2,vocabulary,kanji_reading,"次の文の［　］の言葉の読み方として最もよいものを選びなさい。

［匂う］",げんど,かま,におう,てつづき,C,「匂う」の読みは「におう」。 意味: to be fragrant。
Q0580,N2,vocabulary,kanji_reading,"次の文の［　］の言葉の読み方として最もよいものを選びなさい。

［揉む］",でいり,やかん,もむ,じえい,C,「揉む」の読みは「もむ」。 意味: to rub。
Q0581,N2,vocabulary,kanji_reading,"次の文の［　］の言葉の読み方として最もよいものを選びなさい。

［嫌がる］",いやがる,やがる,いやが,いやる,A,「嫌がる」の読みは「いやがる」。 意味: reluctant。
Q0582,N2,vocabulary,kanji_reading,"次の文の［　］の言葉の読み方として最もよいものを選びなさい。

［停止］",でいじ,ふくすう,ていし,みのる,C,「停止」の読みは「ていし」。 意味: suspension。
Q0583,N2,vocabulary,kanji_reading,"次の文の［　］の言葉の読み方として最もよいものを選びなさい。

［出迎える］",でむえる,むかえる,でむかえ,でむかえる,D,「出迎える」の読みは「でむかえる」。 意味: to meet。
Q0584,N2,vocabulary,kanji_reading,"次の文の［　］の言葉の読み方として最もよいものを選びなさい。

［浮ぶ］",ひろさ,うかぶ,しめきる,うがぶ,B,「浮ぶ」の読みは「うかぶ」。 意味: to float。
Q0585,N2,vocabulary,kanji_reading,"次の文の［　］の言葉の読み方として最もよいものを選びなさい。

［重］",ぼうし,じゅう,めじるし,じゆう,B,「重」の読みは「じゅう」。 意味: heavy ~。
Q0586,N2,vocabulary,kanji_reading,"次の文の［　］の言葉の読み方として最もよいものを選びなさい。

［店屋］",みせや,みぜや,せめる,しんや,A,「店屋」の読みは「みせや」。 意味: store。
Q0587,N2,vocabulary,kanji_reading,"次の文の［　］の言葉の読み方として最もよいものを選びなさい。

［稀］",くやむ,しかい,まれ,たつ,C,「稀」の読みは「まれ」。 意味: rare。
Q0588,N2,vocabulary,kanji_reading,"次の文の［　］の言葉の読み方として最もよいものを選びなさい。

［生ずる］",ょうずる,しようずる,しょずる,しょうずる,D,「生ずる」の読みは「しょうずる」。 意味: to cause。
Q0589,N2,vocabulary,kanji_reading,"次の文の［　］の言葉の読み方として最もよいものを選びなさい。

［争う］",あらそう,あらそ,らそう,あらう,A,「争う」の読みは「あらそう」。 意味: to compete。
Q0590,N2,vocabulary,kanji_reading,"次の文の［　］の言葉の読み方として最もよいものを選びなさい。

［寝巻］",ねまぎ,えいわ,ねまき,みにくい,C,「寝巻」の読みは「ねまき」。 意味: sleep-wear。
Q0591,N2,vocabulary,kanji_reading,"次の文の［　］の言葉の読み方として最もよいものを選びなさい。

［公務］",きょうむ,へいじつ,こうむ,ごうむ,C,「公務」の読みは「こうむ」。 意味: official business。
Q0592,N2,vocabulary,kanji_reading,"次の文の［　］の言葉の読み方として最もよいものを選びなさい。

［言葉遣い］",とばづかい,ごどばづがい,ことばづか,ことばづかい,D,「言葉遣い」の読みは「ことばづかい」。 意味: speech。
Q0593,N2,vocabulary,kanji_reading,"次の文の［　］の言葉の読み方として最もよいものを選びなさい。

［殻］",こうじ,がら,ふる,から,D,「殻」の読みは「から」。 意味: shell。
Q0594,N2,vocabulary,kanji_reading,"次の文の［　］の言葉の読み方として最もよいものを選びなさい。

［公正］",こうせい,こうしょう,うせい,こうせ,A,「公正」の読みは「こうせい」。 意味: justice。
Q0595,N2,vocabulary,kanji_reading,"次の文の［　］の言葉の読み方として最もよいものを選びなさい。

［芸能］",いのう,げいのう,げいう,げいの,B,「芸能」の読みは「げいのう」。 意味: public entertainment。
Q0596,N2,vocabulary,kanji_reading,"次の文の［　］の言葉の読み方として最もよいものを選びなさい。

［心得る］",ここえる,こころえる,ころえる,ごごろえる,B,「心得る」の読みは「こころえる」。 意味: to understand。
Q0597,N2,vocabulary,kanji_reading,"次の文の［　］の言葉の読み方として最もよいものを選びなさい。

［着せる］",きせる,めい,おまいり,ぎぜる,A,「着せる」の読みは「きせる」。 意味: to put on clothes。
Q0598,N2,vocabulary,kanji_reading,"次の文の［　］の言葉の読み方として最もよいものを選びなさい。

［振り］",しょく,ぶり,がい,ひふ,B,「振り」の読みは「ぶり」。 意味: after an interval of ~。
Q0599,N2,vocabulary,kanji_reading,"次の文の［　］の言葉の読み方として最もよいものを選びなさい。

［隙間］",すきま,ぶんるい,なす,ずぎま,A,「隙間」の読みは「すきま」。 意味: crack。
Q0600,N2,vocabulary,kanji_reading,"次の文の［　］の言葉の読み方として最もよいものを選びなさい。

［瓶詰］",びぬづめ,びんづ,びんづめ,びんめ,C,「瓶詰」の読みは「びんづめ」。 意味: bottling。
Q0601,N2,vocabulary,kanji_reading,"次の文の［　］の言葉の読み方として最もよいものを選びなさい。

［扇風機］",せんぷうき,せぬぷうき,んぷうき,せんぷう,A,「扇風機」の読みは「せんぷうき」。 意味: electric fan。
Q0602,N2,vocabulary,kanji_reading,"次の文の［　］の言葉の読み方として最もよいものを選びなさい。

［呑気］",ころがる,のんぎ,のぬき,のんき,D,「呑気」の読みは「のんき」。 意味: carefree。
Q0603,N2,vocabulary,kanji_reading,"次の文の［　］の言葉の読み方として最もよいものを選びなさい。

［略す］",りゃぐず,りゃくす,りやくす,ゃくす,B,「略す」の読みは「りゃくす」。 意味: to abbreviate。
Q0604,N2,vocabulary,kanji_reading,"次の文の［　］の言葉の読み方として最もよいものを選びなさい。

［名刺］",めいし,めいじ,よせる,おのおの,A,「名刺」の読みは「めいし」。 意味: business card。
Q0605,N2,vocabulary,kanji_reading,"次の文の［　］の言葉の読み方として最もよいものを選びなさい。

［経度］",けいど,げいど,けんがく,かいど,A,「経度」の読みは「けいど」。 意味: longitude。
Q0606,N2,vocabulary,kanji_reading,"次の文の［　］の言葉の読み方として最もよいものを選びなさい。

［私立］",しりつ,きしょう,じりづ,ちゃく,A,「私立」の読みは「しりつ」。 意味: private (establishment)。
Q0607,N2,vocabulary,kanji_reading,"次の文の［　］の言葉の読み方として最もよいものを選びなさい。

［上下］",ょうげ,じょげ,じようげ,じょうげ,D,「上下」の読みは「じょうげ」。 意味: high and low。
Q0608,N2,vocabulary,kanji_reading,"次の文の［　］の言葉の読み方として最もよいものを選びなさい。

［蘇る］",みがえる,よみがえ,よみがえる,よみえる,C,「蘇る」の読みは「よみがえる」。 意味: to be resurrected。
Q0609,N2,vocabulary,kanji_reading,"次の文の［　］の言葉の読み方として最もよいものを選びなさい。

［有無］",うむ,かしま,ゆだん,かもつ,A,「有無」の読みは「うむ」。 意味: existence or nonexistence。
Q0610,N2,vocabulary,kanji_reading,"次の文の［　］の言葉の読み方として最もよいものを選びなさい。

［集合］",じゅうごう,しゅうご,しゅうごう,しゆうごう,C,「集合」の読みは「しゅうごう」。 意味: gathering。
Q0611,N2,vocabulary,kanji_reading,"次の文の［　］の言葉の読み方として最もよいものを選びなさい。

［陽射］",かそくど,びざじ,ひざし,あけがた,C,「陽射」の読みは「ひざし」。 意味: sunlight。
Q0612,N2,vocabulary,kanji_reading,"次の文の［　］の言葉の読み方として最もよいものを選びなさい。

［看板］",かんん,んばん,がんばん,かんばん,D,「看板」の読みは「かんばん」。 意味: sign。
Q0613,N2,vocabulary,kanji_reading,"次の文の［　］の言葉の読み方として最もよいものを選びなさい。

［涼む］",ずずむ,さいじつ,せいさく,すずむ,D,「涼む」の読みは「すずむ」。 意味: to cool oneself。
Q0614,N2,vocabulary,kanji_reading,"次の文の［　］の言葉の読み方として最もよいものを選びなさい。

［芯］",しぬ,しん,じん,れんが,B,「芯」の読みは「しん」。 意味: core。
Q0615,N2,vocabulary,kanji_reading,"次の文の［　］の言葉の読み方として最もよいものを選びなさい。

［庁］",ちょう,かっこ,ぢょう,ちよう,A,「庁」の読みは「ちょう」。 意味: office。
Q0616,N2,vocabulary,kanji_reading,"次の文の［　］の言葉の読み方として最もよいものを選びなさい。

［口実］",きょうじつ,こうじつ,こうじ,うじつ,B,「口実」の読みは「こうじつ」。 意味: excuse。
Q0617,N2,vocabulary,kanji_reading,"次の文の［　］の言葉の読み方として最もよいものを選びなさい。

［発揮］",はっき,しゅご,はき,ばっぎ,A,「発揮」の読みは「はっき」。 意味: exhibition。
Q0618,N2,vocabulary,kanji_reading,"次の文の［　］の言葉の読み方として最もよいものを選びなさい。

［名字］",みょう,みょうじ,みょじ,ょうじ,B,「名字」の読みは「みょうじ」。 意味: surname。
Q0619,N2,vocabulary,kanji_reading,"次の文の［　］の言葉の読み方として最もよいものを選びなさい。

［盆地］",ぼぬち,さいてん,ぼんち,ぼんぢ,C,「盆地」の読みは「ぼんち」。 意味: basin (e.g.。
Q0620,N2,vocabulary,kanji_reading,"次の文の［　］の言葉の読み方として最もよいものを選びなさい。

［警備］",けいび,ごらん,げいび,かいび,A,「警備」の読みは「けいび」。 意味: defense。
Q0621,N2,vocabulary,kanji_reading,"次の文の［　］の言葉の読み方として最もよいものを選びなさい。

［煎る］",ねらい,いる,ぶしゅ,てる,B,「煎る」の読みは「いる」。 意味: to roast。
Q0622,N2,vocabulary,kanji_reading,"次の文の［　］の言葉の読み方として最もよいものを選びなさい。

［番目］",ばぬめ,しょてん,ばんめ,ちかぢか,C,「番目」の読みは「ばんめ」。 意味: ~th。
Q0623,N2,vocabulary,kanji_reading,"次の文の［　］の言葉の読み方として最もよいものを選びなさい。

［日帰り］",ひがえ,ひがえり,ひがり,がえり,B,「日帰り」の読みは「ひがえり」。 意味: day trip。
Q0624,N2,vocabulary,kanji_reading,"次の文の［　］の言葉の読み方として最もよいものを選びなさい。

［溶岩］",ようがん,ようん,ようがぬ,ようが,A,「溶岩」の読みは「ようがん」。 意味: lava。
Q0625,N2,vocabulary,kanji_reading,"次の文の［　］の言葉の読み方として最もよいものを選びなさい。

［水素］",すいそ,じんじ,ずいぞ,のこらず,A,「水素」の読みは「すいそ」。 意味: hydrogen。
Q0626,N2,vocabulary,kanji_reading,"次の文の［　］の言葉の読み方として最もよいものを選びなさい。

［打ち消す］",うぢげず,うちす,うちけす,うちけ,C,「打ち消す」の読みは「うちけす」。 意味: to deny。
Q0627,N2,vocabulary,kanji_reading,"次の文の［　］の言葉の読み方として最もよいものを選びなさい。

［登場］",とうじよう,とうじょ,どうじょう,とうじょう,D,「登場」の読みは「とうじょう」。 意味: entry (on stage)。
Q0628,N2,vocabulary,kanji_reading,"次の文の［　］の言葉の読み方として最もよいものを選びなさい。

［方針］",ほうし,ほうしん,ぼうじん,ほうしぬ,B,「方針」の読みは「ほうしん」。 意味: objective。
Q0629,N2,vocabulary,kanji_reading,"次の文の［　］の言葉の読み方として最もよいものを選びなさい。

［見詰める］",みつめ,つめる,みつる,みつめる,D,「見詰める」の読みは「みつめる」。 意味: to stare at。
Q0630,N2,vocabulary,kanji_reading,"次の文の［　］の言葉の読み方として最もよいものを選びなさい。

［思い切り］",おもいき,おもいきり,おもいぎり,もいきり,B,「思い切り」の読みは「おもいきり」。 意味: with all one's strength (heart)。
Q0631,N2,vocabulary,kanji_reading,"次の文の［　］の言葉の読み方として最もよいものを選びなさい。

［流］",きゃくま,りゆう,りゅう,ふごう,C,「流」の読みは「りゅう」。 意味: fashion。
Q0632,N2,vocabulary,kanji_reading,"次の文の［　］の言葉の読み方として最もよいものを選びなさい。

［応用］",おうよ,おうう,うよう,おうよう,D,「応用」の読みは「おうよう」。 意味: application。
Q0633,N2,vocabulary,kanji_reading,"次の文の［　］の言葉の読み方として最もよいものを選びなさい。

［緩い］",みあげる,ゆるい,はんこ,たいりつ,B,「緩い」の読みは「ゆるい」。 意味: loose。
Q0634,N2,vocabulary,kanji_reading,"次の文の［　］の言葉の読み方として最もよいものを選びなさい。

［原理］",げぬり,げんり,れいとう,みる,B,「原理」の読みは「げんり」。 意味: principle。
Q0635,N2,vocabulary,kanji_reading,"次の文の［　］の言葉の読み方として最もよいものを選びなさい。

［工夫］",ぐぶう,ようち,ほんらい,くふう,D,「工夫」の読みは「くふう」。 意味: device。
Q0636,N2,vocabulary,kanji_reading,"次の文の［　］の言葉の読み方として最もよいものを選びなさい。

［卒直］",そっょく,そっちょく,そっちよく,ぞっぢょぐ,B,「卒直」の読みは「そっちょく」。 意味: frank。
Q0637,N2,vocabulary,kanji_reading,"次の文の［　］の言葉の読み方として最もよいものを選びなさい。

［甘やかす］",あまやがず,あまやか,あまやかす,まやかす,C,「甘やかす」の読みは「あまやかす」。 意味: to pamper。
Q0638,N2,vocabulary,kanji_reading,"次の文の［　］の言葉の読み方として最もよいものを選びなさい。

［撫でる］",やこう,なでる,こがす,せいぞん,B,「撫でる」の読みは「なでる」。 意味: to brush gently。
Q0639,N2,vocabulary,kanji_reading,"次の文の［　］の言葉の読み方として最もよいものを選びなさい。

［分数］",ぶぬすう,ぶんう,ぶんすう,ぶんずう,C,「分数」の読みは「ぶんすう」。 意味: fraction (in math)。
Q0640,N2,vocabulary,kanji_reading,"次の文の［　］の言葉の読み方として最もよいものを選びなさい。

［有難い］",ありがた,りがたい,ありがだい,ありがたい,D,「有難い」の読みは「ありがたい」。 意味: grateful。
Q0641,N2,vocabulary,kanji_reading,"次の文の［　］の言葉の読み方として最もよいものを選びなさい。

［勝］",しょう,しよう,ひかげ,じょう,A,「勝」の読みは「しょう」。 意味: count for victory。
Q0642,N2,vocabulary,kanji_reading,"次の文の［　］の言葉の読み方として最もよいものを選びなさい。

［客間］",ゃくま,ぎゃぐま,きゃくま,きやくま,C,「客間」の読みは「きゃくま」。 意味: parlor。
Q0643,N2,vocabulary,kanji_reading,"次の文の［　］の言葉の読み方として最もよいものを選びなさい。

［逃がす］",にがす,にがず,ぎょうじ,かくう,A,「逃がす」の読みは「にがす」。 意味: to let loose。
Q0644,N2,vocabulary,kanji_reading,"次の文の［　］の言葉の読み方として最もよいものを選びなさい。

［南北］",なぬぼく,なんく,なんぼく,なんぼ,C,「南北」の読みは「なんぼく」。 意味: south and north。
Q0645,N2,vocabulary,kanji_reading,"次の文の［　］の言葉の読み方として最もよいものを選びなさい。

［和英］",きごう,わえい,あんがい,はんせい,B,「和英」の読みは「わえい」。 意味: Japanese-English。
Q0646,N2,vocabulary,kanji_reading,"次の文の［　］の言葉の読み方として最もよいものを選びなさい。

［重役］",じゆうやく,じゅうやぐ,じゅやく,じゅうやく,D,「重役」の読みは「じゅうやく」。 意味: director。
Q0647,N2,vocabulary,kanji_reading,"次の文の［　］の言葉の読み方として最もよいものを選びなさい。

［夕立］",うだち,ゆうだち,ゆうだ,ゆうち,B,「夕立」の読みは「ゆうだち」。 意味: (sudden) evening shower (rain)。
Q0648,N2,vocabulary,kanji_reading,"次の文の［　］の言葉の読み方として最もよいものを選びなさい。

［下る］",さいそく,くだる,ぐだる,ねらい,B,「下る」の読みは「くだる」。 意味: to descend。
Q0649,N2,vocabulary,kanji_reading,"次の文の［　］の言葉の読み方として最もよいものを選びなさい。

［領］",りよう,くじょう,うんが,りょう,D,「領」の読みは「りょう」。 意味: territory。
Q0650,N2,vocabulary,kanji_reading,"次の文の［　］の言葉の読み方として最もよいものを選びなさい。

［恨み］",のりかえ,くぶん,しょせき,うらみ,D,「恨み」の読みは「うらみ」。 意味: resentment。
Q0651,N2,vocabulary,orthography,"次の文の［　］の言葉を漢字で書くとき、最もよいものを選びなさい。

［ちらかる］",散らかす,引っ越し,散らかる,近付ける,C,「ちらかる」は「散らかる」と書きます。 意味: to be in disorder。
Q0652,N2,vocabulary,orthography,"次の文の［　］の言葉を漢字で書くとき、最もよいものを選びなさい。

［きゅうそく］",休養,休息,休講,休業,B,「きゅうそく」は「休息」と書きます。 意味: rest。
Q0653,N2,vocabulary,orthography,"次の文の［　］の言葉を漢字で書くとき、最もよいものを選びなさい。

［とうゆ］",灯台,演劇,定規,灯油,D,「とうゆ」は「灯油」と書きます。 意味: lamp oil。
Q0654,N2,vocabulary,orthography,"次の文の［　］の言葉を漢字で書くとき、最もよいものを選びなさい。

［ぞうせん］",造船,南北,中年,先頭,A,「ぞうせん」は「造船」と書きます。 意味: shipbuilding。
Q0655,N2,vocabulary,orthography,"次の文の［　］の言葉を漢字で書くとき、最もよいものを選びなさい。

［ちゅうしょう］",付近,転々,附属,抽象,D,「ちゅうしょう」は「抽象」と書きます。 意味: abstract。
Q0656,N2,vocabulary,orthography,"次の文の［　］の言葉を漢字で書くとき、最もよいものを選びなさい。

［ふさがる］",塞がる,塞ぐ,広げる,凍える,A,「ふさがる」は「塞がる」と書きます。 意味: to be plugged up。
Q0657,N2,vocabulary,orthography,"次の文の［　］の言葉を漢字で書くとき、最もよいものを選びなさい。

［ぞうだい］",上り,増減,金魚,増大,D,「ぞうだい」は「増大」と書きます。 意味: increase。
Q0658,N2,vocabulary,orthography,"次の文の［　］の言葉を漢字で書くとき、最もよいものを選びなさい。

［かってに］",勝負,勝,勝手に,勝敗,C,「かってに」は「勝手に」と書きます。 意味: arbitrarily。
Q0659,N2,vocabulary,orthography,"次の文の［　］の言葉を漢字で書くとき、最もよいものを選びなさい。

［けいとう］",執筆,缶詰,系,系統,D,「けいとう」は「系統」と書きます。 意味: system。
Q0660,N2,vocabulary,orthography,"次の文の［　］の言葉を漢字で書くとき、最もよいものを選びなさい。

［やわらかい］",分かれる,払い込む,仮名遣い,軟らかい,D,「やわらかい」は「軟らかい」と書きます。 意味: soft。
Q0661,N2,vocabulary,orthography,"次の文の［　］の言葉を漢字で書くとき、最もよいものを選びなさい。

［こうむ］",公衆,公正,公共,公務,D,「こうむ」は「公務」と書きます。 意味: official business。
Q0662,N2,vocabulary,orthography,"次の文の［　］の言葉を漢字で書くとき、最もよいものを選びなさい。

［つぐ］",夜間,貸間,次ぐ,湿気,C,「つぐ」は「次ぐ」と書きます。 意味: to follow。
Q0663,N2,vocabulary,orthography,"次の文の［　］の言葉を漢字で書くとき、最もよいものを選びなさい。

［たんぼ］",災難,田植え,発想,田ぼ,D,「たんぼ」は「田ぼ」と書きます。 意味: paddy field。
Q0664,N2,vocabulary,orthography,"次の文の［　］の言葉を漢字で書くとき、最もよいものを選びなさい。

［とういつ］",統計,皮肉,紅葉,統一,D,「とういつ」は「統一」と書きます。 意味: unity。
Q0665,N2,vocabulary,orthography,"次の文の［　］の言葉を漢字で書くとき、最もよいものを選びなさい。

［みなれる］",見直す,見詰める,見舞う,見慣れる,D,「みなれる」は「見慣れる」と書きます。 意味: to become used to seeing。
Q0666,N2,vocabulary,orthography,"次の文の［　］の言葉を漢字で書くとき、最もよいものを選びなさい。

［しかくい］",四捨五入,四角い,四つ角,四季,B,「しかくい」は「四角い」と書きます。 意味: square。
Q0667,N2,vocabulary,orthography,"次の文の［　］の言葉を漢字で書くとき、最もよいものを選びなさい。

［かいせつ］",解放,解答,解散,解説,D,「かいせつ」は「解説」と書きます。 意味: explanation。
Q0668,N2,vocabulary,orthography,"次の文の［　］の言葉を漢字で書くとき、最もよいものを選びなさい。

［こうすい］",当日,構造,香水,陽射,C,「こうすい」は「香水」と書きます。 意味: perfume。
Q0669,N2,vocabulary,orthography,"次の文の［　］の言葉を漢字で書くとき、最もよいものを選びなさい。

［ごうどう］",合流,合同,合理,窓口,B,「ごうどう」は「合同」と書きます。 意味: combination。
Q0670,N2,vocabulary,orthography,"次の文の［　］の言葉を漢字で書くとき、最もよいものを選びなさい。

［しょっき］",透明,食器,配る,食塩,B,「しょっき」は「食器」と書きます。 意味: tableware。
Q0671,N2,vocabulary,orthography,"次の文の［　］の言葉を漢字で書くとき、最もよいものを選びなさい。

［あれる］",生ずる,扇風機,荒れる,荒い,C,「あれる」は「荒れる」と書きます。 意味: to be stormy。
Q0672,N2,vocabulary,orthography,"次の文の［　］の言葉を漢字で書くとき、最もよいものを選びなさい。

［まいすう］",温室,枚数,剥す,活躍,B,「まいすう」は「枚数」と書きます。 意味: the number of flat things。
Q0673,N2,vocabulary,orthography,"次の文の［　］の言葉を漢字で書くとき、最もよいものを選びなさい。

［てんすう］",地名,点数,点,点々,B,「てんすう」は「点数」と書きます。 意味: marks。
Q0674,N2,vocabulary,orthography,"次の文の［　］の言葉を漢字で書くとき、最もよいものを選びなさい。

［かんぱい］",乾杯,乾電池,乾燥,乾かす,A,「かんぱい」は「乾杯」と書きます。 意味: Cheers! (a toast)。
Q0675,N2,vocabulary,orthography,"次の文の［　］の言葉を漢字で書くとき、最もよいものを選びなさい。

［はずれる］",外,外部,外科,外れる,D,「はずれる」は「外れる」と書きます。 意味: to be disconnected。
Q0676,N2,vocabulary,orthography,"次の文の［　］の言葉を漢字で書くとき、最もよいものを選びなさい。

［げんこう］",原始,原産,原理,原稿,D,「げんこう」は「原稿」と書きます。 意味: manuscript。
Q0677,N2,vocabulary,orthography,"次の文の［　］の言葉を漢字で書くとき、最もよいものを選びなさい。

［へこむ］",直径,当番,凹む,概論,C,「へこむ」は「凹む」と書きます。 意味: to be dented。
Q0678,N2,vocabulary,orthography,"次の文の［　］の言葉を漢字で書くとき、最もよいものを選びなさい。

［じょきょうじゅ］",調味料,塩辛い,長引く,助教授,D,「じょきょうじゅ」は「助教授」と書きます。 意味: assistant professor。
Q0679,N2,vocabulary,orthography,"次の文の［　］の言葉を漢字で書くとき、最もよいものを選びなさい。

［あおぐ］",扇ぐ,扇子,女房,扇風機,A,「あおぐ」は「扇ぐ」と書きます。 意味: to fan。
Q0680,N2,vocabulary,orthography,"次の文の［　］の言葉を漢字で書くとき、最もよいものを選びなさい。

［ていし］",停電,英文,停止,停車,C,「ていし」は「停止」と書きます。 意味: suspension。
Q0681,N2,vocabulary,orthography,"次の文の［　］の言葉を漢字で書くとき、最もよいものを選びなさい。

［にぶい］",煙い,彫る,図表,鈍い,D,「にぶい」は「鈍い」と書きます。 意味: dull (e.g.。
Q0682,N2,vocabulary,orthography,"次の文の［　］の言葉を漢字で書くとき、最もよいものを選びなさい。

［きばん］",基準,基盤,基礎,基地,B,「きばん」は「基盤」と書きます。 意味: foundation。
Q0683,N2,vocabulary,orthography,"次の文の［　］の言葉を漢字で書くとき、最もよいものを選びなさい。

［きる］",斬る,観測,給与,法則,A,「きる」は「斬る」と書きます。 意味: to behead。
Q0684,N2,vocabulary,orthography,"次の文の［　］の言葉を漢字で書くとき、最もよいものを選びなさい。

［おかわり］",お出掛け,お代わり,お参り,お願いします,B,「おかわり」は「お代わり」と書きます。 意味: second helping。
Q0685,N2,vocabulary,orthography,"次の文の［　］の言葉を漢字で書くとき、最もよいものを選びなさい。

［せんたん］",先端,先頭,先々週,先祖,A,「せんたん」は「先端」と書きます。 意味: pointed end。
Q0686,N2,vocabulary,orthography,"次の文の［　］の言葉を漢字で書くとき、最もよいものを選びなさい。

［ないせん］",内,内科,溜息,内線,D,「ないせん」は「内線」と書きます。 意味: phone extension。
Q0687,N2,vocabulary,orthography,"次の文の［　］の言葉を漢字で書くとき、最もよいものを選びなさい。

［きょくせん］",曲げる,曲線,稽古,月日,B,「きょくせん」は「曲線」と書きます。 意味: curve。
Q0688,N2,vocabulary,orthography,"次の文の［　］の言葉を漢字で書くとき、最もよいものを選びなさい。

［かくべつ］",応援,照る,涼む,格別,D,「かくべつ」は「格別」と書きます。 意味: exceptional。
Q0689,N2,vocabulary,orthography,"次の文の［　］の言葉を漢字で書くとき、最もよいものを選びなさい。

［けんちょう］",募集,県庁,災難,掃く,B,「けんちょう」は「県庁」と書きます。 意味: prefectural office。
Q0690,N2,vocabulary,orthography,"次の文の［　］の言葉を漢字で書くとき、最もよいものを選びなさい。

［せいさく］",改札,坊や,製作,羨む,C,「せいさく」は「製作」と書きます。 意味: manufacture。
Q0691,N2,vocabulary,context,"（　　）に入る最もよいものを選びなさい。

この問題は（　　）に扱う必要がある。",豊富,慎重,重大,簡潔すぎ,B,慎重に扱う。
Q0692,N2,vocabulary,context,"（　　）に入る最もよいものを選びなさい。

彼の発言は会議の（　　）を乱した。",秩序,順序表,整列,順番券,A,秩序を乱す。
Q0693,N2,vocabulary,context,"（　　）に入る最もよいものを選びなさい。

新しい制度の（　　）を図る。",輸入品,導火,導入,入場,C,導入を図る。
Q0694,N2,vocabulary,context,"（　　）に入る最もよいものを選びなさい。

このデータは（　　）に欠ける。",信用金庫,信頼,信念,信頼性,D,信頼性に欠ける。
Q0695,N2,vocabulary,context,"（　　）に入る最もよいものを選びなさい。

彼は困難な状況を（　　）した。",服従,克服,回復期,復興,B,克服する。
Q0696,N2,vocabulary,context,"（　　）に入る最もよいものを選びなさい。

計画は（　　）どおりに進んでいる。",順,順調的,調子,順調,D,順調に。
Q0697,N2,vocabulary,context,"（　　）に入る最もよいものを選びなさい。

この商品は国内で（　　）されている。",成,制作番組,製作所だけ,製造,D,製造される。
Q0698,N2,vocabulary,context,"（　　）に入る最もよいものを選びなさい。

彼の説明は（　　）を得た。",結論だけ,納得,納得的,得,B,納得を得る。
Q0699,N2,vocabulary,context,"（　　）に入る最もよいものを選びなさい。

問題の（　　）を明らかにする。",本質,本番,本人,本気,A,本質。
Q0700,N2,vocabulary,context,"（　　）に入る最もよいものを選びなさい。

この政策は国民の（　　）を得た。",支店,支持,支給,支度,B,支持を得る。
Q0701,N2,vocabulary,context,"（　　）に入る最もよいものを選びなさい。

彼は事実を（　　）に述べた。",率,率直的,率直,直,C,率直に。
Q0702,N2,vocabulary,context,"（　　）に入る最もよいものを選びなさい。

この仕事は高度な（　　）が求められる。",専門性,専攻,専門店,専,A,専門性。
Q0703,N2,vocabulary,context,"（　　）に入る最もよいものを選びなさい。

事故の（　　）を防ぐ対策だ。",再会,再開,再発,再生,C,再発を防ぐ。
Q0704,N2,vocabulary,context,"（　　）に入る最もよいものを選びなさい。

彼の態度は（　　）に欠ける。",柔道,軟,柔軟体操,柔軟性,D,柔軟性。
Q0705,N2,vocabulary,context,"（　　）に入る最もよいものを選びなさい。

この結論はデータに（　　）いている。",基金,基,基づ,基本給,C,基づく。
Q0706,N2,vocabulary,context,"（　　）に入る最もよいものを選びなさい。

彼女は交渉を（　　）に進めた。",円滑,円満家族,滑,円,A,円滑に。
Q0707,N2,vocabulary,context,"（　　）に入る最もよいものを選びなさい。

この問題は（　　）を要する。",突然の中止,早急な対応,偶然の成功,徐々な対応,B,早急な対応。
Q0708,N2,vocabulary,context,"（　　）に入る最もよいものを選びなさい。

彼は責任を（　　）とした。",回避,回答,回,回転,A,責任を回避する。
Q0709,N2,vocabulary,context,"（　　）に入る最もよいものを選びなさい。

この変化は（　　）に進んでいる。",着物,着実,到着,着席,B,着実に。
Q0710,N2,vocabulary,context,"（　　）に入る最もよいものを選びなさい。

議論が（　　）した。",紛糾,紛らわ,紛争地域だけ,紛失,A,議論が紛糾する。
Q0711,N2,vocabulary,paraphrase,"意味が近いものを選びなさい。

彼はついに方針を転換した。",彼は迷っているだけだ。,彼は最初から変えた。,彼はとうとう方針を変えた。,彼は変えなかった。,C,転換 ≒ 変える。
Q0712,N2,vocabulary,paraphrase,"意味が近いものを選びなさい。

この問題は深刻だ。",この問題は軽い。,この問題はない。,この問題は重大だ。,この問題は楽しい。,C,深刻 ≒ 重大。
Q0713,N2,vocabulary,paraphrase,"意味が近いものを選びなさい。

彼は職務を怠った。",彼は仕事を頑張った。,彼は退職を祝った。,彼は仕事をサボった。,彼は昇進した。,C,怠る = neglect。
Q0714,N2,vocabulary,paraphrase,"意味が近いものを選びなさい。

計画は頓挫した。",計画は始まったばかりだ。,計画は途中で止まってしまった。,計画は完成した。,計画は成功した。,B,頓挫 = stall / fail midway。
Q0715,N2,vocabulary,paraphrase,"意味が近いものを選びなさい。

彼女は彼を擁護した。",彼女は彼を無視した。,彼女は彼の味方をした。,彼女は彼を忘れた。,彼女は彼を責めた。,B,擁護 = defend。
Q0716,N2,vocabulary,paraphrase,"意味が近いものを選びなさい。

この措置は暫定的だ。",この措置はない。,この措置は一時的だ。,この措置は最終決定だ。,この措置は永久だ。,B,暫定的 ≒ 一時的。
Q0717,N2,vocabulary,paraphrase,"意味が近いものを選びなさい。

彼は事実を歪めた。",彼は事実を曲げて伝えた。,彼は事実を忘れた。,彼は事実を正確に伝えた。,彼は事実を調べた。,A,歪める = distort。
Q0718,N2,vocabulary,paraphrase,"意味が近いものを選びなさい。

この案は妥当だ。",この案は古いだけだ。,この案は非常識だ。,この案は適切だ。,この案は無理だ。,C,妥当 ≒ 適切。
Q0719,N2,vocabulary,paraphrase,"意味が近いものを選びなさい。

彼女は即座に対応した。",彼女はすぐに対応した。,彼女は遅れた。,彼女は対応しなかった。,彼女は後で対応した。,A,即座に ≒ すぐに。
Q0720,N2,vocabulary,paraphrase,"意味が近いものを選びなさい。

この規制は緩和された。",この規制は厳しくなった。,この規制は緩くなった。,この規制は新しくできた。,この規制は消えたわけではない、厳格化した。,B,緩和 = loosen。
Q0721,N2,vocabulary,paraphrase,"意味が近いものを選びなさい。

彼は妥協した。",彼は全く譲らなかった。,彼は帰っただけだ。,彼は怒った。,彼は相手に譲った。,D,妥協 = compromise。
Q0722,N2,vocabulary,paraphrase,"意味が近いものを選びなさい。

この情報は機密だ。",この情報は古い。,この情報は間違いだ。,この情報は秘密だ。,この情報は公開情報だ。,C,機密 ≒ 秘密。
Q0723,N2,vocabulary,paraphrase,"意味が近いものを選びなさい。

彼女は職務を遂行した。",彼女は仕事を放棄した。,彼女は仕事を延期した。,彼女は仕事をやり遂げた。,彼女は仕事を忘れた。,C,遂行 = carry out。
Q0724,N2,vocabulary,paraphrase,"意味が近いものを選びなさい。

この判断は性急だ。",この判断は急ぎすぎだ。,この判断は遅い。,この判断は慎重だ。,この判断はない。,A,性急 = hasty。
Q0725,N2,vocabulary,paraphrase,"意味が近いものを選びなさい。

彼は現状を打開した。",彼は行き詰まりを破った。,彼は逃げた。,彼は無視した。,彼は現状を維持した。,A,打開 = break through。
Q0726,N2,vocabulary,usage,"言葉の使い方として最もよいものを選びなさい。

【促進】",促進な風が吹いた。,交流を促進する政策だ。,この机は促進だ。,彼は促進に歩いた。,B,促進する = promote / accelerate。
Q0727,N2,vocabulary,usage,"言葉の使い方として最もよいものを選びなさい。

【廃止】",廃止な雨だ。,彼は廃止に怒った、制度なく。,その制度は来年廃止される。,この味は廃止だ。,C,廃止する = abolish。
Q0728,N2,vocabulary,usage,"言葉の使い方として最もよいものを選びなさい。

【把握】",把握な空だ。,荷物を把握して運んだ。,彼は把握に泳いだ。,現状を把握する必要がある。,D,把握する = grasp (a situation)。
Q0729,N2,vocabulary,usage,"言葉の使い方として最もよいものを選びなさい。

【優先】",優先な料理だ。,彼は優先に寝た。,この山は優先だ。,安全を優先すべきだ。,D,優先する。
Q0730,N2,vocabulary,usage,"言葉の使い方として最もよいものを選びなさい。

【確保】",確保な天気だ。,予算を確保した。,彼は確保に走った。,この橋は確保だ。,B,確保する = secure。
Q0731,N2,vocabulary,usage,"言葉の使い方として最もよいものを選びなさい。

【反映】",彼は反映に笑った。,意見を計画に反映する。,反映な音だ。,鏡に顔が反映して割れた。,B,反映する = reflect (in a plan)。
Q0732,N2,vocabulary,usage,"言葉の使い方として最もよいものを選びなさい。

【規制】",排出ガスを規制する。,この本は規制だ、文として不自然。,規制な風だ。,彼は規制に歩いた。,A,規制する。
Q0733,N2,vocabulary,usage,"言葉の使い方として最もよいものを選びなさい。

【検討】",案を再検討する。,この机は検討だ。,検討な空だ。,彼は検討に泳いだ。,A,検討する。
Q0734,N2,vocabulary,usage,"言葉の使い方として最もよいものを選びなさい。

【蓄積】",蓄積な雨だ。,彼は蓄積に怒った。,この味は蓄積だ。,経験を蓄積する。,D,蓄積する = accumulate。
Q0735,N2,vocabulary,usage,"言葉の使い方として最もよいものを選びなさい。

【開示】",情報を開示する義務がある。,開示な風だ。,彼は開示に走った。,扉を開示した。,A,開示する = disclose。
Q0736,N2,vocabulary,usage,"言葉の使い方として最もよいものを選びなさい。

【抑制】",この山は抑制だ。,感情を抑制する。,抑制な料理だ。,彼は抑制に寝た。,B,抑制する = restrain。
Q0737,N2,vocabulary,usage,"言葉の使い方として最もよいものを選びなさい。

【改定】",料金が改定された。,改定な空だ。,この机は改定だ。,彼は改定に歩いた。,A,"改定する = revise (rates, rules)。"
Q0738,N2,vocabulary,formation,"（　　）に入る最もよいものを選びなさい。

今回の企画は（　　）成功に終わった。",多,大,長,高,B,大成功。
Q0739,N2,vocabulary,formation,"（　　）に入る最もよいものを選びなさい。

彼は（　　）責任者として謝った。",主だけ,総,全,本,B,総責任者。
Q0740,N2,vocabulary,formation,"（　　）に入る最もよいものを選びなさい。

これは（　　）優先で対応すべきだ。",最,大,長,多,A,最優先。
Q0741,N2,vocabulary,formation,"（　　）に入る最もよいものを選びなさい。

彼は（　　）得意先を回っている。",主役,主役な,主張,主要,D,主要得意先。
Q0742,N2,vocabulary,formation,"（　　）に入る最もよいものを選びなさい。

（　　）予想を上回る結果となった。",当,当初の,当の,当然な予想だけ,B,当初の予想。
Q0743,N2,vocabulary,formation,"（　　）に入る最もよいものを選びなさい。

環境に（　　）配慮した設計だ。",足り,満,十分,十分なの,C,十分配慮した。
Q0744,N2,vocabulary,formation,"（　　）に入る最もよいものを選びなさい。

彼は（　　）的に考えて発言した。",客観性な,客,客観,主観すぎ,C,客観的に。
Q0745,N2,vocabulary,formation,"（　　）に入る最もよいものを選びなさい。

これは（　　）的な判断だ。",合,総合,総,まと,B,総合的。
Q0746,N2,vocabulary,formation,"（　　）に入る最もよいものを選びなさい。

（　　）的に見れば問題はない。",遠,期,長期,長,C,長期的に。
Q0747,N2,vocabulary,formation,"（　　）に入る最もよいものを選びなさい。

彼は（　　）意識が高い。",業,職,職業,仕事な,C,職業意識。
Q0748,N2,grammar,form,"（　　）に入る最もよいものを選びなさい。

天候に（　　）、試合は予定どおり行われる。",ついて,かかわらず,よると,対してだけ,B,にもかかわらず / にかかわらず。天候にかかわらず。
Q0749,N2,grammar,form,"（　　）に入る最もよいものを選びなさい。

彼の協力（　　）、この仕事は完成しなかった。",にかけて,次第に,あってだけ,なしには,D,なしには〜ない。
Q0750,N2,grammar,form,"（　　）に入る最もよいものを選びなさい。

開会（　　）、注意事項を説明する。",にかけて,にあたって,にわたって,に沿ってだけ,B,にあたって = at the time of。
Q0751,N2,grammar,form,"（　　）に入る最もよいものを選びなさい。

この一週間（　　）、雨が降り続いた。",にかけてだけ,にわたって,にあたって,に沿って,B,にわたって = over a span。
Q0752,N2,grammar,form,"（　　）に入る最もよいものを選びなさい。

彼はスポーツ（　　）勉強もできる。",ばかりか,ばかりで,ばかりを,ばかりに,A,ばかりか = not only。
Q0753,N2,grammar,form,"（　　）に入る最もよいものを選びなさい。

知らなかった（　　）、失礼なことを言ってしまった。",ばかりに,ばかりを,ばかりで,ばかりか,A,ばかりに = precisely because。
Q0754,N2,grammar,form,"（　　）に入る最もよいものを選びなさい。

この問題は、彼を（　　）論じられない。",もとにしてだけ,とわず,めぐってだけ,ぬきにして,D,ぬきにして = without / leaving out。
Q0755,N2,grammar,form,"（　　）に入る最もよいものを選びなさい。

経験の有無を（　　）、誰でも応募できる。",めぐって,もとに,問わず,通じてだけ,C,を問わず。
Q0756,N2,grammar,form,"（　　）に入る最もよいものを選びなさい。

環境問題（　　）議論が続いている。",に沿って,をめぐって,ぬきに,を問わず,B,をめぐって = concerning。
Q0757,N2,grammar,form,"（　　）に入る最もよいものを選びなさい。

データ（　　）結論を出す。",をめぐって,をもとに,を問わず,ぬきに,B,をもとに。
Q0758,N2,grammar,form,"（　　）に入る最もよいものを選びなさい。

規則（　　）行動してください。",に沿って,ぬきに,を問わず,をめぐって,A,に沿って = in accordance with。
Q0759,N2,grammar,form,"（　　）に入る最もよいものを選びなさい。

彼は泣かん（　　）の表情だった。",とばかり,ばかり,ばかりか,がため,B,んばかり = as if about to。
Q0760,N2,grammar,form,"（　　）に入る最もよいものを選びなさい。

調べる（　　）、問題の複雑さがわかってきた。",にわたって,にあたって,にしたがって,にかけて,C,にしたがって = as。
Q0761,N2,grammar,form,"（　　）に入る最もよいものを選びなさい。

この仕事が終わる（　　）、連絡します。",次第は,次第,次第に,次第で,B,Vます次第 = as soon as。
Q0762,N2,grammar,form,"（　　）に入る最もよいものを選びなさい。

彼は言い終わるか（　　）かのうちに席を立った。",終わり,終わらない,終わった,終わって,B,るか〜ないかのうちに。
Q0763,N2,grammar,form,"（　　）に入る最もよいものを選びなさい。

家に着く（　　）、雨が降り出した。",次第では,にあたって,なり,とたんに弱く,C,Vるなり。
Q0764,N2,grammar,form,"（　　）に入る最もよいものを選びなさい。

彼は聞いた（　　）、顔色を変えた。",次第,とたん,最中にのみ,なりだけ,B,たとたん。
Q0765,N2,grammar,form,"（　　）に入る最もよいものを選びなさい。

この件に（　　）は、後で話します。",関して,対してだけ反対,比して,際してのみ,A,に関して。
Q0766,N2,grammar,form,"（　　）に入る最もよいものを選びなさい。

期待が大きかった（　　）、失望も大きかった。",せいだけ,おかげ,分,くせ,C,〜分 = to the extent。
Q0767,N2,grammar,form,"（　　）に入る最もよいものを選びなさい。

彼に限って嘘を（　　）。",つくに違いない、必ず,つくだろう,つくはずがない,つくものだ,C,に限って〜ない。
Q0768,N2,grammar,form,"（　　）に入る最もよいものを選びなさい。

行けるものなら（　　）。",行きたい,行くまい、必ず,行くな,行った,A,ものなら = if I only could。
Q0769,N2,grammar,form,"（　　）に入る最もよいものを選びなさい。

そんなこと、ある（　　）か。",もの,わけのみ,はずだけ,こと,A,ものか = no way ( emphatic denial)。
Q0770,N2,grammar,form,"（　　）に入る最もよいものを選びなさい。

困った（　　）だ。財布を落とした。",こと,わけ,はず,もの,D,困ったものだ。
Q0771,N2,grammar,form,"（　　）に入る最もよいものを選びなさい。

彼は来る（　　）と思っていた。",もの,はずではなかった、必ず来る,わけではない、来ない,こと,A,来るものと思っていた。
Q0772,N2,grammar,form,"（　　）に入る最もよいものを選びなさい。

この問題、考えれば考えるほど（　　）。",わかるはずだ,簡単だ,わからなくなる,終わる,C,ば〜ほど。
Q0773,N2,grammar,form,"（　　）に入る最もよいものを選びなさい。

この仕事は経験（　　）誰でもできる。",さえなければ,すらなく,だになく,さえあれば,D,さえあれば。
Q0774,N2,grammar,form,"（　　）に入る最もよいものを選びなさい。

子ども（　　）わかる問題だ。",ですらなく大人だけ,ばかりか,でさえ,だけに難しい,C,でさえ。
Q0775,N2,grammar,form,"（　　）に入る最もよいものを選びなさい。

彼は、言われる（　　）、すでに気づいていた。",までで,までだ,までのこと,までもなく,D,までもなく = no need even to。
Q0776,N2,grammar,form,"（　　）に入る最もよいものを選びなさい。

できることはやった。後は待つ（　　）。",までもない,までだ,までに,までで,B,までだ = only thing left is。
Q0777,N2,grammar,form,"（　　）に入る最もよいものを選びなさい。

雨が降ろう（　　）、試合は行う。",と,を,が,に,C,うが = even if。 降ろうが。
Q0778,N2,grammar,form,"（　　）に入る最もよいものを選びなさい。

この問題は、私に（　　）難しい。",ついてだけ,とって,対して怒り,関してのみ,B,にとって。
Q0779,N2,grammar,form,"（　　）に入る最もよいものを選びなさい。

彼の意見に（　　）、私は反対だ。",とって,関してのみ同意,対して,ついて賛成,C,に対して。
Q0780,N2,grammar,form,"（　　）に入る最もよいものを選びなさい。

失敗した（　　）諦めるな。",からといって,からして,からには,からでないと,A,からといって = just because。
Q0781,N2,grammar,form,"（　　）に入る最もよいものを選びなさい。

約束した（　　）、守るべきだ。",からといって,からして,からでないと,からには,D,からには = now that。
Q0782,N2,grammar,form,"（　　）に入る最もよいものを選びなさい。

彼の態度（　　）おかしい。",からでないと,からして,からといって,からには,B,からして = judging from。
Q0783,N2,grammar,form,"（　　）に入る最もよいものを選びなさい。

準備して（　　）始められない。",からには,からでないと,からして,からといって,B,てからでないと。
Q0784,N2,grammar,form,"（　　）に入る最もよいものを選びなさい。

この問題は複雑（　　）、時間がかかる。",だけまし,だけは,だけに,だけあって,C,だけに = precisely because。
Q0785,N2,grammar,form,"（　　）に入る最もよいものを選びなさい。

プロ（　　）の技術だ。",ながら,ながらも,ならでは,ながらに,C,ならでは。
Q0786,N2,grammar,form,"（　　）に入る最もよいものを選びなさい。

彼は若い（　　）経験が豊富だ。",ながらで,ながらも,ならでは,ながらに,B,ながらも = although。
Q0787,N2,grammar,form,"（　　）に入る最もよいものを選びなさい。

この町は昔（　　）の姿を残している。",ながらに生き,ながらも,ならでは,ながらの,D,ながらの = as it was。
Q0788,N2,grammar,form,"（　　）に入る最もよいものを選びなさい。

彼は泣き（　　）笑った。",ながら,つつもだけ,つつある,つつ,A,ながら。
Q0789,N2,grammar,form,"（　　）に入る最もよいものを選びなさい。

経済は回復し（　　）。",つつも,ながらに,つつある,ながらも,C,つつある = in the process of。
Q0790,N2,grammar,form,"（　　）に入る最もよいものを選びなさい。

悪いと知り（　　）、やってしまった。",つつある,ならでは,つつ,ながらに,C,つつ = although (written)。
Q0791,N2,grammar,form,"（　　）に入る最もよいものを選びなさい。

彼の成功は努力の結果に（　　）。",ほかにも,ほかない,ほかでは,ほかならない,D,にほかならない。
Q0792,N2,grammar,form,"（　　）に入る最もよいものを選びなさい。

やる（　　）ない。もう時間がない。",しか,まで,ほか,さえ,A,しかない。 ほかない also. やるしかない。
Q0793,N2,grammar,form,"（　　）に入る最もよいものを選びなさい。

行きたくない（　　）ではないが、今日は無理だ。",こと,もの,はず,わけ,D,わけではない。
Q0794,N2,grammar,order,"正しい文になるように並べ替えたとき、★に入るものを選びなさい。

天候に ★ （　） （　） （　） 。

部品：1.かかわらず　2.試合は　3.予定どおり　4.行われる",予定どおり,行われる,試合は,かかわらず,D,天候にかかわらず試合は予定どおり行われる。
Q0795,N2,grammar,order,"正しい文になるように並べ替えたとき、★に入るものを選びなさい。

彼の （　） ★ （　） （　） 。

部品：1.協力　2.なしには　3.完成し　4.なかった",なかった,完成し,協力,なしには,D,協力なしには完成しなかった。
Q0796,N2,grammar,order,"正しい文になるように並べ替えたとき、★に入るものを選びなさい。

規則に ★ （　） （　） （　） られる。

部品：1.沿って　2.行動する　3.ことが　4.求め",求め,沿って,行動する,ことが,B,規則に沿って行動することが求められる。
Q0797,N2,grammar,order,"正しい文になるように並べ替えたとき、★に入るものを選びなさい。

経験の （　） ★ （　） （　） 。

部品：1.有無を　2.問わず　3.応募　4.できる",問わず,有無を,応募,できる,A,有無を問わず応募できる。
Q0798,N2,grammar,order,"正しい文になるように並べ替えたとき、★に入るものを選びなさい。

終わる ★ （　） （　） （　） 待ってください。

部品：1.次第　2.連絡　3.します　4.ので",ので,連絡,します,次第,D,終わり次第連絡します。
Q0799,N2,grammar,order,"正しい文になるように並べ替えたとき、★に入るものを選びなさい。

言われる ★ （　） （　） （　） 。

部品：1.までもなく　2.彼は　3.気づいて　4.いた",までもなく,彼は,気づいて,いた,A,言われるまでもなく気づいていた。
Q0800,N2,grammar,order,"正しい文になるように並べ替えたとき、★に入るものを選びなさい。

失敗した ★ （　） （　） （　） 。

部品：1.からといって　2.諦める　3.必要は　4.ない",諦める,ない,必要は,からといって,D,からといって諦める必要はない。
Q0801,N2,grammar,order,"正しい文になるように並べ替えたとき、★に入るものを選びなさい。

約束した ★ （　） （　） （　） 。

部品：1.からには　2.守る　3.べき　4.だ",守る,からには,だ,べき,B,からには守るべきだ。
Q0802,N2,grammar,cloze,"次の文章の（　　）に入る最もよいものを選びなさい。

彼は十分準備した。（　　）結果は伴わなかった。",しかしながら,ならびに,すなわち,したがって,A,しかしながら = however。
Q0803,N2,grammar,cloze,"次の文章の（　　）に入る最もよいものを選びなさい。

予算が削減された。（　　）事業は縮小される。",しかしながら,したがって,あるいは,ならびに,B,したがって = therefore。
Q0804,N2,grammar,cloze,"次の文章の（　　）に入る最もよいものを選びなさい。

必要なのは資金、（　　）人材である。",それでも,しかしながら,ならびに,ところが,C,ならびに = and (formal)。
Q0805,N2,grammar,cloze,"次の文章の（　　）に入る最もよいものを選びなさい。

この案は現実的だ。（　　）費用がかかりすぎる。",したがって,ならびに,ただし,すなわち,C,ただし。
Q0806,N2,grammar,cloze,"次の文章の（　　）に入る最もよいものを選びなさい。

彼は反対した。（　　）代替案は示さなかった。",だが,したがって,ならびに,すなわち,A,だが。
Q0807,N2,grammar,cloze,"次の文章の（　　）に入る最もよいものを選びなさい。

問題は単純だ。（　　）実行が難しい。",すなわち,しかし,ならびに,したがって,B,しかし。
Q0808,N2,reading,mid,"【読解】
近年、地方都市では若者が減り、商店街が閉店していく例が多い。一方で、遠隔勤務の普及により、都市部から移り住む人も増え始めた。ただし、仕事さえあれば人が戻る、という単純な話ではない。医療・教育・交通といった生活基盤が伴わなければ、定着は難しい。筆者は、雇用創出と生活インフラを同時に進めるべきだと主張している。

【質問】筆者の主張に最も近いものはどれですか。",若者を都市に集めるべきだ,遠隔勤務を禁止すべきだ,雇用と生活基盤の両方を整えるべきだ,仕事さえあれば人は戻る,C,雇用創出と生活インフラを同時に。
Q0809,N2,reading,mid,"【読解】
近年、地方都市では若者が減り、商店街が閉店していく例が多い。一方で、遠隔勤務の普及により、都市部から移り住む人も増え始めた。ただし、仕事さえあれば人が戻る、という単純な話ではない。医療・教育・交通といった生活基盤が伴わなければ、定着は難しい。筆者は、雇用創出と生活インフラを同時に進めるべきだと主張している。

【質問】遠隔勤務の普及について、本文の内容と合うものはどれですか。",医療問題は解決した,若者は全員戻った,地方へ移る人が増え始めた,商店街が必ず復活した,C,移り住む人も増え始めた。
Q0810,N2,reading,short,"【読解】
新しい技術は便利だが、導入すればすぐ生産性が上がるわけではない。現場の人が使いこなせなければ、かえって手間が増える。大切なのは、技術そのものより、それを使う人の訓練と、仕事の進め方の見直しである。道具を変えても、考え方が古いままでは効果は限定的だ。

【質問】筆者が最も言いたいことは何ですか。",技術は導入しない方がよい,人の訓練と仕事の見直しが重要だ,考え方は変えなくてよい,新しい技術はすぐに効果が出る,B,訓練と進め方の見直し。
Q0811,N2,reading,short,"【読解】
会議は短いほどよい、と言われる。しかし短いだけでは不十分だ。事前に論点を共有し、その場では決めることに集中する。報告だけの会議は、文書に置き換えられる。時間を削ることと、中身を削ることを混同してはならない。

【質問】筆者の考えに合わないものはどれですか。",報告会議は必ず対面で行うべきだ,短くすることと中身を削ることは違う,事前に論点を共有すべきだ,決めることに集中すべきだ,A,報告は文書でよい、とある。
Q0812,N2,reading,info,"【情報検索】
【社員研修】
対象：入社3年未満（任意：それ以外も可、ただし定員超過時は対象者優先）
日程：6/12（水）9:00-17:00　※11:00以降の入場不可
場所：本社3階　持ち物：社員証、筆記用具（PC持参可、必須ではない）
申込：社内システム　締切：6/5 17:00　キャンセル：6/8 12:00まで

【質問】入社5年目の人が申し込むとどうなりますか。",申込不要で参加できる,絶対に参加できない,定員に空きがあれば参加できる,優先的に参加できる,C,任意だが対象者優先。
Q0813,N2,reading,info,"【情報検索】
【社員研修】
対象：入社3年未満（任意：それ以外も可、ただし定員超過時は対象者優先）
日程：6/12（水）9:00-17:00　※11:00以降の入場不可
場所：本社3階　持ち物：社員証、筆記用具（PC持参可、必須ではない）
申込：社内システム　締切：6/5 17:00　キャンセル：6/8 12:00まで

【質問】11:30に着いた人はどうなりますか。",入れない,社員証があれば入れる,午後だけ出られる,キャンセル扱い,A,11:00以降入場不可。
Q0814,N2,listening,task,"【聴解】スクリプトを読んで答えなさい。

女：見積もり、先方に送った？
男：数字がまだ確定してなくて。
女：暫定でいいから今日中に。確定値は明日追送で。
男：了解。今出す。

【質問】男の人はこれから何をしますか。",暫定の見積もりを送る,明日まとめて送る,送らない,確定まで待つ,A,暫定で今日中。
Q0815,N2,listening,task,"【聴解】スクリプトを読んで答えなさい。

男：資料、カラー印刷して。
女：部数が多くて予算が…。グラフのページだけカラーでいい？
男：それで。本文は白黒で。
女：わかった。

【質問】女の人は会議資料をどうしますか。",印刷しない,全部カラー,グラフだけカラー、本文は白黒,全部白黒,C,グラフのみカラー。
Q0816,N2,listening,task,"【聴解】スクリプトを読んで答えなさい。

女：A案は安いけど時間がかかる。B案は高いけど早い。
男：納期が厳しいから、速さ優先で。
女：Bだね。

【質問】二人はどの案を採用しますか。",B案,両方,どちらでもない,A案,A,速さ優先→B。
Q0817,N2,listening,point,"【聴解】スクリプトを読んで答えなさい。

女：この制度、現場は反対が多いよ。
男：反対があること自体は悪いと思わない。問題は、反対意見の行き先がないことだ。吸い上げる仕組みを先に作るべきだ。

【質問】男の人が言いたいことは何ですか。",現場の意見は無視してよい,制度はすぐ廃止せよ,反対するな,反対を受け止める仕組みが先に必要だ,D,吸い上げる仕組みが先。
Q0818,N2,listening,point,"【聴解】スクリプトを読んで答えなさい。

男：発表、来週でいい？
女：データが先週のままだと、質問に答えられない。更新してからにしたい。
男：わかった。

【質問】女の人が延期を主張する理由は何ですか。",来週は忙しい,データが多すぎる,データが古くて質問に答えられない,発表したくない,C,更新してから。
Q0819,N2,listening,gist,"【聴解】スクリプトを読んで答えなさい。

女：効率化という言葉で、確認作業まで削ると、後でやり直しが増える。速く見せかけて、実は遅くしていることがある。

【質問】女の人の話の要点は何ですか。",確認は全部無駄だ,やり直しは必要ない,確認を削るとかえって遅くなる,効率化は常に正しい,C,確認削減→やり直し増加。
Q0820,N2,listening,response,"【聴解・即時応答】正しい返事を選びなさい。

この件、私の方で引き取ってもよろしいですか。",よろしいですか。,引き取ってください、私の仕事を増やして。,ええ、お願いします。,いいえ、引き取って。,C,申し出を受ける。
Q0821,N2,listening,response,"【聴解・即時応答】正しい返事を選びなさい。

本日中は難しいかもしれません。",では、明日の午前ではいかがですか。,本日中にお願いします、無理でも。,難しいですね、終わり。,本日中ですね。,A,代替日程を提案。
Q0822,N2,listening,response,"【聴解・即時応答】正しい返事を選びなさい。

もう少し詳しくお聞かせいただけますか。",はい、例えばこういうことです。,お聞かせください。,いいえ、詳しくないです、必ず。,詳しくしてください。,A,補足説明。
Q0823,N2,listening,integrated,"【聴解】スクリプトを読んで答えなさい。

男：まずは安く広く告知すべきだ。
女：対象を絞らないと、問い合わせ対応が回らない。精度を上げてから広げたい。
男：機会を逃すよ。
女：失敗したときのコストの方が大きい。

【質問】男の人と女の人の意見の違いは何ですか。",男は広く安く、女は対象を絞ってから,二人ともすぐに広く告知したい,女は安く広くしたい,男は告知したくない,A,範囲 vs 精度。
Q0824,N1,vocabulary,kanji_reading,"次の文の［　］の言葉の読み方として最もよいものを選びなさい。

［来る］",ぎだる,きたる,まぎれる,たいとう,B,「来る」の読みは「きたる」。 意味: to come。
Q0825,N1,vocabulary,kanji_reading,"次の文の［　］の言葉の読み方として最もよいものを選びなさい。

［下地］",しとやか,あおぐ,じだじ,したじ,D,「下地」の読みは「したじ」。 意味: groundwork。
Q0826,N1,vocabulary,kanji_reading,"次の文の［　］の言葉の読み方として最もよいものを選びなさい。

［放置］",ぼうぢ,べんぎ,ほうち,なまり,C,「放置」の読みは「ほうち」。 意味: leave as is。
Q0827,N1,vocabulary,kanji_reading,"次の文の［　］の言葉の読み方として最もよいものを選びなさい。

［左利き］",ひだりき,ひだりょくき,ひだりきき,びだりぎぎ,C,「左利き」の読みは「ひだりきき」。 意味: left-handedness。
Q0828,N1,vocabulary,kanji_reading,"次の文の［　］の言葉の読み方として最もよいものを選びなさい。

［無効］",がんねん,むこう,むごう,むきょう,B,「無効」の読みは「むこう」。 意味: invalid。
Q0829,N1,vocabulary,kanji_reading,"次の文の［　］の言葉の読み方として最もよいものを選びなさい。

［陳列］",ちんれ,ちんれつ,ちんつ,ぢんれづ,B,「陳列」の読みは「ちんれつ」。 意味: exhibition。
Q0830,N1,vocabulary,kanji_reading,"次の文の［　］の言葉の読み方として最もよいものを選びなさい。

［眼科］",いぞん,がんが,がぬか,がんか,D,「眼科」の読みは「がんか」。 意味: ophthalmology。
Q0831,N1,vocabulary,kanji_reading,"次の文の［　］の言葉の読み方として最もよいものを選びなさい。

［津波］",つなみ,づなみ,つの,けつい,A,「津波」の読みは「つなみ」。 意味: tsunami。
Q0832,N1,vocabulary,kanji_reading,"次の文の［　］の言葉の読み方として最もよいものを選びなさい。

［損う］",そこな,そこなう,そこう,こなう,B,「損う」の読みは「そこなう」。 意味: to harm。
Q0833,N1,vocabulary,kanji_reading,"次の文の［　］の言葉の読み方として最もよいものを選びなさい。

［吟味］",ぎぬみ,ぎんみ,こぎって,はいぼく,B,「吟味」の読みは「ぎんみ」。 意味: examination。
Q0834,N1,vocabulary,kanji_reading,"次の文の［　］の言葉の読み方として最もよいものを選びなさい。

［立体］",りった,りったい,りっい,りっだい,B,「立体」の読みは「りったい」。 意味: solid body。
Q0835,N1,vocabulary,kanji_reading,"次の文の［　］の言葉の読み方として最もよいものを選びなさい。

［情熱］",じょうねつ,じようねつ,じょうねづ,じょうね,A,「情熱」の読みは「じょうねつ」。 意味: passion。
Q0836,N1,vocabulary,kanji_reading,"次の文の［　］の言葉の読み方として最もよいものを選びなさい。

［英雄］",いゆう,えいう,えいゆう,えいゆ,C,「英雄」の読みは「えいゆう」。 意味: hero。
Q0837,N1,vocabulary,kanji_reading,"次の文の［　］の言葉の読み方として最もよいものを選びなさい。

［肉体］",にぐだい,くたい,にくい,にくたい,D,「肉体」の読みは「にくたい」。 意味: the body。
Q0838,N1,vocabulary,kanji_reading,"次の文の［　］の言葉の読み方として最もよいものを選びなさい。

［軽率］",けいそつ,けいそ,いそつ,げいぞづ,A,「軽率」の読みは「けいそつ」。 意味: thoughtless。
Q0839,N1,vocabulary,kanji_reading,"次の文の［　］の言葉の読み方として最もよいものを選びなさい。

［お袋］",ふくろ,おふく,おふろ,おふくろ,D,「お袋」の読みは「おふくろ」。 意味: mother。
Q0840,N1,vocabulary,kanji_reading,"次の文の［　］の言葉の読み方として最もよいものを選びなさい。

［処罰］",しょば,ょばつ,しょばつ,じょばづ,C,「処罰」の読みは「しょばつ」。 意味: punishment。
Q0841,N1,vocabulary,kanji_reading,"次の文の［　］の言葉の読み方として最もよいものを選びなさい。

［遠方］",んぽう,えんぽ,えんう,えんぽう,D,「遠方」の読みは「えんぽう」。 意味: long way。
Q0842,N1,vocabulary,kanji_reading,"次の文の［　］の言葉の読み方として最もよいものを選びなさい。

［残高］",ざんだ,ざんだか,んだか,ざんか,B,「残高」の読みは「ざんだか」。 意味: (bank) balance。
Q0843,N1,vocabulary,kanji_reading,"次の文の［　］の言葉の読み方として最もよいものを選びなさい。

［踏み込む］",ふみこ,みこむ,ふみむ,ふみこむ,D,「踏み込む」の読みは「ふみこむ」。 意味: to step into (someone else's territory。
Q0844,N1,vocabulary,kanji_reading,"次の文の［　］の言葉の読み方として最もよいものを選びなさい。

［滑稽］",こけい,っけい,こっけ,こっけい,D,「滑稽」の読みは「こっけい」。 意味: funny。
Q0845,N1,vocabulary,kanji_reading,"次の文の［　］の言葉の読み方として最もよいものを選びなさい。

［無駄遣い］",むだづかい,むだづけい,むだづか,むだかい,A,「無駄遣い」の読みは「むだづかい」。 意味: waste money on。
Q0846,N1,vocabulary,kanji_reading,"次の文の［　］の言葉の読み方として最もよいものを選びなさい。

［名簿］",とうせん,すいげん,めいぼ,きけん,C,「名簿」の読みは「めいぼ」。 意味: register of names。
Q0847,N1,vocabulary,kanji_reading,"次の文の［　］の言葉の読み方として最もよいものを選びなさい。

［抑制］",よくせい,よぐぜい,くせい,よくうせい,A,「抑制」の読みは「よくせい」。 意味: control。
Q0848,N1,vocabulary,kanji_reading,"次の文の［　］の言葉の読み方として最もよいものを選びなさい。

［三味線］",しゃみせん,しやみせん,しゃみせぬ,しゃみせ,A,「三味線」の読みは「しゃみせん」。 意味: three-stringed Japanese guitar。
Q0849,N1,vocabulary,kanji_reading,"次の文の［　］の言葉の読み方として最もよいものを選びなさい。

［実践］",じっぜん,じっん,じっせん,じっせ,C,「実践」の読みは「じっせん」。 意味: practice。
Q0850,N1,vocabulary,kanji_reading,"次の文の［　］の言葉の読み方として最もよいものを選びなさい。

［情無い］",なさけな,さけない,なさけない,なざげない,C,「情無い」の読みは「なさけない」。 意味: miserable。
Q0851,N1,vocabulary,kanji_reading,"次の文の［　］の言葉の読み方として最もよいものを選びなさい。

［治安］",ちあん,せっち,ちあぬ,ぢあん,A,「治安」の読みは「ちあん」。 意味: public order。
Q0852,N1,vocabulary,kanji_reading,"次の文の［　］の言葉の読み方として最もよいものを選びなさい。

［愛想］",あいそう,あいぞう,いそう,あいそ,A,「愛想」の読みは「あいそう」。 意味: sociability。
Q0853,N1,vocabulary,kanji_reading,"次の文の［　］の言葉の読み方として最もよいものを選びなさい。

［購入］",こうにゅう,こうにゅ,うにゅう,きょうにゅう,A,「購入」の読みは「こうにゅう」。 意味: purchase。
Q0854,N1,vocabulary,kanji_reading,"次の文の［　］の言葉の読み方として最もよいものを選びなさい。

［概略］",いりゃく,がいりゃく,がいゃく,がいりやく,B,「概略」の読みは「がいりゃく」。 意味: outline。
Q0855,N1,vocabulary,kanji_reading,"次の文の［　］の言葉の読み方として最もよいものを選びなさい。

［大筋］",おおずじ,おおじ,おおす,おおすじ,D,「大筋」の読みは「おおすじ」。 意味: outline。
Q0856,N1,vocabulary,kanji_reading,"次の文の［　］の言葉の読み方として最もよいものを選びなさい。

［中枢］",ちゅうす,ちゆうすう,ちゅうすう,ゅうすう,C,「中枢」の読みは「ちゅうすう」。 意味: center。
Q0857,N1,vocabulary,kanji_reading,"次の文の［　］の言葉の読み方として最もよいものを選びなさい。

［根気］",ごんぎ,こんき,つぼみ,こぬき,B,「根気」の読みは「こんき」。 意味: patience。
Q0858,N1,vocabulary,kanji_reading,"次の文の［　］の言葉の読み方として最もよいものを選びなさい。

［合成］",うせい,ごうせ,ごうぜい,ごうせい,D,「合成」の読みは「ごうせい」。 意味: synthetic。
Q0859,N1,vocabulary,kanji_reading,"次の文の［　］の言葉の読み方として最もよいものを選びなさい。

［予て］",ごえい,かねて,がねて,がねで,B,「予て」の読みは「かねて」。 意味: previously。
Q0860,N1,vocabulary,kanji_reading,"次の文の［　］の言葉の読み方として最もよいものを選びなさい。

［投入］",とうにゅう,どうにゅう,とうゅう,うにゅう,A,「投入」の読みは「とうにゅう」。 意味: throw。
Q0861,N1,vocabulary,kanji_reading,"次の文の［　］の言葉の読み方として最もよいものを選びなさい。

［用件］",ようかん,ようけぬ,ようげん,ようけん,D,「用件」の読みは「ようけん」。 意味: business。
Q0862,N1,vocabulary,kanji_reading,"次の文の［　］の言葉の読み方として最もよいものを選びなさい。

［気軽］",きがる,かた,ぎがる,むらがる,A,「気軽」の読みは「きがる」。 意味: cheerful。
Q0863,N1,vocabulary,kanji_reading,"次の文の［　］の言葉の読み方として最もよいものを選びなさい。

［安静］",あんしょう,あんぜい,あんせい,あんせ,C,「安静」の読みは「あんせい」。 意味: rest。
Q0864,N1,vocabulary,kanji_reading,"次の文の［　］の言葉の読み方として最もよいものを選びなさい。

［勤勉］",きんべ,きんん,んべん,きんべん,D,「勤勉」の読みは「きんべん」。 意味: industry。
Q0865,N1,vocabulary,kanji_reading,"次の文の［　］の言葉の読み方として最もよいものを選びなさい。

［大家］",だいが,つとまる,たいが,たいか,D,「大家」の読みは「たいか」。 意味: rich family。
Q0866,N1,vocabulary,kanji_reading,"次の文の［　］の言葉の読み方として最もよいものを選びなさい。

［幹線］",かんん,がんせん,かんせ,かんせん,D,「幹線」の読みは「かんせん」。 意味: main line。
Q0867,N1,vocabulary,kanji_reading,"次の文の［　］の言葉の読み方として最もよいものを選びなさい。

［了解］",ょうかい,りょうかい,りょうがい,りょうけい,B,「了解」の読みは「りょうかい」。 意味: comprehension。
Q0868,N1,vocabulary,kanji_reading,"次の文の［　］の言葉の読み方として最もよいものを選びなさい。

［領地］",りょち,りょうち,りょう,りょうぢ,B,「領地」の読みは「りょうち」。 意味: territory。
Q0869,N1,vocabulary,kanji_reading,"次の文の［　］の言葉の読み方として最もよいものを選びなさい。

［一面］",いちん,いちめ,いぢめん,いちめん,D,「一面」の読みは「いちめん」。 意味: one side。
Q0870,N1,vocabulary,kanji_reading,"次の文の［　］の言葉の読み方として最もよいものを選びなさい。

［優美］",へり,ゆうび,しゅうし,みんぞく,B,「優美」の読みは「ゆうび」。 意味: grace。
Q0871,N1,vocabulary,kanji_reading,"次の文の［　］の言葉の読み方として最もよいものを選びなさい。

［給食］",きゅうしょ,ぎゅうじょぐ,ゅうしょく,きゅうしょく,D,「給食」の読みは「きゅうしょく」。 意味: school lunch。
Q0872,N1,vocabulary,kanji_reading,"次の文の［　］の言葉の読み方として最もよいものを選びなさい。

［書き取る］",かきとる,きとる,かきる,がきとる,A,「書き取る」の読みは「かきとる」。 意味: to write down。
Q0873,N1,vocabulary,kanji_reading,"次の文の［　］の言葉の読み方として最もよいものを選びなさい。

［振り返る］",りかえる,ぶりがえる,ふりかえ,ふりかえる,D,「振り返る」の読みは「ふりかえる」。 意味: to turn head。
Q0874,N1,vocabulary,kanji_reading,"次の文の［　］の言葉の読み方として最もよいものを選びなさい。

［加入］",がにゅう,かにゅう,にゅう,かにゅ,B,「加入」の読みは「かにゅう」。 意味: becoming a member。
Q0875,N1,vocabulary,kanji_reading,"次の文の［　］の言葉の読み方として最もよいものを選びなさい。

［境遇］",きょうぐう,こうぐう,きょぐう,ょうぐう,A,「境遇」の読みは「きょうぐう」。 意味: environment。
Q0876,N1,vocabulary,kanji_reading,"次の文の［　］の言葉の読み方として最もよいものを選びなさい。

［円滑］",えんか,えんかつ,えぬかつ,えんがづ,B,「円滑」の読みは「えんかつ」。 意味: harmony。
Q0877,N1,vocabulary,kanji_reading,"次の文の［　］の言葉の読み方として最もよいものを選びなさい。

［背く］",ぞむぐ,よかん,わら,そむく,D,「背く」の読みは「そむく」。 意味: to run counter to。
Q0878,N1,vocabulary,kanji_reading,"次の文の［　］の言葉の読み方として最もよいものを選びなさい。

［様式］",ようじぎ,ようしき,ようし,うしき,B,「様式」の読みは「ようしき」。 意味: style。
Q0879,N1,vocabulary,kanji_reading,"次の文の［　］の言葉の読み方として最もよいものを選びなさい。

［絶える］",とりかえ,たえる,ゆうぐれ,だえる,B,「絶える」の読みは「たえる」。 意味: to die out。
Q0880,N1,vocabulary,kanji_reading,"次の文の［　］の言葉の読み方として最もよいものを選びなさい。

［勧告］",んこく,かんこ,かんこく,かんく,C,「勧告」の読みは「かんこく」。 意味: advice。
Q0881,N1,vocabulary,kanji_reading,"次の文の［　］の言葉の読み方として最もよいものを選びなさい。

［道場］",どうじよう,どうょう,とうじょう,どうじょう,D,「道場」の読みは「どうじょう」。 意味: (arch) dojo。
Q0882,N1,vocabulary,kanji_reading,"次の文の［　］の言葉の読み方として最もよいものを選びなさい。

［台無し］",だいし,だいな,いなし,だいなし,D,「台無し」の読みは「だいなし」。 意味: mess。
Q0883,N1,vocabulary,kanji_reading,"次の文の［　］の言葉の読み方として最もよいものを選びなさい。

［繁栄］",はんえい,はんえ,はんい,ばんえい,A,「繁栄」の読みは「はんえい」。 意味: prospering。
Q0884,N1,vocabulary,kanji_reading,"次の文の［　］の言葉の読み方として最もよいものを選びなさい。

［燃料］",ねんりょ,ねんょう,ねんりよう,ねんりょう,D,「燃料」の読みは「ねんりょう」。 意味: fuel。
Q0885,N1,vocabulary,kanji_reading,"次の文の［　］の言葉の読み方として最もよいものを選びなさい。

［頑固］",がんこ,がぬこ,がんご,ゆうれい,A,「頑固」の読みは「がんこ」。 意味: stubbornness。
Q0886,N1,vocabulary,kanji_reading,"次の文の［　］の言葉の読み方として最もよいものを選びなさい。

［橋渡し］",ばじわだじ,しわたし,はしたし,はしわたし,D,「橋渡し」の読みは「はしわたし」。 意味: bridge building'。
Q0887,N1,vocabulary,kanji_reading,"次の文の［　］の言葉の読み方として最もよいものを選びなさい。

［戦術］",ぜんじゅづ,んじゅつ,せぬじゅつ,せんじゅつ,D,「戦術」の読みは「せんじゅつ」。 意味: tactics。
Q0888,N1,vocabulary,kanji_reading,"次の文の［　］の言葉の読み方として最もよいものを選びなさい。

［共稼ぎ］",ともかせ,ともかせぎ,もかせぎ,ともがせぎ,B,「共稼ぎ」の読みは「ともかせぎ」。 意味: working together。
Q0889,N1,vocabulary,kanji_reading,"次の文の［　］の言葉の読み方として最もよいものを選びなさい。

［助動詞］",じょどうし,じょうし,ょどうし,じょとうし,A,「助動詞」の読みは「じょどうし」。 意味: auxiliary verb。
Q0890,N1,vocabulary,kanji_reading,"次の文の［　］の言葉の読み方として最もよいものを選びなさい。

［諦め］",きらめ,あきら,あきらめ,あぎらめ,C,「諦め」の読みは「あきらめ」。 意味: resignation。
Q0891,N1,vocabulary,kanji_reading,"次の文の［　］の言葉の読み方として最もよいものを選びなさい。

［流し］",つかえる,こげちゃ,ながじ,ながし,D,「流し」の読みは「ながし」。 意味: sink。
Q0892,N1,vocabulary,kanji_reading,"次の文の［　］の言葉の読み方として最もよいものを選びなさい。

［原則］",げんく,げんそく,げんそ,んそく,B,「原則」の読みは「げんそく」。 意味: principle。
Q0893,N1,vocabulary,kanji_reading,"次の文の［　］の言葉の読み方として最もよいものを選びなさい。

［有力］",ゆうりよく,ゆうりょく,うりょく,ゆうりき,B,「有力」の読みは「ゆうりょく」。 意味: influence。
Q0894,N1,vocabulary,kanji_reading,"次の文の［　］の言葉の読み方として最もよいものを選びなさい。

［再会］",ざいがい,さいい,いかい,さいかい,D,「再会」の読みは「さいかい」。 意味: meeting again。
Q0895,N1,vocabulary,kanji_reading,"次の文の［　］の言葉の読み方として最もよいものを選びなさい。

［教科］",ぎょうが,きょうが,ょうか,きょうか,D,「教科」の読みは「きょうか」。 意味: subject。
Q0896,N1,vocabulary,kanji_reading,"次の文の［　］の言葉の読み方として最もよいものを選びなさい。

［一括］",いかつ,いっつ,いっかつ,いっがつ,C,「一括」の読みは「いっかつ」。 意味: all together。
Q0897,N1,vocabulary,kanji_reading,"次の文の［　］の言葉の読み方として最もよいものを選びなさい。

［時差］",じさ,ぶんご,むら,じざ,A,「時差」の読みは「じさ」。 意味: time difference。
Q0898,N1,vocabulary,kanji_reading,"次の文の［　］の言葉の読み方として最もよいものを選びなさい。

［廃止］",ばいじ,まひ,てんじ,はいし,D,「廃止」の読みは「はいし」。 意味: abolition。
Q0899,N1,vocabulary,kanji_reading,"次の文の［　］の言葉の読み方として最もよいものを選びなさい。

［好意］",ごうい,ちんぼつ,こうい,きょうい,C,「好意」の読みは「こうい」。 意味: good will。
Q0900,N1,vocabulary,kanji_reading,"次の文の［　］の言葉の読み方として最もよいものを選びなさい。

［天災］",てんさ,てぬさい,てんい,てんさい,D,「天災」の読みは「てんさい」。 意味: natural calamity。
Q0901,N1,vocabulary,kanji_reading,"次の文の［　］の言葉の読み方として最もよいものを選びなさい。

［発芽］",ばづが,めど,はつが,すばやい,C,「発芽」の読みは「はつが」。 意味: germination。
Q0902,N1,vocabulary,kanji_reading,"次の文の［　］の言葉の読み方として最もよいものを選びなさい。

［賠償］",ばいしょう,ばいしよう,いしょう,ばいしょ,A,「賠償」の読みは「ばいしょう」。 意味: reparations。
Q0903,N1,vocabulary,orthography,"次の文の［　］の言葉を漢字で書くとき、最もよいものを選びなさい。

［ちゅうどく］",中継,中毒,中立,中枢,B,「ちゅうどく」は「中毒」と書きます。 意味: poisoning。
Q0904,N1,vocabulary,orthography,"次の文の［　］の言葉を漢字で書くとき、最もよいものを選びなさい。

［もらす］",漏れる,多数決,漏る,漏らす,D,「もらす」は「漏らす」と書きます。 意味: to let leak。
Q0905,N1,vocabulary,orthography,"次の文の［　］の言葉を漢字で書くとき、最もよいものを選びなさい。

［りょうしき］",良識,良し,良心,良好,A,「りょうしき」は「良識」と書きます。 意味: good sense。
Q0906,N1,vocabulary,orthography,"次の文の［　］の言葉を漢字で書くとき、最もよいものを選びなさい。

［なげく］",嘆く,志す,産後,態勢,A,「なげく」は「嘆く」と書きます。 意味: to sigh。
Q0907,N1,vocabulary,orthography,"次の文の［　］の言葉を漢字で書くとき、最もよいものを選びなさい。

［ぼつらく］",没落,私物,版画,没収,A,「ぼつらく」は「没落」と書きます。 意味: ruin。
Q0908,N1,vocabulary,orthography,"次の文の［　］の言葉を漢字で書くとき、最もよいものを選びなさい。

［ふきん］",配給,布告,大便,布巾,D,「ふきん」は「布巾」と書きます。 意味: dish cloth。
Q0909,N1,vocabulary,orthography,"次の文の［　］の言葉を漢字で書くとき、最もよいものを選びなさい。

［はたく］",叩く,保守,断言,治安,A,「はたく」は「叩く」と書きます。 意味: to strike。
Q0910,N1,vocabulary,orthography,"次の文の［　］の言葉を漢字で書くとき、最もよいものを選びなさい。

［のぞましい］",産婦人科,望ましい,代る代る,遅くとも,B,「のぞましい」は「望ましい」と書きます。 意味: desirable。
Q0911,N1,vocabulary,orthography,"次の文の［　］の言葉を漢字で書くとき、最もよいものを選びなさい。

［かんじん］",様式,肝腎,知性,肝心,B,「かんじん」は「肝腎」と書きます。 意味: essential。
Q0912,N1,vocabulary,orthography,"次の文の［　］の言葉を漢字で書くとき、最もよいものを選びなさい。

［ゆうわく］",誘導,詳細,誘惑,監視,C,「ゆうわく」は「誘惑」と書きます。 意味: temptation。
Q0913,N1,vocabulary,orthography,"次の文の［　］の言葉を漢字で書くとき、最もよいものを選びなさい。

［こうしょう］",高原,高尚,審議,自転,B,「こうしょう」は「高尚」と書きます。 意味: high。
Q0914,N1,vocabulary,orthography,"次の文の［　］の言葉を漢字で書くとき、最もよいものを選びなさい。

［ねうち］",値引き,値打ち,値,堪える,B,「ねうち」は「値打ち」と書きます。 意味: value。
Q0915,N1,vocabulary,orthography,"次の文の［　］の言葉を漢字で書くとき、最もよいものを選びなさい。

［さえぎる］",暴力,持続,専用,遮る,D,「さえぎる」は「遮る」と書きます。 意味: to interrupt。
Q0916,N1,vocabulary,orthography,"次の文の［　］の言葉を漢字で書くとき、最もよいものを選びなさい。

［けんりょく］",権力,取材,権限,権威,A,「けんりょく」は「権力」と書きます。 意味: (political) power。
Q0917,N1,vocabulary,orthography,"次の文の［　］の言葉を漢字で書くとき、最もよいものを選びなさい。

［じょうりく］",上がり,上位,上陸,上空,C,「じょうりく」は「上陸」と書きます。 意味: landing。
Q0918,N1,vocabulary,orthography,"次の文の［　］の言葉を漢字で書くとき、最もよいものを選びなさい。

［ごくらく］",極めて,極楽,極端,用品,B,「ごくらく」は「極楽」と書きます。 意味: paradise。
Q0919,N1,vocabulary,orthography,"次の文の［　］の言葉を漢字で書くとき、最もよいものを選びなさい。

［ほかん］",保温,保険,保管,保つ,C,「ほかん」は「保管」と書きます。 意味: custody。
Q0920,N1,vocabulary,orthography,"次の文の［　］の言葉を漢字で書くとき、最もよいものを選びなさい。

［しょうげん］",証拠,漏る,証,証言,D,「しょうげん」は「証言」と書きます。 意味: evidence。
Q0921,N1,vocabulary,orthography,"次の文の［　］の言葉を漢字で書くとき、最もよいものを選びなさい。

［むよう］",無能,無茶,無用,無論,C,「むよう」は「無用」と書きます。 意味: useless。
Q0922,N1,vocabulary,orthography,"次の文の［　］の言葉を漢字で書くとき、最もよいものを選びなさい。

［ねんしょう］",正当,燃料,燃焼,採択,C,「ねんしょう」は「燃焼」と書きます。 意味: burning。
Q0923,N1,vocabulary,orthography,"次の文の［　］の言葉を漢字で書くとき、最もよいものを選びなさい。

［ぎょせん］",漁村,捕虜,漁船,盲点,C,「ぎょせん」は「漁船」と書きます。 意味: fishing boat。
Q0924,N1,vocabulary,orthography,"次の文の［　］の言葉を漢字で書くとき、最もよいものを選びなさい。

［ていぎ］",定食,定める,定まる,定義,D,「ていぎ」は「定義」と書きます。 意味: definition。
Q0925,N1,vocabulary,orthography,"次の文の［　］の言葉を漢字で書くとき、最もよいものを選びなさい。

［さいく］",細工,細菌,細胞,細やか,A,「さいく」は「細工」と書きます。 意味: work。
Q0926,N1,vocabulary,orthography,"次の文の［　］の言葉を漢字で書くとき、最もよいものを選びなさい。

［つりかわ］",逆立ち,耳鼻科,逃れる,吊り革,D,「つりかわ」は「吊り革」と書きます。 意味: strap。
Q0927,N1,vocabulary,orthography,"次の文の［　］の言葉を漢字で書くとき、最もよいものを選びなさい。

［よし］",良識,良し,良質,良心,B,「よし」は「良し」と書きます。 意味: all right!。
Q0928,N1,vocabulary,orthography,"次の文の［　］の言葉を漢字で書くとき、最もよいものを選びなさい。

［あざむく］",焦る,欺く,再会,個性,B,「あざむく」は「欺く」と書きます。 意味: to deceive。
Q0929,N1,vocabulary,orthography,"次の文の［　］の言葉を漢字で書くとき、最もよいものを選びなさい。

［まるめる］",丸々,上がり,丸ごと,丸める,D,「まるめる」は「丸める」と書きます。 意味: to make round。
Q0930,N1,vocabulary,orthography,"次の文の［　］の言葉を漢字で書くとき、最もよいものを選びなさい。

［いっけん］",一面,一別,一連,一見,D,「いっけん」は「一見」と書きます。 意味: a look。
Q0931,N1,vocabulary,orthography,"次の文の［　］の言葉を漢字で書くとき、最もよいものを選びなさい。

［かこう］",突く,調停,加工,加入,C,「かこう」は「加工」と書きます。 意味: manufacturing。
Q0932,N1,vocabulary,orthography,"次の文の［　］の言葉を漢字で書くとき、最もよいものを選びなさい。

［にゅうしゅ］",直感,入浴,入賞,入手,D,「にゅうしゅ」は「入手」と書きます。 意味: obtaining。
Q0933,N1,vocabulary,orthography,"次の文の［　］の言葉を漢字で書くとき、最もよいものを選びなさい。

［こんどう］",自覚,混血,下心,混同,D,「こんどう」は「混同」と書きます。 意味: confusion。
Q0934,N1,vocabulary,orthography,"次の文の［　］の言葉を漢字で書くとき、最もよいものを選びなさい。

［たんいつ］",単一,単独,背く,単調,A,「たんいつ」は「単一」と書きます。 意味: single。
Q0935,N1,vocabulary,orthography,"次の文の［　］の言葉を漢字で書くとき、最もよいものを選びなさい。

［あらす］",荒っぽい,荒らす,定める,使い道,B,「あらす」は「荒らす」と書きます。 意味: to damage。
Q0936,N1,vocabulary,orthography,"次の文の［　］の言葉を漢字で書くとき、最もよいものを選びなさい。

［じょうしょう］",上昇,上演,上空,上回る,A,「じょうしょう」は「上昇」と書きます。 意味: rising。
Q0937,N1,vocabulary,orthography,"次の文の［　］の言葉を漢字で書くとき、最もよいものを選びなさい。

［ぎきょく］",壮大,過密,戯曲,確定,C,「ぎきょく」は「戯曲」と書きます。 意味: play。
Q0938,N1,vocabulary,orthography,"次の文の［　］の言葉を漢字で書くとき、最もよいものを選びなさい。

［たいひ］",対比,対決,対処,対面,A,「たいひ」は「対比」と書きます。 意味: contrast。
Q0939,N1,vocabulary,orthography,"次の文の［　］の言葉を漢字で書くとき、最もよいものを選びなさい。

［みあい］",見落とす,見通し,見合い,見晴らし,C,「みあい」は「見合い」と書きます。 意味: formal marriage interview。
Q0940,N1,vocabulary,orthography,"次の文の［　］の言葉を漢字で書くとき、最もよいものを選びなさい。

［とうそつ］",統制,統合,統率,統治,C,「とうそつ」は「統率」と書きます。 意味: command。
Q0941,N1,vocabulary,orthography,"次の文の［　］の言葉を漢字で書くとき、最もよいものを選びなさい。

［とっきょ］",特産,特派,特許,特技,C,「とっきょ」は「特許」と書きます。 意味: special permission。
Q0942,N1,vocabulary,orthography,"次の文の［　］の言葉を漢字で書くとき、最もよいものを選びなさい。

［へいじょう］",転回,平たい,平常,平方,C,「へいじょう」は「平常」と書きます。 意味: normal。
Q0943,N1,vocabulary,context,"（　　）に入る最もよいものを選びなさい。

この問題は（　　）を要する。",即座の中止,感情的反発,慎重な判断,軽率な判断,C,慎重な判断を要する。
Q0944,N1,vocabulary,context,"（　　）に入る最もよいものを選びなさい。

彼の議論には（　　）がある。",飛行,飛散,飛躍的成長だけ,飛躍,D,議論に飛躍がある。
Q0945,N1,vocabulary,context,"（　　）に入る最もよいものを選びなさい。

この政策は格差を（　　）しかねない。",助,助手,助長,助成金,C,助長する = encourage (often negative)。
Q0946,N1,vocabulary,context,"（　　）に入る最もよいものを選びなさい。

彼女は困難を（　　）乗り越えた。",見失って,見苦しく,見逃して,見事に,D,見事に乗り越える。
Q0947,N1,vocabulary,context,"（　　）に入る最もよいものを選びなさい。

この結論は性急に（　　）。",失うだけ,失礼する,失する,失業する,C,性急に失する = be overly hasty。
Q0948,N1,vocabulary,context,"（　　）に入る最もよいものを選びなさい。

彼は批判を（　　）受け入れた。",真摯に,真逆に,真剣みなく,真心だけなく,A,真摯に。
Q0949,N1,vocabulary,context,"（　　）に入る最もよいものを選びなさい。

この計画は（　　）に富む。",独自性だけなく独,独創性,独創,独自路線な味,B,独創性に富む。
Q0950,N1,vocabulary,context,"（　　）に入る最もよいものを選びなさい。

議論は（　　）に終わった。",不満,不明,不毛,不運,C,不毛に終わる。
Q0951,N1,vocabulary,context,"（　　）に入る最もよいものを選びなさい。

彼の態度は（　　）を欠く。",一貫,一言,一同,一貫性,D,一貫性を欠く。
Q0952,N1,vocabulary,context,"（　　）に入る最もよいものを選びなさい。

この改革は既得権に（　　）する。",低触,抵触,提携,抵抗勢力だけ,B,抵触する。
Q0953,N1,vocabulary,context,"（　　）に入る最もよいものを選びなさい。

彼女は現状を（　　）に分析した。",冷淡な味,冷静すぎて誤り,冷徹,冷酷な人柄だけ,C,冷徹に分析。
Q0954,N1,vocabulary,context,"（　　）に入る最もよいものを選びなさい。

この措置は（　　）的効果しかない。",対象,対照,対症,対称,C,対症療法的。
Q0955,N1,vocabulary,context,"（　　）に入る最もよいものを選びなさい。

彼は責任の所在を（　　）した。",明確化,鮮明,鮮明化だけ,曖昧,D,曖昧にした。
Q0956,N1,vocabulary,context,"（　　）に入る最もよいものを選びなさい。

この問題は構造的に（　　）している。",疲れ,疲労困憊な個人,疲れた,疲弊,D,組織が疲弊する。
Q0957,N1,vocabulary,context,"（　　）に入る最もよいものを選びなさい。

彼女の指摘は（　　）を突いている。",急,急務だけ,急所,急速,C,急所を突く。
Q0958,N1,vocabulary,context,"（　　）に入る最もよいものを選びなさい。

この説明は（　　）にすぎる。",抽象的,具体的,実践的,実証的,A,抽象的にすぎる。
Q0959,N1,vocabulary,context,"（　　）に入る最もよいものを選びなさい。

彼は反対意見を（　　）した。",封筒,封建,封鎖道路,封殺,D,封殺する。
Q0960,N1,vocabulary,context,"（　　）に入る最もよいものを選びなさい。

この数字は（　　）されている疑いがある。",粉砕,紛失,粉飾,粉,C,粉飾決算。
Q0961,N1,vocabulary,context,"（　　）に入る最もよいものを選びなさい。

議論の（　　）を合わせる。",土地,土俵,土曜,土台だけなく土,B,土俵を合わせる = set common ground。
Q0962,N1,vocabulary,context,"（　　）に入る最もよいものを選びなさい。

彼は問題を（　　）に先送りした。",安定,安易,安価,安堵,B,安易に先送り。
Q0963,N1,vocabulary,paraphrase,"意味が近いものを選びなさい。

彼はついに構想を撤回した。",彼は案を発表した。,彼はとうとう案を取り下げた。,彼は案を忘れた。,彼は案を押し通した。,B,撤回 ≒ 取り下げ。
Q0964,N1,vocabulary,paraphrase,"意味が近いものを選びなさい。

この判断は拙速だ。",この判断は遅い。,この判断は急ぎすぎだ。,この判断は慎重だ。,この判断はない。,B,拙速 = hasty and crude。
Q0965,N1,vocabulary,paraphrase,"意味が近いものを選びなさい。

彼女は彼を糾弾した。",彼女は彼を許した。,彼女は彼を無視した。,彼女は彼を厳しく責めた。,彼女は彼を褒めた。,C,糾弾 = denounce。
Q0966,N1,vocabulary,paraphrase,"意味が近いものを選びなさい。

この改革は形骸化した。",この改革は強化された。,この改革は中身がなくなった。,この改革は始まったばかりだ。,この改革は成功した。,B,形骸化 = become hollow。
Q0967,N1,vocabulary,paraphrase,"意味が近いものを選びなさい。

彼は保身に走った。",彼は責任を取った。,彼は大胆に挑戦した。,彼は他人を守った。,彼は自分を守ることばかり考えた。,D,保身。
Q0968,N1,vocabulary,paraphrase,"意味が近いものを選びなさい。

この議論は不毛だ。",この議論は楽しい。,この議論は成果を生まない。,この議論は有益だ。,この議論は短い。,B,不毛。
Q0969,N1,vocabulary,paraphrase,"意味が近いものを選びなさい。

彼女は忖度した。",彼女は無視した。,彼女は自分の意見だけ言った。,彼女は相手の意向を推測して動いた。,彼女は怒った。,C,忖度。
Q0970,N1,vocabulary,paraphrase,"意味が近いものを選びなさい。

この数字は過大評価だ。",この数字は正確だ。,この数字は実際より高く見積もられている。,この数字は実際より低い。,この数字はない。,B,過大評価。
Q0971,N1,vocabulary,paraphrase,"意味が近いものを選びなさい。

彼は詭弁を弄した。",彼は黙った。,彼は正直に話した。,彼は謝った。,彼は無理な理屈でごまかした。,D,詭弁。
Q0972,N1,vocabulary,paraphrase,"意味が近いものを選びなさい。

この制度は形ばかりだ。",この制度は実質を伴わない。,この制度は厳しい。,この制度はよく機能している。,この制度は新しい。,A,形ばかり。
Q0973,N1,vocabulary,paraphrase,"意味が近いものを選びなさい。

彼女は局面を打開した。",彼女は現状を維持した。,彼女は諦めた。,彼女は逃げた。,彼女は行き詰まりを破った。,D,打開。
Q0974,N1,vocabulary,paraphrase,"意味が近いものを選びなさい。

この発言は失当だ。",この発言は短い。,この発言はない。,この発言は適切でない。,この発言は正しい。,C,失当。
Q0975,N1,vocabulary,paraphrase,"意味が近いものを選びなさい。

彼は既成事実を作った。",彼は待った。,彼はルールを守った。,彼は先にやってしまって後から認めさせようとした。,彼は相談した。,C,既成事実。
Q0976,N1,vocabulary,paraphrase,"意味が近いものを選びなさい。

この批判は的を射ている。",この批判は古い。,この批判は弱い。,この批判は的外れだ。,この批判は要点を捉えている。,D,的を射る。
Q0977,N1,vocabulary,paraphrase,"意味が近いものを選びなさい。

彼女は矜持を保った。",彼女は諦めた。,彼女は誇りを失わなかった。,彼女は謙遜しすぎた。,彼女は怒った。,B,矜持 = pride。
Q0978,N1,vocabulary,usage,"言葉の使い方として最もよいものを選びなさい。

【形骸】",骨が形骸した。,規則が形骸化して誰も守らなくなった。,彼は形骸に歩いた。,形骸な風だ。,B,形骸化。
Q0979,N1,vocabulary,usage,"言葉の使い方として最もよいものを選びなさい。

【踏襲】",この机は踏襲だ。,踏襲な雨だ。,彼は踏襲に怒った。,従来の方針を踏襲する。,D,踏襲する = follow (precedent)。
Q0980,N1,vocabulary,usage,"言葉の使い方として最もよいものを選びなさい。

【喚起】",彼は喚起に泳いだ。,喚起な空だ。,注意を喚起する。,この味は喚起だ。,C,喚起する。
Q0981,N1,vocabulary,usage,"言葉の使い方として最もよいものを選びなさい。

【是正】",この山は是正だ。,不公平を是正する。,是正な風だ。,彼は是正に寝た。,B,是正する = correct (an injustice)。
Q0982,N1,vocabulary,usage,"言葉の使い方として最もよいものを選びなさい。

【逸脱】",規則から逸脱する。,逸脱な料理だ。,彼は逸脱に走った、文として不自然。,この本は逸脱だ。,A,逸脱する。
Q0983,N1,vocabulary,usage,"言葉の使い方として最もよいものを選びなさい。

【拮抗】",この机は拮抗だ。,彼は拮抗に笑った。,二社のシェアが拮抗している。,拮抗な雨だ。,C,拮抗する = be neck and neck。
Q0984,N1,vocabulary,usage,"言葉の使い方として最もよいものを選びなさい。

【露呈】",露呈な空だ。,矛盾が露呈した。,この橋は露呈だ。,彼は露呈に歩いた。,B,露呈する = come to light。
Q0985,N1,vocabulary,usage,"言葉の使い方として最もよいものを選びなさい。

【払拭】",不安を払拭する。,この味は払拭だ。,払拭な風だ。,彼は払拭に怒った。,A,払拭する = wipe away。
Q0986,N1,vocabulary,usage,"言葉の使い方として最もよいものを選びなさい。

【罷免】",彼は罷免に泳いだ。,この机は罷免だ。,罷免な雨だ。,大臣が罷免された。,D,罷免 = dismiss from office。
Q0987,N1,vocabulary,usage,"言葉の使い方として最もよいものを選びなさい。

【踏まえる】",床を踏まえて歩いた、ただの歩行。,過去の失敗を踏まえて計画する。,この山は踏まえるだ。,踏まえるな風だ。,B,を踏まえて = based on。
Q0988,N1,vocabulary,usage,"言葉の使い方として最もよいものを選びなさい。

【鑑みる】",先例に鑑みて判断する。,鑑みるな空だ。,鏡に鑑みた。,彼は鑑みに走った。,A,に鑑みて。
Q0989,N1,vocabulary,usage,"言葉の使い方として最もよいものを選びなさい。

【準ずる】",準ずるな雨だ。,正社員に準ずる待遇だ。,彼は準ずるに寝た。,この本は準ずるだ。,B,に準ずる。
Q0990,N1,grammar,form,"（　　）に入る最もよいものを選びなさい。

この仕事を任せられるのは、彼を（　　）ほかにいない。",もって,こめて,おいて,ふまえて,C,をおいてほかにない。
Q0991,N1,grammar,form,"（　　）に入る最もよいものを選びなさい。

努力（　　）成功はあり得ない。",いかん,ごとき,ならでは,なくして,D,なくして〜ない。
Q0992,N1,grammar,form,"（　　）に入る最もよいものを選びなさい。

結果の（　　）では、計画を見直す。",いかん,ながらに,ながらも,ごとき,A,いかんでは。
Q0993,N1,grammar,form,"（　　）に入る最もよいものを選びなさい。

彼（　　）人はそういない。",のごとくだけ走る,のごとき,ながらの,ながらも,B,ごとき。
Q0994,N1,grammar,form,"（　　）に入る最もよいものを選びなさい。

彼の健康が案じられて（　　）。",やまない雨,たまらないほど暇,ならない,おかない罰,C,てならない = can't help。
Q0995,N1,grammar,form,"（　　）に入る最もよいものを選びなさい。

暑くて（　　）。",ならないだけ論理,やまない,おかない,たまらない,D,てたまらない。
Q0996,N1,grammar,form,"（　　）に入る最もよいものを選びなさい。

ご発展を願って（　　）。",たまらない,やまない,ならない暑さ,おかない,B,てやまない。
Q0997,N1,grammar,form,"（　　）に入る最もよいものを選びなさい。

彼は怒りを抑えずには（　　）。",おかないまで,おかなかった,いられなかった、別パターン,すまなかっただけ,B,ずにはおかない。
Q0998,N1,grammar,form,"（　　）に入る最もよいものを選びなさい。

言わずには（　　）内容だ。",いられない,すまないだけ,ならない暑さ,おかない罰,A,ずにはいられない。
Q0999,N1,grammar,form,"（　　）に入る最もよいものを選びなさい。

謝らずには（　　）だろう。",おかない,いられない暑さ,すまない,ならない,C,ずにはすまない。
Q1000,N1,grammar,form,"（　　）に入る最もよいものを選びなさい。

見るからに（　　）様子だった。",関係ない,具合が悪そうな,元気なばかり,普通の,B,見るからに。
Q1001,N1,grammar,form,"（　　）に入る最もよいものを選びなさい。

彼は来る（　　）と思っていたのに。",ことと,はずがなく必ず,わけではなく必ず来る,ものと,D,来るものと思っていた。
Q1002,N1,grammar,form,"（　　）に入る最もよいものを選びなさい。

そんな要求、応じられる（　　）ではない。",もの,はずのみ,こと,わけのみ必ず,A,ものではない。
Q1003,N1,grammar,form,"（　　）に入る最もよいものを選びなさい。

言った（　　）責任を取れ。",からには,からして笑顔,からといって逃げてよい,からでないと開始,A,からには。
Q1004,N1,grammar,form,"（　　）に入る最もよいものを選びなさい。

彼の態度（　　）許せない。",からといって必ず,からして,からでないと,からには守れ,B,からして。
Q1005,N1,grammar,form,"（　　）に入る最もよいものを選びなさい。

失礼（　　）態度だ。",極まる暇,極まりない,極めてない,極みなく簡単,B,極まりない。
Q1006,N1,grammar,form,"（　　）に入る最もよいものを選びなさい。

危険（　　）行為だ。",極まる,極みなく安全,極めてない,極まりある,A,危険極まる。
Q1007,N1,grammar,form,"（　　）に入る最もよいものを選びなさい。

彼は泣かん（　　）だった。",ばかりか反対,ばかり,がため,とばかりに,B,んばかり。
Q1008,N1,grammar,form,"（　　）に入る最もよいものを選びなさい。

合格せん（　　）勉強している。",がため,とばかり,ばかりか,ばかり,A,んがため。
Q1009,N1,grammar,form,"（　　）に入る最もよいものを選びなさい。

彼は待っていたと（　　）飛び出した。",んがため,ばかりか,んばかり,ばかりに,D,とばかりに。
Q1010,N1,grammar,form,"（　　）に入る最もよいものを選びなさい。

急な（　　）、準備不足は否めない。",ことなし,ことだし,こととて,ことには,C,こととて = because (given that)。
Q1011,N1,grammar,form,"（　　）に入る最もよいものを選びなさい。

彼は来るや（　　）、文句を言い始めた。",いなや,ならず,否応,否め,A,やいなや。
Q1012,N1,grammar,form,"（　　）に入る最もよいものを選びなさい。

ベルが鳴るか（　　）かのうちに飛び出した。",鳴ろう,鳴った,鳴らない,鳴って,C,るか〜ないかのうちに。
Q1013,N1,grammar,form,"（　　）に入る最もよいものを選びなさい。

家に着いた（　　）、雨が降り出した。",と思うな,と思いきや晴れ,かと思うと,かと思いきや止まって,C,かと思うと。
Q1014,N1,grammar,form,"（　　）に入る最もよいものを選びなさい。

簡単かと（　　）、実は難しかった。",思うとすぐ,思わず,思いきや,思えば必ず,C,かと思いきや。
Q1015,N1,grammar,form,"（　　）に入る最もよいものを選びなさい。

彼は卒業する（　　）、会社を起こした。",そばから,かたわら,ながらも,が早いか,D,が早いか = as soon as。
Q1016,N1,grammar,form,"（　　）に入る最もよいものを選びなさい。

教えた（　　）忘れていく。",かたわら,やいなや,が早いか,そばから,D,そばから = as soon as (repeated)。
Q1017,N1,grammar,form,"（　　）に入る最もよいものを選びなさい。

仕事の（　　）、小説も書いている。",が早いか,やいなや,そばから,かたわら,D,かたわら = alongside。
Q1018,N1,grammar,form,"（　　）に入る最もよいものを選びなさい。

この問題は、彼をおいて（　　）。",任せるな,関係ない,誰でもいい,ほかに任せられない,D,をおいてほかに。
Q1019,N1,grammar,form,"（　　）に入る最もよいものを選びなさい。

今さら後悔した（　　）。",ところでどうにもならない,ところで必ず変わる,ところで成功する,ところで始める価値大,A,たところで = even if。
Q1020,N1,grammar,form,"（　　）に入る最もよいものを選びなさい。

行こうが（　　）が、結果は同じだ。",行って,行くまい,行った,行く,B,うが〜まいが。
Q1021,N1,grammar,form,"（　　）に入る最もよいものを選びなさい。

彼であれ彼女（　　）、例外はない。",であって,であれば,であれ,であり,C,であれ〜であれ。
Q1022,N1,grammar,form,"（　　）に入る最もよいものを選びなさい。

この料理は、この店（　　）だ。",ならでは,ながらに,ながらも,ながらの,A,ならでは。
Q1023,N1,grammar,form,"（　　）に入る最もよいものを選びなさい。

生まれ（　　）の才能だ。",ながらに生き,ながら,ならでは,ながらも,B,生まれながらの。
Q1024,N1,grammar,form,"（　　）に入る最もよいものを選びなさい。

彼は貧困（　　）学問を続けた。",ながらの,ながらも,ならでは,ながらに,B,ながらも。
Q1025,N1,grammar,form,"（　　）に入る最もよいものを選びなさい。

理由の（　　）、遅刻は認めない。",いかんでは認める,いかんともしがたい成功,いかんによらず,いかん,C,いかんによらず = regardless。
Q1026,N1,grammar,form,"（　　）に入る最もよいものを選びなさい。

この件は、部長の判断に（　　）。",かけてだけ,かかわらず必ず,かかわりなく無関係,かかっている,D,にかかっている。
Q1027,N1,grammar,form,"（　　）に入る最もよいものを選びなさい。

彼の成功は努力に（　　）。",ほかならない,ほかない選択,ほかにも原因多数、否定,ほかでは,A,にほかならない。
Q1028,N1,grammar,form,"（　　）に入る最もよいものを選びなさい。

言う（　　）だ。やるしかない。",まで,までで,までもない,までに,A,までだ。
Q1029,N1,grammar,form,"（　　）に入る最もよいものを選びなさい。

説明する（　　）。誰でも知っている。",までもない,までだ,までで,までに,A,までもない。
Q1030,N1,grammar,form,"（　　）に入る最もよいものを選びなさい。

彼は遅刻の（　　）だ。",うち,限り,始末,極み,C,始末だ (negative outcome)。
Q1031,N1,grammar,form,"（　　）に入る最もよいものを選びなさい。

できる（　　）やってみよう。",だけのことは,だけまし,だけあって必ず成功,だけに難しい,A,だけのことはする。
Q1032,N1,grammar,form,"（　　）に入る最もよいものを選びなさい。

失敗した。それでも、やらない（　　）。",だけのことは,だけましだ,だけに,だけあって,B,ないだけまし。
Q1033,N1,grammar,form,"（　　）に入る最もよいものを選びなさい。

プロ（　　）、違う。",だけに失敗,だけのことはなく失敗,だけあって,だけまし,C,だけあって。
Q1034,N1,grammar,form,"（　　）に入る最もよいものを選びなさい。

この問題は、考えれば考える（　　）わからなくなる。",まで,だけ,より,ほど,D,ば〜ほど。
Q1035,N1,grammar,form,"（　　）に入る最もよいものを選びなさい。

彼に言わせ（　　）、私のせいだ。",ると,れば言うほど,れば,たら必ず違う,C,言わせれば。
Q1036,N1,grammar,form,"（　　）に入る最もよいものを選びなさい。

この話は、彼に（　　）言えない。",だに,さえも全員,すら,しか,D,にしか。
Q1037,N1,grammar,form,"（　　）に入る最もよいものを選びなさい。

専門家（　　）わからない問題だ。",ならでは簡単,なくして簡単,でさえ,ながらも必ず,C,でさえ。
Q1038,N1,grammar,form,"（　　）に入る最もよいものを選びなさい。

彼は挨拶（　　）しない。",だに喜ぶ,すら,こそすれ,さえあれば,B,すら。
Q1039,N1,grammar,form,"（　　）に入る最もよいものを選びなさい。

想像（　　）しない惨事だった。",こそすれ,だに,すら簡単,さえあれば,B,だにしない。
Q1040,N1,grammar,order,"正しい文になるように並べ替えたとき、★に入るものを選びなさい。

彼を ★ （　） （　） （　） いない。

部品：1.おいて　2.ほかに　3.任せられる　4.人は",任せられる,おいて,人は,ほかに,B,をおいてほかに任せられる人はいない。
Q1041,N1,grammar,order,"正しい文になるように並べ替えたとき、★に入るものを選びなさい。

努力 ★ （　） （　） （　） 。

部品：1.なくして　2.成功は　3.あり　4.得ない",成功は,得ない,なくして,あり,C,なくして成功はあり得ない。
Q1042,N1,grammar,order,"正しい文になるように並べ替えたとき、★に入るものを選びなさい。

来るや ★ （　） （　） （　） 。

部品：1.いなや　2.文句を　3.言い　4.始めた",文句を,始めた,言い,いなや,D,やいなや文句を言い始めた。
Q1043,N1,grammar,order,"正しい文になるように並べ替えたとき、★に入るものを選びなさい。

教えた ★ （　） （　） （　） 困る。

部品：1.そばから　2.忘れて　3.いく　4.ので",ので,そばから,いく,忘れて,B,そばから忘れていく。
Q1044,N1,grammar,order,"正しい文になるように並べ替えたとき、★に入るものを選びなさい。

理由の （　） ★ （　） （　） 。

部品：1.いかんに　2.よらず　3.遅刻は　4.認めない",いかんに,認めない,遅刻は,よらず,D,いかんによらず認めない。
Q1045,N1,grammar,order,"正しい文になるように並べ替えたとき、★に入るものを選びなさい。

今さら （　） ★ （　） （　） 。

部品：1.後悔した　2.ところで　3.どうにも　4.ならない",ならない,後悔した,どうにも,ところで,D,たところでどうにもならない。
Q1046,N1,grammar,order,"正しい文になるように並べ替えたとき、★に入るものを選びなさい。

説明する ★ （　） （　） （　） 。

部品：1.までも　2.ない　3.誰でも　4.知っている",までも,誰でも,知っている,ない,A,までもない。
Q1047,N1,grammar,order,"正しい文になるように並べ替えたとき、★に入るものを選びなさい。

プロ ★ （　） （　） （　） 思う。

部品：1.だけあって　2.技術が　3.違う　4.と",違う,と,技術が,だけあって,D,だけあって技術が違う。
Q1048,N1,grammar,cloze,"次の文章の（　　）に入る最もよいものを選びなさい。

改革は必要だ。（　　）性急であってはならない。",ならびに,とはいえ,したがって,すなわち,B,とはいえ。
Q1049,N1,grammar,cloze,"次の文章の（　　）に入る最もよいものを選びなさい。

予算は限られている。（　　）優先順位をつけねばならない。",したがって,あるいは,ならびに,とはいえ,A,したがって。
Q1050,N1,grammar,cloze,"次の文章の（　　）に入る最もよいものを選びなさい。

問題は資金不足、（　　）人材不足である。",それでも,しかしながら成功,ところが,ないしは,D,ないしは。
Q1051,N1,grammar,cloze,"次の文章の（　　）に入る最もよいものを選びなさい。

彼は反対した。（　　）代替案を示した。",ならびに同じ,すなわち同一,その一方で,したがって同一,C,その一方で。
Q1052,N1,grammar,cloze,"次の文章の（　　）に入る最もよいものを選びなさい。

この数字は正確だ。（　　）解釈を誤ってはならない。",ならびに,すなわち,したがって必ず誤る,ただし,D,ただし。
Q1053,N1,grammar,cloze,"次の文章の（　　）に入る最もよいものを選びなさい。

議論は白熱した。（　　）結論は出なかった。",しかしながら,ならびに,したがって,すなわち,A,しかしながら。
Q1054,N1,reading,long,"【読解】
効率化は善である、という前提が、いつの間にか疑われなくなっている。だが、削ってよい手順と、削ってはならない手順は別物だ。確認や記録は、日常では「無駄」に見える。しかし、問題が起きたとき、それらがなければ原因を辿れない。速さの追求が、説明可能性を奪うなら、それは進歩ではなく、責任の放棄である。筆者は、効率と説明責任を対立させず、後者を前者の条件に位置づけるべきだと述べる。

【質問】筆者の主張に最も近いものはどれですか。",効率化は常に悪だ,説明責任を効率の条件とすべきだ,速さだけを追求すべきだ,確認作業はすべて無駄だ,B,説明責任を効率の条件に。
Q1055,N1,reading,long,"【読解】
効率化は善である、という前提が、いつの間にか疑われなくなっている。だが、削ってよい手順と、削ってはならない手順は別物だ。確認や記録は、日常では「無駄」に見える。しかし、問題が起きたとき、それらがなければ原因を辿れない。速さの追求が、説明可能性を奪うなら、それは進歩ではなく、責任の放棄である。筆者は、効率と説明責任を対立させず、後者を前者の条件に位置づけるべきだと述べる。

【質問】確認や記録について、筆者はどう見ていますか。",速さの妨げでしかない,法律で禁止すべきだ,問題が起きたときに原因を辿るために必要だ,日常的に完全に不要だ,C,原因を辿れなくなる。
Q1056,N1,reading,mid,"【読解】
専門家の助言は有益だが、専門家であるがゆえに視野が狭くなることもある。一つの分野で正しいことが、別の制約の下では誤りになり得る。意思決定者に求められるのは、助言をうのみにすることではなく、複数の専門知を突き合わせ、どこまでを採用するかを引き受けることだ。責任は、知識の量ではなく、判断の引き受け方にある。

【質問】筆者が意思決定者に求めていることは何ですか。",専門家の言うことをそのまま実行すること,専門知を無視すること,知識の量を増やすことだけ,複数の専門知を突き合わせて判断を引き受けること,D,突き合わせ、採用範囲を引き受ける。
Q1057,N1,reading,short,"【読解】
古い制度を残すことは、必ずしも保守ではない。壊すコストと、残すコストを比べた結果である場合もある。逆に、新しさ自体を価値とみなす改革は、しばしば説明を省略する。「新しいから正しい」は、「古いから正しい」と同じ種類の短絡である。

【質問】筆者の考えに最も近いものはどれですか。",コスト比較は無意味だ,新しい改革は常に正しい,古い制度は常に残すべきだ,新しいことも古いことも、それ自体では正しさの根拠にならない,D,新しいから正しい＝古いから正しい、と同じ短絡。
Q1058,N1,reading,compare,"【読解】
A：遠隔授業は通学時間を減らし、地方の学習者にも機会を開く。録画すれば反復学習も容易だ。B：しかし、質問のタイミングを逃しやすく、孤立感も強い。実習科目では代替が難しい。Aは機会の拡大を、Bは質と定着の条件を問題にしている。

【質問】AとBの対立点として最も適切なものはどれですか。",費用 vs 無料,機会の拡大 vs 学習の質・孤立,教師不足 vs 生徒不足,録画の是非だけ,B,Aは機会、Bは質と孤立。
Q1059,N1,reading,info,"【情報検索】
【研究費申請】
対象：専任教員（特任は所属長の推薦が必要）
上限：1件 80万円　期間：4/1-3/31
提出：PDFをシステムへ　締切：1/15 17:00（必着、遅延理由の如何を問わず受理しない）
添付：研究計画、予算、倫理審査の有無（ヒト・動物を扱う場合は承認書）
採否：2/20 通知　採択後の用途変更は事前申請が必要

【質問】特任教員が申請するには何が必要ですか。",所属長の推薦,倫理審査のみ,80万円の自己負担,何もいらない,A,特任は所属長の推薦。
Q1060,N1,reading,info,"【情報検索】
【研究費申請】
対象：専任教員（特任は所属長の推薦が必要）
上限：1件 80万円　期間：4/1-3/31
提出：PDFをシステムへ　締切：1/15 17:00（必着、遅延理由の如何を問わず受理しない）
添付：研究計画、予算、倫理審査の有無（ヒト・動物を扱う場合は承認書）
採否：2/20 通知　採択後の用途変更は事前申請が必要

【質問】締切を1時間過ぎた申請はどうなりますか。",理由があれば受理,翌日なら可,郵送なら可,受理されない,D,如何を問わず受理しない。
Q1061,N1,listening,task,"【聴解】スクリプトを読んで答えなさい。

女：外部に出す前に、個人情報を全部伏せて。
男：氏名だけ？住所も？
女：特定できる情報は全部。グラフの元データも添付しない。
男：了解。

【質問】男の人は資料をどうしますか。",そのまま出す,個人が特定できる情報を除いて出す,グラフごと出さない、全部中止,氏名だけ伏せる,B,特定できる情報は全部伏せ、元データ添付なし。
Q1062,N1,listening,task,"【聴解】スクリプトを読んで答えなさい。

男：発表、金曜は無理になった。
女：木曜に前倒しできる？キーパーソンが木曜午後だけ空いてる。
男：資料は間に合う。
女：じゃあ木曜午後に変更する。

【質問】女の人はスケジュールをどうしますか。",金曜のまま,来週にする,木曜午後に前倒しする,中止する,C,木曜午後。
Q1063,N1,listening,point,"【聴解】スクリプトを読んで答えなさい。

女：失敗したら責任問題になるよ。
男：だから小さく試して、記録を残そう。止められる形にしておけば、失敗は学習になる。大きい勝負を一発でやる方が無責任だ。

【質問】男の人の主張は何ですか。",記録は残すな,小さく試して記録を残すべきだ,何もするな,大きい勝負を一発でやるべきだ,B,小さく試す。
Q1064,N1,listening,gist,"【聴解】スクリプトを読んで答えなさい。

女：数字が一人歩きすると、現場は数字を作る側に回る。測るものは変える。何を測るかを選ぶこと自体が、すでに介入なんだ。

【質問】女の人の話の要旨は何ですか。",測るな,何を測るかの選択自体が現場を変える,現場は数字に影響されない,数字は常に客観的だ,B,測るものの選択が介入。
Q1065,N1,listening,response,"【聴解・即時応答】正しい返事を選びなさい。

本件、一旦保留でもよろしいでしょうか。",よろしいでしょうか。,本件ではありません。,結構です。期限だけ共有してください。,保留しないでください、必ず今。,C,保留を認め、期限を確認。
Q1066,N1,listening,response,"【聴解・即時応答】正しい返事を選びなさい。

解釈が分かれる数字なので、注釈を付けたいのですが。",数字ではありません。,付けないでください、理由なく。,注釈は禁止です、必ず。,それがいいと思います。,D,注釈に同意。
Q1067,N1,listening,integrated,"【聴解】スクリプトを読んで答えなさい。

男：全面導入は早い。
女：一部部署で三ヶ月試して、指標を見て判断。
男：失敗条件も先に決めておこう。
女：賛成。拡大はそこで決めればいい。

【質問】二人の結論はどうなりましたか。",一部で試行し、失敗条件を先に決める,今すぐ全面導入する,指標は見ない,導入しない,A,一部試行＋失敗条件。
Q1068,N1,listening,integrated,"【聴解】スクリプトを読んで答えなさい。

女：説明会を一回やれば足りると思う。
男：一回だと質問しそびれる人が出る。録画と、一週間の質問窓口をセットにしよう。
女：それなら漏れが減るね。

【質問】男の人が女の人の案に付け足したことは何ですか。",質問を禁止する,説明会をやめる,録画と質問窓口を付ける,一回で十分だと言う,C,録画＋窓口。
