expression,reading,part_of_speech_jp,part_of_speech_en,meaning,tags
現像,げんぞう,名詞,Noun,developing (film),JLPT_1 JLPT
原則,げんそく,名詞,Noun,"principle, general rule",JLPT_1 JLPT
見地,けんち,名詞,Noun,point of view,JLPT_1 JLPT
現地,げんち,名詞,Noun,"actual place, local",JLPT_1 JLPT
限定,げんてい,名詞,Noun,"limit, restriction",JLPT_1 JLPT
原点,げんてん,名詞,Noun,"origin (coordinates, starting point)",JLPT_1 JLPT
原典,げんてん,名詞,Noun,"original, source",JLPT_1 JLPT
原爆,げんばく,名詞,Noun,atomic bomb,JLPT_1 JLPT
原文,げんぶん,名詞,Noun,"the text, original",JLPT_1 JLPT
厳密,げんみつ,形状詞,Adjective,"strict, close",JLPT_1 JLPT
賢明,けんめい,名詞,Noun,"wisdom, intelligence, prudence",JLPT_1 JLPT
倹約,けんやく,名詞,Noun,"thrift, economy, frugality",JLPT_1 JLPT
原油,げんゆ,名詞,Noun,crude oil,JLPT_1 JLPT
兼用,けんよう,名詞,Noun,"multi-use, combined use",JLPT_1 JLPT
権力,けんりょく,名詞,Noun,"(political) power, authority, influence",JLPT_1 JLPT
言論,げんろん,名詞,Noun,"discussion, speech",JLPT_1 JLPT
故～,こ～,接頭辞,Other,"deceased, late",JLPT_1 JLPT
語彙,ごい,名詞,Noun,"vocabulary, glossary",JLPT_1 JLPT
恋する,こいする,動詞,Verb,"to fall in love with, to love",JLPT_1 JLPT
甲,こう,名詞,Noun,1st in rank; shell,JLPT_1 JLPT
～光,～こう,名詞,Noun,light,JLPT_1 JLPT
好意,こうい,名詞,Noun,"good will, favor, courtesy",JLPT_1 JLPT
行為,こうい,名詞,Noun,"act, deed, conduct",JLPT_1 JLPT
合意,ごうい,名詞,Noun,"agreement, consent, mutual understanding",JLPT_1 JLPT
工学,こうがく,名詞,Noun,engineering,JLPT_1 JLPT
抗議,こうぎ,名詞,Noun,"protest, objection",JLPT_1 JLPT
合議,ごうぎ,名詞,Noun,"consultation, conference",JLPT_1 JLPT
皇居,こうきょ,名詞,Noun,Imperial Palace,JLPT_1 JLPT
好況,こうきょう,名詞,Noun,"prosperous conditions, healthy economy",JLPT_1 JLPT
鉱業,こうぎょう,名詞,Noun,mining industry,JLPT_1 JLPT
興業,こうぎょう,名詞,Noun,starting a business; industry,JLPT_1 JLPT
高原,こうげん,名詞,Noun,"tableland, plateau",JLPT_1 JLPT
交互,こうご,名詞,Noun,"mutual, reciprocal, alternate",JLPT_1 JLPT
煌々と,こうこうと,形状詞,Adjective,brightly,JLPT_1 JLPT
考古学,こうこがく,名詞,Noun,archeology,JLPT_1 JLPT
工作,こうさく,名詞,Noun,"handicraft, maneuvering",JLPT_1 JLPT
耕作,こうさく,名詞,Noun,"cultivation, farming",JLPT_1 JLPT
鉱山,こうざん,名詞,Noun,mine,JLPT_1 JLPT
講習,こうしゅう,名詞,Noun,"short course, training",JLPT_1 JLPT
口述,こうじゅつ,名詞,Noun,verbal statement,JLPT_1 JLPT
控除,こうじょ,名詞,Noun,"subsidy, deduction",JLPT_1 JLPT
交渉,こうしょう,名詞,Noun,negotiation,JLPT_1 JLPT Intermediate_Japanese_Ln.8 Intermediate_Japanese
高尚,こうしょう,名詞,Noun,"high, noble, refined",JLPT_1 JLPT
向上,こうじょう,名詞,Noun,"rise, improvement, progress",JLPT_1 JLPT
行進,こうしん,名詞,Noun,"march, parade",JLPT_1 JLPT
香辛料,こうしんりょう,名詞,Noun,spices,JLPT_1 JLPT
降水,こうすい,名詞,Noun,"rainfall, precipitation",JLPT_1 JLPT
洪水,こうずい,名詞,Noun,flood,JLPT_1 JLPT
合成,ごうせい,名詞,Noun,"synthetic, mixed",JLPT_1 JLPT
公然,こうぜん,形状詞,Adjective,openly,JLPT_1 JLPT
抗争,こうそう,名詞,Noun,"dispute, resistance",JLPT_1 JLPT
構想,こうそう,名詞,Noun,"plan, plot, idea, conception",JLPT_1 JLPT
後退,こうたい,名詞,Noun,"retreat, backspace",JLPT_1 JLPT
光沢,こうたく,名詞,Noun,"luster, glossy finish (of photographs)",JLPT_1 JLPT
公団,こうだん,名詞,Noun,public corporation,JLPT_1 JLPT
好調,こうちょう,名詞,Noun,"satisfactory, in good shape",JLPT_1 JLPT
口頭,こうとう,名詞,Noun,oral,JLPT_1 JLPT
講読,こうどく,名詞,Noun,reading,JLPT_1 JLPT
購読,こうどく,名詞,Noun,subscription,JLPT_1 JLPT
購入,こうにゅう,名詞,Noun,"purchase, buy",JLPT_1 JLPT
公認,こうにん,名詞,Noun,"official recognition, authorization",JLPT_1 JLPT
光熱費,こうねつひ,名詞,Noun,cost of fuel and light,JLPT_1 JLPT
購買,こうばい,名詞,Noun,"purchase, buy",JLPT_1 JLPT
好評,こうひょう,名詞,Noun,"popularity, favorable reputation",JLPT_1 JLPT
交付,こうふ,名詞,Noun,"delivering, furnishing (with copies)",JLPT_1 JLPT
公募,こうぼ,名詞,Noun,"public appeal, public contribution",JLPT_1 JLPT
巧妙,こうみょう,形状詞,Adjective,"ingenious, skillful, clever",JLPT_1 JLPT
公用,こうよう,名詞,Noun,"government business, public use, public expense",JLPT_1 JLPT
小売,こうり,名詞,Noun,retail,JLPT_1 JLPT
効率,こうりつ,名詞,Noun,efficiency,JLPT_1 JLPT
公立,こうりつ,名詞,Noun,public institution,JLPT_1 JLPT
護衛,ごえい,名詞,Noun,"guard, convoy, escort",JLPT_1 JLPT
コーナー,コーナー,名詞,Noun,corner,JLPT_1 JLPT
小柄,こがら,名詞,Noun,"small, diminutive",JLPT_1 JLPT
小切手,こぎって,名詞,Noun,"cheque, check",JLPT_1 JLPT
国産,こくさん,名詞,Noun,domestic products,JLPT_1 JLPT
国定,こくてい,名詞,Noun,"state-sponsored, national",JLPT_1 JLPT
告白,こくはく,名詞,Noun,"confession, acknowledgment",JLPT_1 JLPT
国防,こくぼう,名詞,Noun,national defense,JLPT_1 JLPT
国有,こくゆう,名詞,Noun,national ownership,JLPT_1 JLPT
極楽,ごくらく,名詞,Noun,paradise,JLPT_1 JLPT
国連,こくれん,名詞,Noun,"U.N., United Nations",JLPT_1 JLPT
焦げ茶,こげちゃ,名詞,Noun,dark brown,JLPT_1 JLPT
語源,ごげん,名詞,Noun,"word root, word derivation, etymology",JLPT_1 JLPT
心地,ここち,名詞,Noun,"feeling, sensation, mood",JLPT_1 JLPT
心得,こころえ,名詞,Noun,"knowledge, information",JLPT_1 JLPT
心掛け,こころがけ,動詞,Verb,"readiness, intention, aim",JLPT_1 JLPT
心掛ける,こころがける,動詞,Verb,"to bear in mind, to aim to do",JLPT_1 JLPT
志,こころざし,名詞,Noun,"will, intention, motive",JLPT_1 JLPT
志す,こころざす,動詞,Verb,"to plan, to intend, to aspire to",JLPT_1 JLPT
心強い,こころづよい,形容詞,Adjective,"heartening, reassuring",JLPT_1 JLPT
心細い,こころぼそい,形容詞,Adjective,"helpless, hopeless, discouraging",JLPT_1 JLPT
試み,こころみ,名詞,Noun,"trial, experiment",JLPT_1 JLPT
試みる,こころみる,動詞,Verb,"to try, to test",JLPT_1 JLPT
快い,こころよい,形容詞,Adjective,"pleasant, agreeable",JLPT_1 JLPT
誤差,ごさ,名詞,Noun,error,JLPT_1 JLPT
ございます (かん),ございます (かん),動詞,Verb,"to be (polite, to exist)",JLPT_1 JLPT
孤児,こじ,名詞,Noun,orphan,JLPT_1 JLPT
こじれる,こじれる,動詞,Verb,"to get complicated, to grow worse",JLPT_1 JLPT
こす (みずを～),こす (みずを～),動詞,Verb,"to strain, to filter",JLPT_1 JLPT
梢,こずえ,名詞,Noun,treetop,JLPT_1 JLPT
個性,こせい,名詞,Noun,"individuality, personality, idiosyncrasy",JLPT_1 JLPT
戸籍,こせき,名詞,Noun,"census, family register",JLPT_1 Intermediate_Japanese_Ln.14 JLPT Intermediate_Japanese
古代,こだい,名詞,Noun,ancient times,JLPT_1 JLPT
こたつ,こたつ,名詞,Noun,"table with heater, (originally) charcoal brazier in a floor well",JLPT_1 JLPT
こだわる,こだわる,動詞,Verb,"to fuss over, to be particular about",JLPT_1 JLPT
誇張,こちょう,名詞,Noun,exaggeration,JLPT_1 JLPT
こつ (をつかむ),こつ (をつかむ),名詞,Noun,"secret, trick, hang",JLPT_1 JLPT
滑稽,こっけい,名詞,Noun,"funny, humorous, comical",JLPT_1 JLPT
国交,こっこう,名詞,Noun,diplomatic relations,JLPT_1 JLPT
骨董品,こっとうひん,名詞,Noun,curio,JLPT_1 JLPT
固定,こてい,名詞,Noun,"fixation, fixing (e.g., salary, capital)",JLPT_1 JLPT
事柄,ことがら,名詞,Noun,"matter, thing, affair, circumstance",JLPT_1 JLPT
孤独,こどく,名詞,Noun,"isolation, loneliness, solitude",JLPT_1 JLPT
ことごとく,ことごとく,副詞,Adverb,"altogether, entirely",JLPT_1 JLPT
言付け,ことづけ,名詞,Noun,to leave a message,JLPT_1 JLPT
殊に,ことに,副詞,Adverb,"especially, above all",JLPT_1 JLPT
粉々,こなごな,名詞,Noun,in very small pieces,JLPT_1 JLPT
好ましい,このましい,形容詞,Adjective,"nice, likable, desirable",JLPT_1 JLPT
碁盤,ごばん,名詞,Noun,Go board,JLPT_1 JLPT
個別,こべつ,名詞,Noun,particular case,JLPT_1 JLPT
ごまかす,ごまかす,動詞,Verb,"to deceive, to falsify, to misrepresent",JLPT_1 JLPT
細やか,こまやか,形状詞,Adjective,"meager, modest",JLPT_1 JLPT
コマーシャル,コマーシャル,名詞,Noun,a commercial,JLPT_1 JLPT
込める,こめる,動詞,Verb,"to include, to put into",JLPT_1 JLPT
コメント,コメント,名詞,Noun,comment,JLPT_1 JLPT
籠もる,こもる,動詞,Verb,"to seclude oneself, to be confined in",JLPT_1 JLPT
固有,こゆう,名詞,Noun,"characteristic, tradition, peculiar",JLPT_1 JLPT
暦,こよみ,名詞,Noun,"calendar, almanac",JLPT_1 JLPT
凝らす,こらす,動詞,Verb,"to concentrate, to devote, to peer into",JLPT_1 JLPT
ごらんなさい (かん),ごらんなさい (かん),動詞,Verb,"look, (please) try to do",JLPT_1 JLPT
孤立,こりつ,名詞,Noun,"isolation, helplessness",JLPT_1 JLPT
懲りる,こりる,動詞,Verb,"to learn by experience, to be disgusted with",JLPT_1 JLPT
凝る,こる,動詞,Verb,"to stiffen, to harden",JLPT_1 JLPT
根気,こんき,名詞,Noun,"patience; perseverance, energy",JLPT_1 JLPT
根拠,こんきょ,名詞,Noun,"basis, foundation",JLPT_1 JLPT
混血,こんけつ,名詞,Noun,"mixed race, mixed parentage",JLPT_1 JLPT
コンタクト (レンズ),コンタクト (レンズ),名詞,Noun,contact; contact lens,JLPT_1 JLPT
昆虫,こんちゅう,名詞,Noun,"insect, bug",JLPT_1 JLPT
根底,こんてい,名詞,Noun,"root, basis, foundation",JLPT_1 JLPT
混同,こんどう,名詞,Noun,"confusion, mixing, merger",JLPT_1 JLPT
コントラスト,コントラスト,名詞,Noun,contrast,JLPT_1 JLPT
コントロール,コントロール,名詞,Noun,control,JLPT_1 JLPT
コンパス,コンパス,名詞,Noun,compass,JLPT_1 JLPT
根本,こんぽん,名詞,Noun,"foundation, root, base",JLPT_1 JLPT
財,ざい,名詞,Noun,"fortune, riches",JLPT_1 JLPT
再会,さいかい,名詞,Noun,"meeting again, reunion",JLPT_1 JLPT
災害,さいがい,名詞,Noun,"calamity, disaster, misfortune",JLPT_1 JLPT
細菌,さいきん,名詞,Noun,"bacillus, bacterium, germ",JLPT_1 JLPT
細工,さいく,名詞,Noun,"work, craftsmanship, trick",JLPT_1 JLPT
採掘,さいくつ,名詞,Noun,mining,JLPT_1 JLPT
サイクル,サイクル,名詞,Noun,cycle,JLPT_1 JLPT
採決,さいけつ,名詞,Noun,"vote, roll call",JLPT_1 JLPT
再建,さいけん,名詞,Noun,(temple or shrine) rebuilding,JLPT_1 JLPT
再現,さいげん,名詞,Noun,"reproduction, return, revival",JLPT_1 JLPT
財源,ざいげん,名詞,Noun,"source of funds, resources, finances",JLPT_1 JLPT
在庫,ざいこ,名詞,Noun,"stockpile, stock",JLPT_1 JLPT
採算,さいさん,名詞,Noun,profit,JLPT_1 JLPT
サイズ,サイズ,名詞,Noun,size,JLPT_1 JLPT
再生,さいせい,名詞,Noun,"playback, regeneration, resuscitation",JLPT_1 JLPT
財政,ざいせい,名詞,Noun,"economy, financial affairs",JLPT_1 JLPT
最善,さいぜん,名詞,Noun,the very best,JLPT_1 JLPT
採択,さいたく,名詞,Noun,"adoption, selection, choice",JLPT_1 JLPT
栽培,さいばい,名詞,Noun,cultivation,JLPT_1 JLPT
再発,さいはつ,名詞,Noun,"return, relapse, reoccurrence",JLPT_1 JLPT
細胞,さいぼう,名詞,Noun,cell,JLPT_1 JLPT
採用,さいよう,名詞,Noun,"use, adopt",JLPT_1 JLPT
遮る,さえぎる,動詞,Verb,"to interrupt, to intercept, to obstruct",JLPT_1 JLPT
さえずる,さえずる,動詞,Verb,"to sing, to chirp, to twitter",JLPT_1 JLPT
冴える,さえる,動詞,Verb,"to be clear, to be bright, to be skillful",JLPT_1 JLPT
竿,さお,名詞,Noun,"rod, pole (e.g., for drying laundry)",JLPT_1 JLPT
栄える,さかえる,動詞,Verb,"to flourish, to prosper, to thrive",JLPT_1 JLPT
差額,さがく,名詞,Noun,"balance, difference, margin",JLPT_1 JLPT
杯,さかずき,名詞,Noun,wine cup,JLPT_1 JLPT
逆立ち,さかだち,名詞,Noun,"handstand, headstand",JLPT_1 JLPT
さきに (いぜん),さきに (いぜん),副詞,Adverb,"before, earlier than, previously",JLPT_1 JLPT
詐欺,さぎ,名詞,Noun,"fraud, swindle",JLPT_1 JLPT
削減,さくげん,名詞,Noun,"cut, reduction",JLPT_1 JLPT
錯誤,さくご,名詞,Noun,mistake,JLPT_1 JLPT
作戦,さくせん,名詞,Noun,"military operations, tactics, strategy",JLPT_1 JLPT
叫び,さけび,名詞,Noun,"shout, scream, outcry",JLPT_1 JLPT
捧げる,ささげる,動詞,Verb,"to lift up, to give, to offer",JLPT_1 JLPT
差し掛かる,さしかかる,動詞,Verb,"to come near to, to approach",JLPT_1 JLPT
指図,さしず,名詞,Noun,"instruction, mandate",JLPT_1 JLPT
差し出す,さしだす,動詞,Verb,"to present, to submit, to hold out",JLPT_1 JLPT
差し支える,さしつかえる,動詞,Verb,"to interfere, to hinder",JLPT_1 JLPT
授ける,さずける,動詞,Verb,"to grant, to award, to teach",JLPT_1 JLPT
摩する,さする,動詞,Verb,"to rub, to stroke",JLPT_1 JLPT
さぞ (さぞや。さぞかし),さぞ (さぞや。さぞかし),副詞,Adverb,"I am sure, certainly, no doubt",JLPT_1 JLPT
定まる,さだまる,動詞,Verb,"to become settled, to be fixed",JLPT_1 JLPT
定める,さだめる,動詞,Verb,"to decide, to determine",JLPT_1 JLPT
座談会,ざだんかい,名詞,Noun,"symposium, round-table discussion",JLPT_1 JLPT
雑,ざつ,形状詞,Adjective,"rough, crude",JLPT_1 JLPT
雑貨,ざっか,名詞,Noun,"miscellaneous goods, general goods",JLPT_1 JLPT
殺人,さつじん,名詞,Noun,murder,JLPT_1 JLPT
察する,さっする,動詞,Verb,"to guess, to sense, to judge",JLPT_1 JLPT
雑談,ざつだん,名詞,Noun,"chatting, idle talk",JLPT_1 JLPT
さっと,さっと,副詞,Adverb,"suddenly, smoothly",JLPT_1 JLPT
さっぱりする,さっぱりする,動詞,Verb,to refresh,JLPT_1 JLPT
悟る,さとる,動詞,Verb,"to attain enlightenment, to understand",JLPT_1 JLPT
最中,さなか,名詞,Noun,"in the middle of, midst",JLPT_1 JLPT
座標,ざひょう,名詞,Noun,coordinates,JLPT_1 JLPT
さほど,さほど,副詞,Adverb,"not so, not that much",JLPT_1 JLPT
サボる,サボる,動詞,Verb,to cut (skip) classes; to loaf on the job; to idle away one's time,JLPT Genki_Ln.11 Intermediate_Japanese JLPT_1 Intermediate_Japanese_Ln.13 Genki
様,さま,形状詞,Adjective,state; way (a person does something); Mr. or Mrs.,JLPT_1 JLPT Intermediate_Japanese Intermediate_Japanese_Ln.11
寒気,さむけ,名詞,Noun,"chill, shiver, cold",JLPT_1 JLPT
侍,さむらい,名詞,Noun,samurai,JLPT_1 JLPT Intermediate_Japanese_Ln.7 Intermediate_Japanese
さも,さも,副詞,Adverb,"with gusto, with satisfaction",JLPT_1 JLPT
作用,さよう,名詞,Noun,"operation, effect, function",JLPT_1 JLPT
さらう (こどもを～),さらう (こどもを～),動詞,Verb,to kidnap,JLPT_1 JLPT
障る,さわる,動詞,Verb,"to hinder, to interfere with, to affect",JLPT_1 JLPT
酸,さん,名詞,Noun,acid,JLPT_1 JLPT
山岳,さんがく,名詞,Noun,mountains,JLPT_1 JLPT
参議院,さんぎいん,名詞,Noun,House of Councilors,JLPT_1 JLPT
産休,さんきゅう,名詞,Noun,maternity leave,JLPT_1 JLPT
サンキュー,サンキュー,名詞,Noun,thank you,JLPT_1 JLPT
残金,ざんきん,名詞,Noun,remaining money,JLPT_1 JLPT
産後,さんご,名詞,Noun,"postpartum, after childbirth",JLPT_1 JLPT
残酷,ざんこく,名詞,Noun,"cruelty, harshness",JLPT_1 JLPT
産出,さんしゅつ,名詞,Noun,"yield, produce",JLPT_1 JLPT
参照,さんしょう,名詞,Noun,"reference, consultation, consultation",JLPT_1 JLPT
参上,さんじょう,名詞,Noun,"calling on, visiting",JLPT_1 JLPT
残高,ざんだか,名詞,Noun,"(bank) balance, remainder",JLPT_1 JLPT
サンタクロース,サンタクロース,名詞,Noun,Santa Claus,JLPT_1 JLPT Intermediate_Japanese_Ln.8 Intermediate_Japanese
桟橋,さんばし,名詞,Noun,"wharf, jetty, pier",JLPT_1 JLPT
賛美,さんび,名詞,Noun,"praise, adoration, glorification",JLPT_1 JLPT
山腹,さんぷく,名詞,Noun,"hillside, mountainside",JLPT_1 JLPT
産婦人科,さんふじんか,名詞,Noun,maternity and gynecology department,JLPT_1 JLPT
産物,さんぶつ,名詞,Noun,"product, result, fruit",JLPT_1 JLPT
山脈,さんみゃく,名詞,Noun,mountain range,JLPT_1 JLPT
仕上がり,しあがり,名詞,Noun,"finish, end, completion",JLPT_1 JLPT
仕上,しあげ,名詞,Noun,"end, finishing touches",JLPT_1 JLPT
仕上げる,しあげる,動詞,Verb,"to finish up, to complete",JLPT_1 JLPT
飼育,しいく,名詞,Noun,"breeding, raising, rearing",JLPT_1 JLPT
強いて,しいて,副詞,Adverb,"to dare, to insist",JLPT_1 JLPT
シート,シート,名詞,Noun,seat; sheet,JLPT_1 JLPT
ジーパン,ジーパン,名詞,Noun,jeans,JLPT_1 JLPT
仕入れる,しいれる,動詞,Verb,"to lay in stock, to replenish stock, to procure",JLPT_1 JLPT
強いる,しいる,動詞,Verb,"to force, to compel, to coerce",JLPT_1 JLPT
潮,しお,名詞,Noun,tide,JLPT_1 JLPT
歯科,しか,名詞,Noun,dentistry,JLPT_1 JLPT
自我,じが,名詞,Noun,"self, ego",JLPT_1 JLPT
自覚,じかく,名詞,Noun,self-conscious,JLPT_1 JLPT
仕掛,しかけ,名詞,Noun,"device, trick, mechanism",JLPT_1 JLPT
仕掛ける,しかける,動詞,Verb,"to lay, to set, to wage",JLPT_1 JLPT
しかしながら,しかしながら,接続詞,Other,"however, nevertheless",JLPT_1 JLPT
色彩,しきさい,名詞,Noun,color,JLPT_1 JLPT
式場,しきじょう,名詞,Noun,"ceremonial hall, place of ceremony (e.g., marriage)",JLPT_1 JLPT
しきたり,しきたり,名詞,Noun,"custom, conventional practice, tradition",JLPT_1 JLPT
事業,じぎょう,名詞,Noun,"project, enterprise, business",JLPT_1 JLPT
軽蔑,けいべつ,名詞,Noun,"scorn, disdain",JLPT_1 JLPT
経歴,けいれき,名詞,Noun,"personal history, career",JLPT_1 JLPT
経路,けいろ,名詞,Noun,"course, route, channel",JLPT_1 JLPT
けがらわしい,けがらわしい,形容詞,Adjective,"filthy, unfair",JLPT_1 JLPT
劇団,げきだん,名詞,Noun,"troupe, theatrical company",JLPT_1 JLPT
激励,げきれい,名詞,Noun,encouragement,JLPT_1 JLPT
ゲスト,ゲスト,名詞,Noun,guest,JLPT_1 JLPT
獣,けだもの,名詞,Noun,"beast, brute",JLPT_1 JLPT
決,けつ,名詞,Noun,"decision, vote",JLPT_1 JLPT
決意,けつい,名詞,Noun,"decision, determination",JLPT_1 JLPT
結核,けっかく,名詞,Noun,tuberculosis,JLPT_1 JLPT
決議,けつぎ,名詞,Noun,"resolution, vote, decision",JLPT_1 JLPT
結合,けつごう,名詞,Noun,"combination, union",JLPT_1 JLPT
決算,けっさん,名詞,Noun,"balance sheet, settlement of accounts",JLPT_1 JLPT
月謝,げっしゃ,名詞,Noun,monthly tuition fee,JLPT_1 JLPT
決勝,けっしょう,名詞,Noun,finals (in sports),JLPT_1 JLPT
結晶,けっしょう,名詞,Noun,"crystal, crystallization",JLPT_1 JLPT
結成,けっせい,名詞,Noun,formation,JLPT_1 JLPT
結束,けっそく,名詞,Noun,"union, unity",JLPT_1 JLPT
げっそり,げっそり,副詞,Adverb,"being disheartened, losing weight",JLPT_1 JLPT
決断,けつだん,名詞,Noun,"decision, determination",JLPT_1 JLPT
月賦,げっぷ,名詞,Noun,monthly installment,JLPT_1 JLPT
欠乏,けつぼう,名詞,Noun,shortage,JLPT_1 JLPT
蹴飛ばす,けとばす,動詞,Verb,"to kick away, to kick (someone)",JLPT_1 JLPT
けなす,けなす,動詞,Verb,to speak ill of,JLPT_1 JLPT
煙たい,けむたい,形容詞,Adjective,"smoky, feeling awkward",JLPT_1 JLPT
煙る,けむる,動詞,Verb,"to smoke (e.g., fire)",JLPT_1 JLPT
獣,けもの,名詞,Noun,"beast, brute",JLPT_1 JLPT
家来,けらい,名詞,Noun,"retainer, retinue, servant",JLPT_1 JLPT
下痢,げり,名詞,Noun,diarrhea,JLPT_1 JLPT Intermediate_Japanese_Ln.12 Intermediate_Japanese
権威,けんい,名詞,Noun,"authority, power, influence",JLPT_1 JLPT
兼業,けんぎょう,名詞,Noun,holding two jobs at the same time,JLPT_1 Intermediate_Japanese_Ln.14 JLPT Intermediate_Japanese
原形,げんけい,名詞,Noun,"original form, base form",JLPT_1 JLPT
原型,げんけい,名詞,Noun,"prototype, model, archetypal",JLPT_1 JLPT
権限,けんげん,名詞,Noun,"power, authority, jurisdiction",JLPT_1 JLPT
現行,げんこう,名詞,Noun,"present, current, in operation",JLPT_1 JLPT
健在,けんざい,名詞,Noun,"in good health, well",JLPT_1 JLPT
原作,げんさく,名詞,Noun,original work,JLPT_1 JLPT
検事,けんじ,名詞,Noun,public prosecutor,JLPT_1 JLPT
原子,げんし,名詞,Noun,atom,JLPT_1 JLPT
元首,げんしゅ,名詞,Noun,"ruler, sovereign",JLPT_1 JLPT
原書,げんしょ,名詞,Noun,original document,JLPT_1 JLPT
懸賞,けんしょう,名詞,Noun,"offering prizes, winning, reward",JLPT_1 JLPT
健全,けんぜん,形状詞,Adjective,"health, soundness, wholesome",JLPT_1 JLPT
元素,げんそ,名詞,Noun,element,JLPT_1 JLPT
同調,どうちょう,名詞,Noun,"sympathy, agree with, alignment",JLPT_1 JLPT
到底,とうてい,副詞,Adverb,(cannot) possibly,JLPT_1 JLPT
動的,どうてき,形状詞,Adjective,"dynamic, kinetic",JLPT_1 JLPT
尊い,とうとい,形容詞,Adjective,"precious, valuable, noble",JLPT_1 JLPT
貴い,とうとい,形容詞,Adjective,"precious, valuable, noble",JLPT_1 JLPT
同等,どうとう,形状詞,Adjective,"equality, equal, same rank",JLPT_1 JLPT
堂々,どうどう,副詞,Adverb,"magnificent, grand, impressive",JLPT_1 JLPT
尊ぶ,とうとぶ,動詞,Verb,"to value, to prize, to esteem",JLPT_1 JLPT
どうにか,どうにか,副詞,Adverb,"in some way or other, one way or another",JLPT_1 JLPT
投入,とうにゅう,名詞,Noun,"throw, investment, making (an electrical circuit)",JLPT_1 JLPT
導入,どうにゅう,名詞,Noun,"introduction, bringing in, leading in",JLPT_1 JLPT Intermediate_Japanese_Ln.12 Intermediate_Japanese
当人,とうにん,名詞,Noun,"the one concerned, the said person",JLPT_1 JLPT
同封,どうふう,名詞,Noun,"enclosure (e.g., in a letter)",JLPT_1 JLPT
逃亡,とうぼう,名詞,Noun,escape,JLPT_1 JLPT
冬眠,とうみん,名詞,Noun,"hibernation, winter sleep",JLPT_1 JLPT
同盟,どうめい,名詞,Noun,"alliance, union, league",JLPT_1 JLPT
どうやら,どうやら,副詞,Adverb,"it seems like, somehow or other",JLPT_1 JLPT
動力,どうりょく,名詞,Noun,"power, motive power, dynamic force",JLPT_1 JLPT
登録,とうろく,名詞,Noun,"registration, register, record",JLPT_1 JLPT
討論,とうろん,名詞,Noun,discussion; debate,JLPT_1 JLPT Intermediate_Japanese_Ln.15 Intermediate_Japanese
遠ざかる,とおざかる,動詞,Verb,to go far off,JLPT_1 JLPT
遠回り,とおまわり,名詞,Noun,"detour, roundabout way",JLPT_1 JLPT
トーン,トーン,名詞,Noun,tone,JLPT_1 JLPT
とかく,とかく,副詞,Adverb,"anyhow, anyway, in any case",JLPT_1 JLPT
とがめる,とがめる,動詞,Verb,"to blame, to rebuke",JLPT_1 JLPT
時折,ときおり,副詞,Adverb,sometimes,JLPT_1 JLPT
とぎれる,とぎれる,動詞,Verb,"to pause, to be interrupted",JLPT_1 JLPT
研ぐ,とぐ,動詞,Verb,"to sharpen, to grind, to polish",JLPT_1 JLPT
特技,とくぎ,名詞,Noun,special talent; skill,JLPT_1 JLPT Intermediate_Japanese_Ln.8 Intermediate_Japanese
独裁,どくさい,名詞,Noun,"dictatorship, despotism",JLPT_1 JLPT
特産,とくさん,名詞,Noun,"specialty, special product",JLPT_1 JLPT
独自,どくじ,形状詞,Adjective,"original, peculiar, characteristic",JLPT_1 JLPT
特集,とくしゅう,名詞,Noun,"feature (e.g., newspaper, special edition, report)",JLPT_1 JLPT
独占,どくせん,名詞,Noun,monopoly,JLPT_1 JLPT
独創,どくそう,名詞,Noun,originality,JLPT_1 JLPT
得点,とくてん,名詞,Noun,"score, points made",JLPT_1 JLPT
特派,とくは,名詞,Noun,"send specially, special envoy",JLPT_1 JLPT
特有,とくゆう,形状詞,Adjective,"characteristic (of, peculiar (to))",JLPT_1 JLPT
とげ (をさす),とげ (をさす),名詞,Noun,thorn,JLPT_1 JLPT
遂げる,とげる,動詞,Verb,"to accomplish, to achieve, to carry out",JLPT_1 JLPT
～どころか,～どころか,接続詞,Other,"rather, far from",JLPT_1 JLPT
年頃,としごろ,名詞,Noun,"age, marriageable age, adolescence",JLPT_1 JLPT
戸締り,とじまり,名詞,Noun,"closing up, locking the doors",JLPT_1 JLPT
途上,とじょう,名詞,Noun,"en/in route, half way",JLPT_1 JLPT
土台,どだい,名詞,Noun,"foundation, base, basis",JLPT_1 JLPT
途絶える,とだえる,動詞,Verb,"to stop, to cease, to come to an end",JLPT_1 JLPT
特許,とっきょ,名詞,Noun,"special permission, patent",JLPT_1 JLPT
特権,とっけん,名詞,Noun,"privilege, special right",JLPT_1 JLPT
とっさに,とっさに,名詞,Noun,at once,JLPT_1 JLPT
突如,とつじょ,副詞,Adverb,"suddenly, all of a sudden",JLPT_1 JLPT
とって,とって,動詞,Verb,"handle, grip, knob",JLPT_1 JLPT
突破,とっぱ,名詞,Noun,"breaking through, breakthrough, penetration",JLPT_1 JLPT
土手,どて,名詞,Noun,"embankment, bank",JLPT_1 JLPT
届,とどけ,名詞,Noun,"report, notification, registration",JLPT_1 JLPT
滞る,とどこおる,動詞,Verb,"to stagnate, to be delayed",JLPT_1 JLPT
整える,ととのえる,動詞,Verb,"to put in order, to arrange, to adjust; to get ready, to prepare; to raise money",JLPT_1 JLPT
止める,とどめる,動詞,Verb,"to end, to stop, to cease, to resign",JLPT_1 JLPT
唱える,となえる,動詞,Verb,"to recite, to chant, to call upon",JLPT_1 JLPT
殿様,とのさま,名詞,Noun,feudal lord,JLPT_1 JLPT
土俵,どひょう,名詞,Noun,arena,JLPT_1 JLPT
扉,とびら,名詞,Noun,"door, opening",JLPT_1 JLPT
溝,どぶ,名詞,Noun,"ditch, drain, gap",JLPT_1 JLPT
徒歩,とほ,名詞,Noun,"walking, going on foot",JLPT_1 JLPT
土木,どぼく,名詞,Noun,public works,JLPT_1 JLPT
とぼける,とぼける,動詞,Verb,"to play dumb, to feign ignorance, to play innocent, to have a blank facial expression; to play the fool; to be in one's dotage",JLPT_1 JLPT
乏しい,とぼしい,形容詞,Adjective,"meager, scarce, hard up, poor",JLPT_1 JLPT
富,とみ,名詞,Noun,"wealth, fortune",JLPT_1 JLPT
富む,とむ,動詞,Verb,"to be rich, to become rich",JLPT_1 JLPT
共稼ぎ,ともかせぎ,名詞,Noun,"working together, (husband and wife) earning a living together",JLPT_1 JLPT
伴う,ともなう,動詞,Verb,"to accompany, to bring with",JLPT_1 JLPT
共働き,ともばたらき,名詞,Noun,dual income (husband and wife both working),JLPT_1 Intermediate_Japanese_Ln.14 JLPT Intermediate_Japanese
ドライ,ドライ,形状詞,Adjective,dry,JLPT_1 JLPT
ドライクリーニング,ドライクリーニング,名詞,Noun,dry cleaning,JLPT_1 JLPT
ドライバー,ドライバー,名詞,Noun,"driver, screwdriver",JLPT_1 JLPT
ドライブイン,ドライブイン,名詞,Noun,drive in,JLPT_1 JLPT
トラブル,トラブル,名詞,Noun,trouble (sometimes used as a verb),JLPT_1 JLPT
トランジスター,トランジスター,名詞,Noun,transistor,JLPT_1 JLPT
とりあえず,とりあえず,副詞,Adverb,"at once, first of all, for the time being",JLPT_1 JLPT
取扱,とりあつかい,名詞,Noun,"treatment, handling, management",JLPT_1 JLPT
取り扱う,とりあつかう,動詞,Verb,"to treat, to handle, to deal in",JLPT_1 JLPT
鳥居,とりい,名詞,Noun,Shinto shrine archway,JLPT_1 JLPT
取り替え,とりかえ,名詞,Noun,"swap, exchange",JLPT_1 JLPT
取り組む,とりくむ,動詞,Verb,"to tackle, to engage in a bout, to come to grips with",JLPT_1 JLPT
取締り,とりしまり,動詞,Verb,"control, crackdown, supervision",JLPT_1 JLPT
取り締まる,とりしまる,動詞,Verb,"to crack down, to control, to supervise",JLPT_1 JLPT
取り調べる,とりしらべる,動詞,Verb,"to investigate, to examine",JLPT_1 JLPT
取り立てる,とりたてる,動詞,Verb,"to collect, to extort",JLPT_1 JLPT
取り次ぐ,とりつぐ,動詞,Verb,"to act as an agent for, to announce (someone), to convey (a message)",JLPT_1 JLPT
取り付ける,とりつける,動詞,Verb,"to furnish, to install; to get someone's agreement",JLPT_1 JLPT
取り除く,とりのぞく,動詞,Verb,"to remove, to take away, to set apart",JLPT_1 JLPT
取引,とりひき,名詞,Noun,"transactions, dealings, business",JLPT_1 JLPT
取り巻く,とりまく,動詞,Verb,"to surround, to circle, to enclose",JLPT_1 JLPT
取り混ぜる,とりまぜる,動詞,Verb,"to mix, to put together",JLPT_1 JLPT
取り戻す,とりもどす,動詞,Verb,"to take back, to regain",JLPT_1 JLPT
取り寄せる,とりよせる,動詞,Verb,"to order, to send away for",JLPT_1 JLPT
ドリル,ドリル,名詞,Noun,drill,JLPT_1 JLPT
副,とりわけ,副詞,Adverb,"especially, above all",JLPT_1 JLPT
とろける,とろける,動詞,Verb,melt; to be enchanted with,JLPT_1 JLPT
鈍感,どんかん,名詞,Noun,"thickheadedness, stolidity",JLPT_1 JLPT
とんだ,とんだ,連体詞,Other,"terrible, awful, serious, absolutely not",JLPT_1 JLPT
度忘れ,どわすれ,名詞,Noun,"lapse of memory, forget for a moment",JLPT_1 JLPT
問屋,とんや,名詞,Noun,wholesale store,JLPT_1 JLPT
内閣,ないかく,名詞,Noun,"cabinet, (government)",JLPT_1 JLPT
乃至,ないし,接続詞,Other,"from...to, between...and, or",JLPT_1 JLPT
内緒,ないしょ,名詞,Noun,"secrecy, privacy, secret",JLPT_1 JLPT
内心,ないしん,名詞,Noun,"innermost thoughts, real intention, inmost heart",JLPT_1 JLPT
内蔵,ないぞう,名詞,Noun,internal organ; built-in,JLPT_1 JLPT
ナイター,ナイター,名詞,Noun,"game under lights (e.g., baseball), night game",JLPT_1 JLPT
内部,ないぶ,名詞,Noun,"interior, inside, internal",JLPT_1 JLPT
内乱,ないらん,名詞,Noun,"civil war, domestic conflict",JLPT_1 JLPT
内陸,ないりく,名詞,Noun,inland,JLPT_1 JLPT
苗,なえ,名詞,Noun,rice seedling,JLPT_1 JLPT
なおさら,なおさら,副詞,Adverb,"all the more, still less",JLPT_1 JLPT
流し,ながし,名詞,Noun,sink,JLPT_1 JLPT
長々,ながなが,副詞,Adverb,"long, drawn-out, very long",JLPT_1 JLPT
中程,なかほど,名詞,Noun,"middle, midway",JLPT_1 JLPT
渚,なぎさ,名詞,Noun,"water's edge, beach, shore",JLPT_1 JLPT
嘆く,なげく,動詞,Verb,"to sigh, to lament, to grieve",JLPT_1 JLPT
投げ出す,なげだす,動詞,Verb,"to abandon, to throw out",JLPT_1 JLPT
仲人,なこうど,名詞,Noun,"go-between, matchmaker",JLPT_1 JLPT
和やか,なごやか,形状詞,Adjective,"mild, calm, harmonious",JLPT_1 JLPT
名残,なごり,名詞,Noun,"remains, traces, memory",JLPT_1 JLPT
情け,なさけ,名詞,Noun,"sympathy, compassion",JLPT_1 JLPT
情無い,なさけない,形容詞,Adjective,"miserable, pitiable, shameful",JLPT_1 JLPT
情深い,なさけぶかい,形容詞,Adjective,"tender-hearted, compassionate",JLPT_1 JLPT
詰る,なじる,動詞,Verb,"to rebuke, to scold, to tell off",JLPT_1 JLPT
名高い,なだかい,形容詞,Adjective,"famous, celebrated, well-known",JLPT_1 JLPT
雪崩,なだれ,名詞,Noun,avalanche,JLPT_1 JLPT
懐く,なつく,動詞,Verb,to become emotionally attached,JLPT_1 JLPT
名付ける,なづける,動詞,Verb,to name,JLPT_1 JLPT
何気ない,なにげない,形容詞,Adjective,"casual, unconcerned",JLPT_1 JLPT
なにとぞ,なにとぞ,副詞,Adverb,"please, kindly, by all means",JLPT_1 JLPT
なにより,なにより,代名詞,Noun,"most, best",JLPT_1 JLPT
ナプキン,ナプキン,名詞,Noun,napkin,JLPT_1 JLPT
名札,なふだ,名詞,Noun,"name plate, name tag",JLPT_1 JLPT
生臭い,なまぐさい,形容詞,Adjective,"smelling of fish or blood, fish or meat",JLPT_1 JLPT
生温い,なまぬるい,形容詞,Adjective,"lukewarm, halfhearted",JLPT_1 JLPT
生身,なまみ,名詞,Noun,"living flesh, flesh and blood, the quick",JLPT_1 JLPT
鉛,なまり,名詞,Noun,lead (the metal),JLPT_1 JLPT
滑らか,なめらか,形状詞,Adjective,"smoothness, glassiness",JLPT_1 JLPT
嘗める,なめる,動詞,Verb,to lick; to experience; to make fun of,JLPT_1 JLPT
悩ましい,なやましい,形容詞,Adjective,"seductive, melancholy, languid",JLPT_1 JLPT
悩ます,なやます,動詞,Verb,"to bother, to harass, to molest",JLPT_1 JLPT
悩み,なやみ,名詞,Noun,"trouble(s), worry, distress",JLPT_1 JLPT Genki_Ln.19 Genki
並びに,ならびに,名詞,Noun,and,JLPT_1 JLPT
成り立つ,なりたつ,動詞,Verb,"to consist of; to be practical (logical, feasible, viable), to be concluded, to hold true",JLPT_1 JLPT
なるたけ,なるたけ,副詞,Adverb,"as much as possible, if possible",JLPT_1 JLPT
慣れ,なれ,名詞,Noun,"practice, experience",JLPT_1 JLPT
馴々しい,なれなれしい,形容詞,Adjective,"familiar, make free with",JLPT_1 JLPT
～なんか,～なんか,助詞,Particle,in the least ~,JLPT_1 JLPT
ナンセンス,ナンセンス,名詞,Noun,nonsense,JLPT_1 JLPT
何だか,なんだか,代名詞,Noun,"a little, somewhat, somehow",JLPT_1 JLPT Intermediate_Japanese Intermediate_Japanese_Ln.11
なんだかんだ,なんだかんだ,名詞,Noun,something or other,JLPT_1 JLPT
なんなり,なんなり,代名詞,Noun,"anything, whatever",JLPT_1 JLPT
荷,に,名詞,Noun,"load, baggage, cargo",JLPT_1 JLPT
似通う,にかよう,動詞,Verb,to resemble closely,JLPT_1 JLPT
にきび,にきび,名詞,Noun,"pimple, acne",JLPT_1 JLPT
賑わう,にぎわう,動詞,Verb,"to prosper, to flourish, to be crowded with people",JLPT_1 JLPT
憎しみ,にくしみ,名詞,Noun,hatred,JLPT_1 JLPT
肉親,にくしん,名詞,Noun,"blood relationship, blood relative",JLPT_1 JLPT
肉体,にくたい,名詞,Noun,"the body, the flesh",JLPT_1 JLPT
逃げ出す,にげだす,動詞,Verb,"to run away, to escape from",JLPT_1 JLPT
西日,にしび,名詞,Noun,westering sun,JLPT_1 JLPT
滲む,にじむ,動詞,Verb,"to run, to blur, to spread",JLPT_1 JLPT
にせ物,にせもの,名詞,Noun,"imitation, counterfeit",JLPT_1 JLPT
日夜,にちや,名詞,Noun,"day and night, always",JLPT_1 JLPT
荷造り,にづくり,名詞,Noun,"packing, baling, crating",JLPT_1 JLPT
担う,になう,動詞,Verb,"to carry on shoulder, to bear (burden), to shoulder (gun)",JLPT_1 JLPT
鈍る,にぶる,動詞,Verb,"to become less capable, to grow dull, to become blunt, to weaken",JLPT_1 JLPT
にも関わらず,にもかかわらず,接続詞,Other,"in spite of, nevertheless",JLPT_1 JLPT
ニュアンス,ニュアンス,名詞,Noun,nuance,JLPT_1 JLPT
ニュー,ニュー,名詞,Noun,new,JLPT_1 JLPT
入手,にゅうしゅ,名詞,Noun,"obtaining, coming to hand",JLPT_1 JLPT
入賞,にゅうしょう,名詞,Noun,winning a prize or place (in a contest,JLPT_1 JLPT
入浴,にゅうよく,名詞,Noun,"bathe, bathing",JLPT_1 JLPT
尿,にょう,名詞,Noun,urine,JLPT_1 JLPT
認識,にんしき,名詞,Noun,"recognition, cognizance",JLPT_1 JLPT
妊娠,にんしん,名詞,Noun,"conception, pregnancy",JLPT_1 JLPT
任務,にんむ,名詞,Noun,"duty, mission, task",JLPT_1 JLPT
任命,にんめい,名詞,Noun,"appointment, nomination, ordination",JLPT_1 JLPT
抜かす,ぬかす,動詞,Verb,"to omit, to leave out",JLPT_1 JLPT
抜け出す,ぬけだす,動詞,Verb,"to slip out, to sneak away, to excel",JLPT_1 JLPT
主,ぬし,名詞,Noun,"owner, master, god",JLPT_1 JLPT Intermediate_Japanese_Ln.13 Intermediate_Japanese
沼,ぬま,名詞,Noun,"swamp, bog, pond",JLPT_1 JLPT
音色,ねいろ,名詞,Noun,"tone color, timbre",JLPT_1 JLPT
値打ち,ねうち,名詞,Noun,"value, worth, price",JLPT_1 JLPT
ネガ,ネガ,名詞,Noun,(photographic) negative,JLPT_1 JLPT
寝かせる,ねかせる,動詞,Verb,"to put to bed, to lay down, to ferment",JLPT_1 JLPT
ねじまわし,ねじまわし,名詞,Noun,screwdriver,JLPT_1 JLPT
捩れる,ねじれる,動詞,Verb,"twist, strain",JLPT_1 JLPT
妬む,ねたむ,動詞,Verb,"to be jealous, to be envious",JLPT_1 JLPT
ねだる,ねだる,動詞,Verb,"to nag, to demand",JLPT_1 JLPT
熱意,ねつい,名詞,Noun,"zeal, enthusiasm",JLPT_1 JLPT
熱湯,ねっとう,名詞,Noun,boiling water,JLPT_1 JLPT
熱量,ねつりょう,名詞,Noun,calorific value,JLPT_1 JLPT
粘り,ねばり,名詞,Noun,"stickiness, viscosity",JLPT_1 JLPT
粘る,ねばる,動詞,Verb,"to be sticky, to be adhesive, to persist, to stick to",JLPT_1 JLPT
値引き,ねびき,名詞,Noun,"price reduction, discount",JLPT_1 JLPT
根回し,ねまわし,名詞,Noun,making necessary arrangements,JLPT_1 JLPT
眠たい,ねむたい,形容詞,Adjective,sleepy,JLPT_1 JLPT
練る,ねる,動詞,Verb,"to knead, to work over, to polish up",JLPT_1 JLPT
念,ねん,名詞,Noun,"sense, feeling, desire",JLPT_1 JLPT
年賀,ねんが,名詞,Noun,"New Year's greetings, New Year's card",JLPT_1 JLPT
念願,ねんがん,名詞,Noun,"one's heart's desire, earnest petition",JLPT_1 JLPT
年号,ねんごう,名詞,Noun,"name of an era, year number",JLPT_1 JLPT
燃焼,ねんしょう,名詞,Noun,"burning, combustion",JLPT_1 JLPT
年長,ねんちょう,名詞,Noun,seniority,JLPT_1 JLPT
燃料,ねんりょう,名詞,Noun,fuel,JLPT_1 JLPT
年輪,ねんりん,名詞,Noun,annual tree ring,JLPT_1 JLPT
ノイローゼ,ノイローゼ,名詞,Noun,neurosis (GER: Neurose),JLPT_1 JLPT
農耕,のうこう,名詞,Noun,"farming, agriculture",JLPT_1 JLPT
農場,のうじょう,名詞,Noun,farm,JLPT_1 JLPT
農地,のうち,名詞,Noun,agricultural land,JLPT_1 JLPT
納入,のうにゅう,名詞,Noun,"payment, supply",JLPT_1 JLPT
逃す,のがす,動詞,Verb,"to let loose, to set free, to let escape",JLPT_1 JLPT
逃れる,のがれる,動詞,Verb,to escape,JLPT_1 JLPT
軒並,のきなみ,名詞,Noun,row of houses; uniformly,JLPT_1 JLPT
望ましい,のぞましい,形容詞,Adjective,"desirable, hoped for",JLPT_1 JLPT
乗っ取る,のっとる,動詞,Verb,"to capture, to occupy, to take over",JLPT_1 JLPT
のどか,のどか,形状詞,Adjective,"tranquil, calm, quiet",JLPT_1 JLPT
罵る,ののしる,動詞,Verb,"to speak ill of, to abuse",JLPT_1 JLPT
延べ,のべ,名詞,Noun,"futures, credit (buying), stretching, total",JLPT_1 JLPT
飲み込む,のみこむ,動詞,Verb,"to gulp down, to swallow deeply, to understand",JLPT_1 JLPT Intermediate_Japanese_Ln.12 Intermediate_Japanese
乗り込む,のりこむ,動詞,Verb,"to board, to get into (a car); to march into, to enter",JLPT_1 JLPT
刃,は,名詞,Noun,"blade, sword",JLPT_1 JLPT
～派,～は,名詞,Noun,"group, party, section (mil)",JLPT_1 JLPT
バー,バー,名詞,Noun,bar,JLPT_1 JLPT
把握,はあく,名詞,Noun,"grasp, catch, understanding",JLPT_1 JLPT
パート,パート,名詞,Noun,part-time job,JLPT_1 JLPT Intermediate_Japanese_Ln.8 Intermediate_Japanese
廃棄,はいき,名詞,Noun,"disposal, abandon, discarding",JLPT_1 JLPT
配給,はいきゅう,名詞,Noun,"distribution (e.g., films, rice",JLPT_1 JLPT
ばい菌,ばいきん,名詞,Noun,"bacteria, germ(s)",JLPT_1 JLPT
配偶者,はいぐうしゃ,名詞,Noun,spouse,JLPT_1 JLPT
拝啓,はいけい,名詞,Noun,-- a formal greeting used at the beginning of a letter --,Intermediate_Japanese_Ln.4 JLPT_1 JLPT Intermediate_Japanese
背景,はいけい,名詞,Noun,"background, scenery, setting",JLPT_1 JLPT
背後,はいご,名詞,Noun,"back, rear",JLPT_1 JLPT
廃止,はいし,名詞,Noun,"abolition, repeal",JLPT_1 JLPT
拝借,はいしゃく,名詞,Noun,(humble) (polite) borrowing,JLPT_1 JLPT
排除,はいじょ,名詞,Noun,"exclusion, removal, rejection",JLPT_1 JLPT
賠償,ばいしょう,名詞,Noun,"reparations, indemnity, compensation",JLPT_1 JLPT
排水,はいすい,名詞,Noun,drainage,JLPT_1 JLPT
敗戦,はいせん,名詞,Noun,"defeat, losing a war",JLPT_1 JLPT
配置,はいち,名詞,Noun,"arrangement (of resources), disposition",JLPT_1 JLPT
配布,はいふ,名詞,Noun,distribution,JLPT_1 JLPT
配分,はいぶん,名詞,Noun,"distribution, allotment",JLPT_1 JLPT
敗北,はいぼく,名詞,Noun,defeat (as a verb it means 'to be defeated'),JLPT_1 JLPT
倍率,ばいりつ,名詞,Noun,"diameter, magnification",JLPT_1 JLPT
配慮,はいりょ,名詞,Noun,"consideration, concern, forethought",JLPT_1 JLPT
配列,はいれつ,名詞,Noun,"arrangement, array (programming)",JLPT_1 JLPT
破壊,はかい,名詞,Noun,destruction,JLPT_1 JLPT
いたわる,いたわる,動詞,Verb,"to sympathize with, to console, to care for",JLPT_1 JLPT
一概に,いちがいに,名詞,Noun,"unconditionally, necessarily",JLPT_1 JLPT
著しい,いちじるしい,形容詞,Adjective,"remarkable, considerable",JLPT_1 JLPT
一同,いちどう,名詞,Noun,"all present, all concerned, all of us",JLPT_1 JLPT
一部分,いちぶぶん,名詞,Noun,"a part, a portion",JLPT_1 JLPT
一別,いちべつ,名詞,Noun,parting,JLPT_1 JLPT
一面,いちめん,名詞,Noun,"one side, the other hand",JLPT_1 JLPT
一目,いちもく,名詞,Noun,"a glance, a look, a glimpse",JLPT_1 JLPT
一様,いちよう,形状詞,Adjective,"uniform, similar, equal",JLPT_1 JLPT
一律,いちりつ,名詞,Noun,"even, uniform, equal",JLPT_1 JLPT
一連,いちれん,名詞,Noun,"a series, a chain, a ream (of paper)",JLPT_1 JLPT
一括,いっかつ,名詞,Noun,"all together, batch",JLPT_1 JLPT
一気,いっき,名詞,Noun,"at one push, in one gulp",JLPT_1 JLPT
一挙に,いっきょに,名詞,Noun,"at a stroke, with a single swoop",JLPT_1 JLPT
一見,いっけん,名詞,Noun,"a look, a glimpse, glance; first meeting",JLPT_1 JLPT
一切,いっさい,名詞,Noun,"without exception, the whole",JLPT_1 JLPT
一心,いっしん,名詞,Noun,"one mind, with rapt attention",JLPT_1 JLPT
いっそ,いっそ,副詞,Adverb,"rather, sooner, might as well",JLPT_1 JLPT
一変,いっぺん,名詞,Noun,complete change,JLPT_1 JLPT
意図,いと,名詞,Noun,"intention, aim, design",JLPT_1 JLPT
営む,いとなむ,動詞,Verb,"to carry on (e.g., in ceremony), to run a business",JLPT_1 JLPT
挑む,いどむ,動詞,Verb,to challenge,JLPT_1 JLPT
稲光,いなびかり,名詞,Noun,(flash of) lightning,JLPT_1 JLPT
祈り,いのり,名詞,Noun,"prayer, supplication",JLPT_1 JLPT
いびき,いびき,名詞,Noun,snoring,JLPT_1 JLPT
今更,いまさら,副詞,Adverb,"now, again",JLPT_1 JLPT
未だ,いまだ,副詞,Adverb,"yet, still",JLPT_1 JLPT
移民,いみん,名詞,Noun,"emigrant, immigrant",JLPT_1 JLPT
嫌々,いやいや,名詞,Noun,"reluctantly, by no means, unwillingly",JLPT_1 JLPT
卑しい,いやしい,形容詞,Adjective,"greedy, vulgar, shabby",JLPT_1 JLPT
いやに,いやに,形状詞,Adjective,"awfully, terribly",JLPT_1 JLPT
いやらしい,いやらしい,形容詞,Adjective,"unpleasant, disgusting, indecent",JLPT_1 JLPT
意欲,いよく,名詞,Noun,"will, desire, ambition",JLPT_1 JLPT
威力,いりょく,名詞,Noun,"power, might, authority",JLPT_1 JLPT
衣類,いるい,名詞,Noun,"clothes, clothing, garments",JLPT_1 JLPT
異論,いろん,名詞,Noun,"different opinion, objection",JLPT_1 JLPT
印鑑,いんかん,名詞,Noun,"stamp, seal",JLPT_1 JLPT
陰気,いんき,形状詞,Adjective,"gloom, melancholy",JLPT_1 JLPT
隠居,いんきょ,名詞,Noun,retirement; retired person,JLPT_1 JLPT
インターチェンジ,インターチェンジ,名詞,Noun,interchange,JLPT_1 JLPT
インターナショナル,インターナショナル,名詞,Noun,international,JLPT_1 JLPT
インターフォン,インターフォン,名詞,Noun,"entry phone, intercom",JLPT_1 JLPT
インテリ,インテリ,名詞,Noun,"(abbr.) egghead, intelligentsia",JLPT_1 JLPT
インフォメーション,インフォメーション,名詞,Noun,information,JLPT_1 JLPT
インフレ,インフレ,名詞,Noun,(abbr.) inflation,JLPT_1 JLPT
受かる,うかる,動詞,Verb,to pass (examination),JLPT_1 JLPT
受け入れ,うけいれ,名詞,Noun,"receiving, acceptance",JLPT_1 JLPT
受け入れる,うけいれる,動詞,Verb,"to accept, to receive",JLPT_1 JLPT
受け継ぐ,うけつぐ,動詞,Verb,"to inherit, to succeed",JLPT_1 JLPT
受け付ける,うけつける,動詞,Verb,"to be accepted, to receive (an application)",JLPT_1 JLPT
受け止める,うけとめる,動詞,Verb,"to catch, to react to, to take",JLPT_1 JLPT
受身,うけみ,名詞,Noun,"passive, passive voice",JLPT_1 JLPT
受持ち,うけもち,名詞,Noun,"charge (of something), matter in one's charge",JLPT_1 JLPT
動き,うごき,名詞,Noun,"movement, activity, trend",JLPT_1 JLPT
埋める,うずめる,動詞,Verb,"to bury, to fill",JLPT_1 JLPT
嘘つき,うそつき,名詞,Noun,liar,JLPT_1 JLPT
うたた寝,うたたね,名詞,Noun,"dozing, napping",JLPT_1 JLPT
打ち明ける,うちあける,動詞,Verb,"to confess, to be open",JLPT_1 JLPT
打ち切る,うちきる,動詞,Verb,"to stop, to abort, to discontinue, to close",JLPT_1 JLPT
打ち消し,うちけし,名詞,Noun,"(gram) negation, denial, negative",JLPT_1 JLPT
打ち込む,うちこむ,動詞,Verb,"to devote oneself to, to shoot into",JLPT_1 JLPT
団扇,うちわ,名詞,Noun,fan,JLPT_1 JLPT
内訳,うちわけ,名詞,Noun,"the items, breakdown, classification",JLPT_1 JLPT
写し,うつし,名詞,Noun,"copy, duplicate",JLPT_1 JLPT
訴え,うったえ,名詞,Noun,"lawsuit, complaint",JLPT_1 JLPT
うっとうしい,うっとうしい,形容詞,Adjective,"weary, annoying",JLPT_1 JLPT
うつむく,うつむく,動詞,Verb,"to look downward, to stoop",JLPT_1 JLPT
空ろ,うつろ,形状詞,Adjective,"blank, hollow, empty",JLPT_1 JLPT
器,うつわ,名詞,Noun,"bowl, vessel, container",JLPT_1 JLPT
腕前,うでまえ,名詞,Noun,"ability, skill, facility",JLPT_1 JLPT
雨天,うてん,名詞,Noun,rainy weather,JLPT_1 JLPT
促す,うながす,動詞,Verb,"to urge, to suggest, to demand",JLPT_1 JLPT
うぬぼれ,うぬぼれ,名詞,Noun,"pretension, conceit, hubris",JLPT_1 JLPT
生まれつき,うまれつき,名詞,Noun,"by nature, by birth, native",JLPT_1 JLPT
埋め込む,うめこむ,動詞,Verb,"to embed, implant",JLPT_1 JLPT
梅干し,うめぼし,名詞,Noun,dried plum,JLPT_1 JLPT
裏返し,うらがえし,名詞,Noun,"inside out, reverse",JLPT_1 JLPT
売り出し,うりだし,名詞,Noun,(bargain) sale,JLPT_1 JLPT
売り出す,うりだす,動詞,Verb,"to put on sale, to market",JLPT_1 JLPT
潤う,うるおう,動詞,Verb,to be moist; to profit by,JLPT_1 JLPT
浮気,うわき,名詞,Noun,"affair, to cheat",JLPT_1 JLPT
上回る,うわまわる,動詞,Verb,to exceed,JLPT_1 JLPT
植わる,うわる,動詞,Verb,to be planted,JLPT_1 JLPT
運営,うんえい,名詞,Noun,"management, administration, operation",JLPT_1 JLPT
うんざり,うんざり,副詞,Adverb,"tedious, boring, being fed up with",JLPT_1 JLPT
運送,うんそう,名詞,Noun,"shipping, freight",JLPT_1 JLPT
運賃,うんちん,名詞,Noun,"freight rates, shipping expenses, (passenger) fare",JLPT_1 JLPT Intermediate_Japanese_Ln.10 Intermediate_Japanese
云々,うんぬん,名詞,Noun,"and so on, and so forth",JLPT_1 JLPT
運搬,うんぱん,名詞,Noun,"transport, carriage",JLPT_1 JLPT
運命,うんめい,名詞,Noun,fate,JLPT_1 JLPT
運輸,うんゆ,名詞,Noun,transportation,JLPT_1 JLPT
運用,うんよう,名詞,Noun,"making use of, application, practical use",JLPT_1 JLPT
エアメール,エアメール,名詞,Noun,air mail,JLPT_1 JLPT
～営,～えい,名詞,Noun,~ run,JLPT_1 JLPT
英字,えいじ,名詞,Noun,English letter (character),JLPT_1 JLPT
映写,えいしゃ,名詞,Noun,projection,JLPT_1 JLPT
映像,えいぞう,名詞,Noun,"reflection, image",JLPT_1 JLPT
英雄,えいゆう,名詞,Noun,"hero, great man",JLPT_1 JLPT
液,えき,名詞,Noun,"liquid, fluid",JLPT_1 JLPT
閲覧,えつらん,名詞,Noun,"inspection, reference, browse",JLPT_1 JLPT
獲物,えもの,名詞,Noun,"game, spoils, trophy",JLPT_1 JLPT
襟,えり,名詞,Noun,"neck, collar",JLPT_1 JLPT
エレガント,エレガント,名詞,Noun,elegant,JLPT_1 JLPT
円滑,えんかつ,形状詞,Adjective,"harmony, smoothness",JLPT_1 JLPT
縁側,えんがわ,名詞,Noun,"veranda, porch, balcony, open corridor",JLPT_1 JLPT
沿岸,えんがん,名詞,Noun,"coast, shore",JLPT_1 JLPT
婉曲,えんきょく,形状詞,Adjective,"euphemistic, indirect, insinuating",JLPT_1 JLPT
演出,えんしゅつ,名詞,Noun,"production (erg. play, direction)",JLPT_1 JLPT
エンジニア,エンジニア,名詞,Noun,engineer,JLPT_1 JLPT
演じる,えんじる,動詞,Verb,"to perform, to play (a part), to act",JLPT_1 JLPT
演ずる,えんずる,動詞,Verb,"to perform, to play (a part), to act",JLPT_1 JLPT
沿線,えんせん,名詞,Noun,along railway line,JLPT_1 JLPT
縁談,えんだん,名詞,Noun,marriage proposal,JLPT_1 JLPT
遠方,えんぽう,名詞,Noun,"long way, distant place",JLPT_1 JLPT
円満,えんまん,形状詞,Adjective,"harmony, peace, smoothness",JLPT_1 JLPT
追い込む,おいこむ,動詞,Verb,"to herd, to corner, to drive",JLPT_1 JLPT
追い出す,おいだす,動詞,Verb,"to expel, to drive out",JLPT_1 JLPT
於いて,おいて,動詞,Verb,"at, in, on",JLPT_1 JLPT
老いる,おいる,動詞,Verb,"to age, to grow old",JLPT_1 JLPT
応急,おうきゅう,名詞,Noun,emergency,JLPT_1 JLPT
黄金,おうごん,名詞,Noun,gold,JLPT_1 JLPT
往診,おうしん,名詞,Noun,"doctor's visit, house call",JLPT_1 JLPT
応募,おうぼ,名詞,Noun,"subscription, application",JLPT_1 JLPT
おおい (かん),おおい (かん),感動詞,Other,hey,JLPT_1 JLPT
大方,おおかた,名詞,Noun,"almost all, majority",JLPT_1 JLPT
大柄,おおがら,名詞,Noun,"large build, large pattern",JLPT_1 JLPT
おおげさ,おおげさ,形状詞,Adjective,"grandiose, exaggerated",JLPT_1 JLPT
大筋,おおすじ,名詞,Noun,"outline, summary",JLPT_1 JLPT
大空,おおぞら,名詞,Noun,"heaven, the sky",JLPT_1 JLPT
オートマチック,オートマチック,名詞,Noun,automatic,JLPT_1 JLPT
大幅,おおはば,形状詞,Adjective,"full width, large scale, drastic",JLPT JLPT_1 MediaMissing
おおまかな,おおまかな,形状詞,Adjective,"rough, approximate",JLPT_1 JLPT
大水,おおみず,名詞,Noun,flood,JLPT_1 JLPT
公,おおやけ,名詞,Noun,public,JLPT_1 JLPT
犯す,おかす,動詞,Verb,"to perpetrate, to violate",JLPT_1 JLPT
侵す,おかす,動詞,Verb,"to invade, to raid, to trespass",JLPT_1 JLPT
臆病,おくびょう,名詞,Noun,"cowardice, timidity",JLPT_1 JLPT
遅らす,おくらす,動詞,Verb,"to retard, to delay",JLPT_1 JLPT
厳か,おごそか,形状詞,Adjective,"majestic, dignified",JLPT_1 JLPT
行い,おこない,動詞,Verb,"conduct, behavior, action",JLPT_1 JLPT
おごる (ゆうしょくを～),おごる (ゆうしょくを～),動詞,Verb,to give (someone) a treat,JLPT_1 JLPT
収まる,おさまる,動詞,Verb,to settle into; to be obtained,JLPT_1 JLPT
納まる,おさまる,動詞,Verb,to settle into; to be obtained,JLPT_1 JLPT
治まる,おさまる,動詞,Verb,"to be at peace, to calm down",JLPT_1 JLPT
お産,おさん,名詞,Noun,(giving) birth,JLPT_1 JLPT
押し切る,おしきる,動詞,Verb,to have one's own way,JLPT_1 JLPT
押し込む,おしこむ,動詞,Verb,"to push into, to crowd into",JLPT_1 JLPT
惜しむ,おしむ,動詞,Verb,"to be frugal, to value, to regret",JLPT_1 JLPT
押し寄せる,おしよせる,動詞,Verb,"to push aside, to advance on",JLPT_1 JLPT
雄,おす,名詞,Noun,male (animal),JLPT_1 JLPT
御世辞,おせじ,名詞,Noun,"flattery, compliment",JLPT_1 JLPT
襲う,おそう,動詞,Verb,to attack,JLPT_1 JLPT
遅くとも,おそくとも,形容詞,Adjective,at the latest,JLPT_1 JLPT
恐れ,おそれ,名詞,Noun,"fear, horror",JLPT_1 JLPT
恐れ入る,おそれいる,動詞,Verb,"to be filled with awe, to feel small",JLPT_1 JLPT
おだてる,おだてる,動詞,Verb,to flatter,JLPT_1 JLPT
落ち込む,おちこむ,動詞,Verb,to get depressed,JLPT_1 Genki_Ln.16 JLPT Genki
落ち着き,おちつき,名詞,Noun,"calm, composure",JLPT_1 JLPT
落葉,おちば,名詞,Noun,fallen leaves,JLPT_1 JLPT
乙,おつ,名詞,Noun,2nd in rank,JLPT_1 JLPT
お使い,おつかい,動詞,Verb,errand,JLPT_1 JLPT
おっかない,おっかない,形容詞,Adjective,"frightening, scary",JLPT_1 JLPT
お手上げ,おてあげ,名詞,Noun,"given in, given up hope",JLPT_1 JLPT
おどおど,おどおど,副詞,Adverb,"coweringly, hesitantly",JLPT_1 JLPT
脅す,おどす,動詞,Verb,"to threaten, to menace",JLPT_1 JLPT
訪れる,おとずれる,動詞,Verb,to visit,JLPT_1 JLPT
お供,おとも,名詞,Noun,"attendant, companion",JLPT_1 JLPT
衰える,おとろえる,動詞,Verb,"to become weak, to decline",JLPT_1 JLPT
同い年,おないどし,名詞,Noun,of the same age,JLPT_1 JLPT
自ずから,おのずから,副詞,Adverb,"naturally, as a matter of course",JLPT_1 JLPT
怯える,おびえる,動詞,Verb,to become frightened,JLPT_1 JLPT
おびただしい,おびただしい,形容詞,Adjective,"abundantly, innumerably",JLPT_1 JLPT
脅かす,おびやかす,動詞,Verb,"to threaten, to coerce",JLPT_1 JLPT
帯びる,おびる,動詞,Verb,"to bear, to carry, to be entrusted",JLPT_1 JLPT
お袋,おふくろ,名詞,Noun,mother,JLPT_1 JLPT
覚え,おぼえ,動詞,Verb,"memory, sense, experience",JLPT_1 JLPT
おまけ,おまけ,名詞,Noun,a discount; something additional,JLPT_1 JLPT
お宮,おみや,名詞,Noun,Shinto shrine,JLPT_1 JLPT
おむつ,おむつ,名詞,Noun,"diaper, nappy",JLPT_1 JLPT
思い付き,おもいつき,名詞,Noun,"plan, idea, suggestion",JLPT_1 JLPT
趣,おもむき,名詞,Noun,"flavor, appearance, quaint",JLPT_1 JLPT
赴く,おもむく,動詞,Verb,"to go, to proceed",JLPT_1 JLPT
重んじる,おもんじる,動詞,Verb,"to respect, to honor, to esteem, to prize",JLPT_1 JLPT
重んずる,おもんずる,動詞,Verb,"to honor, to respect, to value",JLPT_1 JLPT
親父,おやじ,名詞,Noun,"one's father, old man, one's boss",JLPT_1 JLPT
及び,および,接続詞,Other,"and, as well as",JLPT_1 JLPT
及ぶ,およぶ,動詞,Verb,"to reach, to extend",JLPT_1 JLPT
折,おり,名詞,Noun,"chance, occasion",JLPT_1 JLPT
檻,おり,名詞,Noun,"cage, pen, jail cell",JLPT_1 JLPT
オリエンテーション,オリエンテーション,名詞,Noun,orientation,JLPT_1 JLPT
折り返す,おりかえす,動詞,Verb,"to turn up, to fold back",JLPT_1 JLPT
織物,おりもの,名詞,Noun,"textile, fabric",JLPT_1 JLPT
俺,おれ,代名詞,Noun,I (ego) (boastful first-person pronoun),JLPT_1 JLPT
愚か,おろか,形状詞,Adjective,"foolish, stupid",JLPT_1 JLPT
おろそか,おろそか,形状詞,Adjective,"neglect, negligence, carelessness",JLPT_1 JLPT
おんぶ,おんぶ,名詞,Noun,carrying on one's back (erg. Baby),JLPT_1 JLPT
オンライン,オンライン,名詞,Noun,on-line,JLPT_1 JLPT
温和,おんわ,名詞,Noun,"gentle, mild, moderate",JLPT_1 JLPT
我,が～,代名詞,Noun,ego,JLPT_1 JLPT
カーペット,カーペット,名詞,Noun,carpet,JLPT_1 JLPT
～界,～かい,名詞,Noun,"world, circle, kingdom",JLPT_1 JLPT
～街,～がい,名詞,Noun,town,JLPT_1 JLPT
改悪,かいあく,名詞,Noun,"deterioration, changing for the worse",JLPT_1 JLPT
海運,かいうん,名詞,Noun,marine transportation,JLPT_1 JLPT
外貨,がいか,名詞,Noun,foreign money,JLPT_1 JLPT
改革,かいかく,名詞,Noun,"reform, reformation, innovation",JLPT_1 JLPT
貝殻,かいがら,名詞,Noun,shell,JLPT_1 JLPT
外観,がいかん,名詞,Noun,"appearance, exterior, facade",JLPT_1 JLPT
階級,かいきゅう,名詞,Noun,"class, rank, grade",JLPT_1 JLPT
海峡,かいきょう,名詞,Noun,channel,JLPT_1 JLPT
会見,かいけん,名詞,Noun,"interview, conference",JLPT_1 JLPT
介護,かいご,名詞,Noun,nursing,JLPT_1 JLPT
開催,かいさい,名詞,Noun,"holding a meeting, open an exhibition",JLPT_1 JLPT
回収,かいしゅう,名詞,Noun,"collection, recovery",JLPT_1 JLPT
改修,かいしゅう,名詞,Noun,"repair, improvement",JLPT_1 JLPT
怪獣,かいじゅう,名詞,Noun,monster,JLPT_1 JLPT
解除,かいじょ,名詞,Noun,"cancellation, release, cancel",JLPT_1 JLPT
外相,がいしょう,名詞,Noun,Foreign Minister,JLPT_1 JLPT
害する,がいする,動詞,Verb,"to harm, to offend",JLPT_1 JLPT
概説,がいせつ,名詞,Noun,"general statement, outline",JLPT_1 JLPT
回送,かいそう,名詞,Noun,forwarding,JLPT_1 JLPT
階層,かいそう,名詞,Noun,"class, level, stratum, hierarchy",JLPT_1 JLPT
開拓,かいたく,名詞,Noun,"cultivation, pioneer",JLPT_1 JLPT
会談,かいだん,名詞,Noun,"conversation, interview",JLPT_1 JLPT
改定,かいてい,名詞,Noun,reform,JLPT_1 JLPT
改訂,かいてい,名詞,Noun,revision,JLPT_1 JLPT
ガイド,ガイド,名詞,Noun,guide,JLPT_1 JLPT
街道,かいどう,名詞,Noun,highway,JLPT_1 JLPT
該当,がいとう,名詞,Noun,"corresponding, answering to, coming under",JLPT_1 JLPT
街頭,がいとう,名詞,Noun,in the street,JLPT_1 JLPT
ガイドブック,ガイドブック,名詞,Noun,guidebook,JLPT_1 JLPT
介入,かいにゅう,名詞,Noun,intervention,JLPT_1 JLPT
概念,がいねん,名詞,Noun,"general idea, concept, notion",JLPT_1 JLPT
開発,かいはつ,名詞,Noun,"development, exploitation",JLPT_1 JLPT
海抜,かいばつ,名詞,Noun,height above sea level,JLPT_1 JLPT
介抱,かいほう,名詞,Noun,"nursing, looking after",JLPT_1 JLPT
解剖,かいぼう,名詞,Noun,"dissection, autopsy",JLPT_1 JLPT
外来,がいらい,名詞,Noun,"(abbr.) imported, outpatient clinic",JLPT_1 JLPT
回覧,かいらん,名詞,Noun,circulation,JLPT_1 JLPT
概略,がいりゃく,名詞,Noun,"outline, summary, gist",JLPT_1 JLPT
海流,かいりゅう,名詞,Noun,ocean current,JLPT_1 JLPT
改良,かいりょう,名詞,Noun,"improvement, reform",JLPT_1 JLPT
回路,かいろ,名詞,Noun,circuit (electric),JLPT_1 JLPT
海路,かいろ,名詞,Noun,sea route,JLPT_1 JLPT
省みる,かえりみる,動詞,Verb,to reflect,JLPT_1 JLPT
顧みる,かえりみる,動詞,Verb,"to look back, to turn around, to review",JLPT_1 JLPT
顔付き,かおつき,名詞,Noun,facial expression,JLPT_1 JLPT
課外,かがい,名詞,Noun,extracurricular,JLPT_1 JLPT
掲げる,かかげる,動詞,Verb,"to hoist, to fly (a sail), to float (a flag)",JLPT_1 JLPT
かかと,かかと,名詞,Noun,shoe heel,JLPT_1 JLPT
書き取る,かきとる,動詞,Verb,"to write down, to take dictation",JLPT_1 JLPT
掻き回す,かきまわす,動詞,Verb,"to stir up, to churn, to disturb",JLPT_1 JLPT
かく (はじを),かく (はじを),動詞,Verb,to humiliate oneself,JLPT_1 JLPT
～画,～かく,名詞,Noun,~ strokes,JLPT_1 JLPT
学芸,がくげい,名詞,Noun,"arts and sciences, liberal arts",JLPT_1 JLPT
格差,かくさ,名詞,Noun,"difference, disparity",JLPT_1 JLPT
拡散,かくさん,名詞,Noun,"scattering, diffusion",JLPT_1 JLPT
学士,がくし,名詞,Noun,university graduate,JLPT_1 JLPT
各種,かくしゅ,名詞,Noun,"every kind, all sorts",JLPT_1 JLPT
隔週,かくしゅう,名詞,Noun,every other week,JLPT_1 JLPT
確信,かくしん,名詞,Noun,"conviction, confidence",JLPT_1 JLPT
革新,かくしん,名詞,Noun,"reform, innovation",JLPT_1 JLPT
学説,がくせつ,名詞,Noun,theory,JLPT_1 JLPT
確定,かくてい,名詞,Noun,"fixed, decision",JLPT_1 JLPT
カクテル,カクテル,名詞,Noun,cocktail,JLPT_1 JLPT
獲得,かくとく,名詞,Noun,"acquisition, possession",JLPT_1 JLPT
楽譜,がくふ,名詞,Noun,"score (music, sheet music)",JLPT_1 JLPT
確保,かくほ,名詞,Noun,"guarantee, insure, secure",JLPT_1 JLPT
革命,かくめい,名詞,Noun,revolution,JLPT_1 JLPT
確立,かくりつ,名詞,Noun,establishment,JLPT_1 JLPT
賭,かけ,名詞,Noun,"betting, gambling, a gamble",JLPT_1 JLPT
掛～,かけ～,名詞,Noun,credit,JLPT_1 JLPT
～掛け,～かけ,名詞,Noun,"rack, hanger",JLPT_1 JLPT
崖,がけ,名詞,Noun,cliff,JLPT_1 JLPT
駆け足,かけあし,名詞,Noun,"running fast, double time",JLPT_1 JLPT
家計,かけい,名詞,Noun,"household economy, family finances",JLPT_1 JLPT
駆けっこ,かけっこ,動詞,Verb,(foot) race,JLPT_1 JLPT
加工,かこう,名詞,Noun,"manufacturing, processing, treatment",JLPT_1 JLPT
化合,かごう,名詞,Noun,chemical combination,JLPT_1 JLPT
かさばる,かさばる,動詞,Verb,to be bulky,JLPT_1 JLPT
かさむ,かさむ,動詞,Verb,"to pile up, to increase",JLPT_1 JLPT
箇条書,かじょうがき,名詞,Noun,"itemized form, itemization",JLPT_1 JLPT
頭,かしら,名詞,Noun,"head, chief",JLPT_1 JLPT
微か,かすか,形状詞,Adjective,"faint, dim, weak",JLPT_1 JLPT
霞む,かすむ,動詞,Verb,"to grow hazy, to be misty",JLPT_1 JLPT
擦る,かする,動詞,Verb,"to rub, to chafe",JLPT_1 JLPT
火星,かせい,名詞,Noun,Mars,JLPT_1 JLPT
化石,かせき,名詞,Noun,"fossil, petrifaction, fossilization",JLPT_1 JLPT
河川,かせん,名詞,Noun,rivers,JLPT_1 JLPT
化繊,かせん,名詞,Noun,synthetic fibers,JLPT_1 JLPT
過疎,かそ,名詞,Noun,depopulation,JLPT_1 JLPT
片～,かた～,接頭辞,Other,single ~,JLPT_1 JLPT
片言,かたこと,名詞,Noun,"broken (in reference to speaking style, e.g., Japanese)",JLPT_1 JLPT Intermediate_Japanese_Ln.13 Intermediate_Japanese
傾ける,かたむける,動詞,Verb,"to incline, to tilt, to bend",JLPT_1 JLPT
固める,かためる,動詞,Verb,"to harden, to freeze, to fortify",JLPT_1 JLPT
傍ら,かたわら,名詞,Noun,"beside(s, while, nearby",JLPT_1 JLPT
花壇,かだん,名詞,Noun,flower bed,JLPT_1 JLPT
家畜,かちく,名詞,Noun,"domestic animals, livestock, cattle",JLPT_1 JLPT
且つ,かつ,接続詞,Other,"yet, and",JLPT_1 JLPT
がっくり,がっくり,副詞,Adverb,heartbroken,JLPT_1 JLPT
合唱,がっしょう,名詞,Noun,"chorus, singing in a chorus",JLPT_1 JLPT
がっしり,がっしり,副詞,Adverb,"firmly, solidly, tough",JLPT_1 JLPT
合致,がっち,名詞,Noun,"agreement, concurrence, conforming to",JLPT_1 JLPT
がっちり,がっちり,副詞,Adverb,"solidly built, tightly",JLPT_1 JLPT
かつて,かつて,副詞,Adverb,"once, before, formerly",JLPT_1 JLPT
勝手,かって,名詞,Noun,"kitchen; one's way, selfishness",JLPT_1 JLPT
カット,カット,名詞,Noun,"cut, cutting",JLPT_1 JLPT
活発,かっぱつ,形状詞,Adjective,"vigor, active",JLPT_1 JLPT
合併,がっぺい,名詞,Noun,"combination, amalgamation, merger",JLPT_1 JLPT
カテゴリー,カテゴリー,名詞,Noun,category,JLPT_1 JLPT
叶う,かなう,動詞,Verb,to come true,JLPT_1 JLPT
叶える,かなえる,動詞,Verb,"to grant (request, wish)",JLPT_1 JLPT
金槌,かなづち,名詞,Noun,(iron) hammer,JLPT_1 JLPT
かなわない,かなわない,動詞,Verb,"be beyond one's power, be unable",JLPT_1 JLPT
加入,かにゅう,名詞,Noun,"becoming a member, admission",JLPT_1 JLPT
予て,かねて,副詞,Adverb,"previously, already, lately",JLPT_1 JLPT
庇う,かばう,動詞,Verb,"to protect someone, to&nbsp;&nbsp;cover up for someone",JLPT_1 JLPT
株式,かぶしき,名詞,Noun,stock,JLPT_1 JLPT
かぶれる,かぶれる,動詞,Verb,to react to; to be influenced by,JLPT_1 JLPT
花粉,かふん,名詞,Noun,pollen,JLPT_1 JLPT
貨幣,かへい,名詞,Noun,"money, currency, coinage",JLPT_1 JLPT
構える,かまえる,動詞,Verb,to set up,JLPT_1 JLPT
過密,かみつ,名詞,Noun,crowded,JLPT_1 JLPT
噛み切る,かみきる,動詞,Verb,"to bite off, to gnaw through",JLPT_1 JLPT
カムバック,カムバック,名詞,Noun,comeback,JLPT_1 JLPT
カメラマン,カメラマン,名詞,Noun,cameraman,JLPT_1 JLPT
粥,かゆ,名詞,Noun,rice porridge,JLPT_1 JLPT
体付き,からだつき,名詞,Noun,"body build, figure",JLPT_1 JLPT
絡む,からむ,動詞,Verb,"to entangle, to entwine",JLPT_1 JLPT
かりに,かりに,名詞,Noun,"temporarily; if, for argument's sake",JLPT_1 JLPT
カルテ,カルテ,名詞,Noun,clinical records (GER: Karte),JLPT_1 JLPT
ガレージ,ガレージ,名詞,Noun,garage (at house),JLPT_1 JLPT
過労,かろう,名詞,Noun,"overwork, strain",JLPT_1 JLPT
かろうじて,かろうじて,副詞,Adverb,"barely, narrowly",JLPT_1 JLPT
交す,かわす,動詞,Verb,to exchange,JLPT_1 JLPT
代る代る,かわるがわる,副詞,Adverb,alternately,JLPT_1 JLPT
簡易,かんい,形状詞,Adjective,"simplicity, easiness, quasi-",JLPT_1 JLPT
灌漑,かんがい,名詞,Noun,irrigation,JLPT_1 JLPT
眼科,がんか,名詞,Noun,ophthalmology,JLPT_1 JLPT
眼球,がんきゅう,名詞,Noun,eyeball,JLPT_1 JLPT
玩具,がんぐ,名詞,Noun,toy,JLPT_1 JLPT
簡潔,かんけつ,名詞,Noun,"brevity, concise, simple",JLPT_1 JLPT
還元,かんげん,名詞,Noun,"resolution, reduction, return",JLPT_1 JLPT
看護,かんご,名詞,Noun,nursing,JLPT_1 JLPT
漢語,かんご,名詞,Noun,"Chinese word, Sino-Japanese word",JLPT_1 JLPT
頑固,がんこ,形状詞,Adjective,"stubbornness, obstinacy",JLPT_1 JLPT
勧告,かんこく,名詞,Noun,"advice, counsel",JLPT_1 JLPT
換算,かんさん,名詞,Noun,"conversion, change, exchange",JLPT_1 JLPT
監視,かんし,名詞,Noun,"observation, guarding, surveillance",JLPT_1 JLPT
慣習,かんしゅう,名詞,Noun,usual (historical) custom,JLPT_1 JLPT
観衆,かんしゅう,名詞,Noun,"spectators, audience",JLPT_1 JLPT
願書,がんしょ,名詞,Noun,application form,JLPT_1 JLPT
干渉,かんしょう,名詞,Noun,"interference, intervention",JLPT_1 JLPT
頑丈,がんじょう,形状詞,Adjective,"solid, firm, strong",JLPT_1 JLPT
感触,かんしょく,名詞,Noun,"sense of touch, feeling, sensation",JLPT_1 JLPT
肝心,かんじん,形状詞,Adjective,"essential, fundamental, crucial",JLPT_1 JLPT
肝腎,かんじん,形状詞,Adjective,"essential, fundamental, crucial",JLPT_1 JLPT
関税,かんぜい,名詞,Noun,"customs, duty, tariff",JLPT_1 JLPT
岩石,がんせき,名詞,Noun,rock,JLPT_1 JLPT
感染,かんせん,名詞,Noun,"infection, contagion",JLPT_1 JLPT
幹線,かんせん,名詞,Noun,"main line, trunk line",JLPT_1 JLPT
簡素,かんそ,形状詞,Adjective,"simplicity, plain",JLPT_1 JLPT
観点,かんてん,名詞,Noun,point of view,JLPT_1 JLPT
感度,かんど,名詞,Noun,"sensitivity, severity (quake)",JLPT_1 JLPT
カンニング,カンニング,名詞,Noun,"cunning, cheat",JLPT_1 JLPT
元年,がんねん,名詞,Noun,first year (of a specific reign),JLPT_1 JLPT
幹部,かんぶ,名詞,Noun,"management, executive",JLPT_1 JLPT
完ぺき,かんぺき,名詞,Noun,"perfection, completeness, flawless",JLPT_1 JLPT
勘弁,かんべん,名詞,Noun,"pardon, forgiveness, forbearance",JLPT_1 JLPT
感無量,かんむりょう,名詞,Noun,"deep feeling, filled with emotion",JLPT_1 JLPT
勧誘,かんゆう,名詞,Noun,"invitation, canvassing, inducement",JLPT_1 Intermediate_Japanese_Ln.5 JLPT Intermediate_Japanese
関与,かんよ,名詞,Noun,"participation, taking part in",JLPT_1 JLPT
寛容,かんよう,名詞,Noun,"forbearance, tolerance, generosity, involvement",JLPT_1 JLPT
元来,がんらい,副詞,Adverb,"originally, naturally",JLPT_1 JLPT
観覧,かんらん,名詞,Noun,viewing,JLPT_1 JLPT
慣例,かんれい,名詞,Noun,"custom, precedent, of convention",JLPT_1 JLPT
還暦,かんれき,名詞,Noun,60th birthday,JLPT_1 JLPT
貫禄,かんろく,名詞,Noun,"presence, dignity",JLPT_1 JLPT
緩和,かんわ,名詞,Noun,"relief, mitigation",JLPT_1 JLPT
議案,ぎあん,名詞,Noun,legislative bill,JLPT_1 JLPT
危害,きがい,名詞,Noun,"injury, harm, danger",JLPT_1 JLPT
企画,きかく,名詞,Noun,"planning, project",JLPT_1 Intermediate_Japanese_Ln.14 JLPT Intermediate_Japanese
規格,きかく,名詞,Noun,"standard, norm",JLPT_1 JLPT
着飾る,きかざる,動詞,Verb,to dress up,JLPT_1 JLPT
気兼ね,きがね,名詞,Noun,"hesitance, diffidence, feeling constraint",JLPT_1 JLPT
気軽,きがる,形状詞,Adjective,"cheerful, buoyant, lighthearted",JLPT_1 JLPT
危機,きき,名詞,Noun,crisis,JLPT_1 JLPT
聞き取り,ききとり,動詞,Verb,listening comprehension,JLPT_1 JLPT
効き目,ききめ,名詞,Noun,"effect, virtue, efficacy",JLPT_1 JLPT
帰京,ききょう,名詞,Noun,returning to Tokyo,JLPT_1 JLPT
戯曲,ぎきょく,名詞,Noun,"play, drama",JLPT_1 JLPT
基金,ききん,名詞,Noun,"fund, foundation",JLPT_1 JLPT
喜劇,きげき,名詞,Noun,"comedy, funny show",JLPT_1 JLPT
議決,ぎけつ,名詞,Noun,"resolution, decision, vote",JLPT_1 JLPT
棄権,きけん,名詞,Noun,"abstain from voting, renunciation of a right",JLPT_1 JLPT
既婚,きこん,名詞,Noun,married,JLPT_1 JLPT
気障,きざ,形状詞,Adjective,"affectation, conceit, snobbery",JLPT_1 JLPT
記載,きさい,名詞,Noun,"mention, entry",JLPT_1 JLPT
兆,きざし,名詞,Noun,"sign, omen, indication",JLPT_1 JLPT
気質,きしつ,名詞,Noun,"character, trait, temperament",JLPT_1 JLPT
期日,きじつ,名詞,Noun,"fixed date, settlement date",JLPT_1 JLPT
きしむ,きしむ,動詞,Verb,"to jar, to creak, to grate",JLPT_1 JLPT
議事堂,ぎじどう,名詞,Noun,Diet building,JLPT_1 JLPT
記述,きじゅつ,名詞,Noun,"describing, descriptor",JLPT_1 JLPT
気象,きしょう,名詞,Noun,"weather, climate",JLPT_1 JLPT
傷付く,きずつく,動詞,Verb,"to be hurt, to be wounded, to get injured",JLPT_1 JLPT
傷付ける,きずつける,動詞,Verb,"to wound, to hurt someone's feelings",JLPT_1 JLPT
犠牲,ぎせい,名詞,Noun,sacrifice,JLPT_1 JLPT
汽船,きせん,名詞,Noun,steamship,JLPT_1 JLPT
寄贈,きぞう,名詞,Noun,"donation, presentation",JLPT_1 JLPT
偽造,ぎぞう,名詞,Noun,"forgery, fabrication, counterfeiting",JLPT_1 JLPT
貴族,きぞく,名詞,Noun,"noble, aristocrat",JLPT_1 JLPT
議題,ぎだい,名詞,Noun,"topic of discussion, agenda",JLPT_1 JLPT
鍛える,きたえる,動詞,Verb,"to forge, to train, to discipline",JLPT_1 JLPT
気立て,きだて,名詞,Noun,"good-natured, kind-hearted",JLPT_1 JLPT
来る,きたる,動詞,Verb,"to come, to approach,",JLPT_1 JLPT
きちっと,きちっと,副詞,Adverb,"exactly, perfectly",JLPT_1 JLPT
几帳面,きちょうめん,形状詞,Adjective,"methodical, punctual, steady",JLPT_1 JLPT
きっかり,きっかり,副詞,Adverb,"exactly, precisely",JLPT_1 JLPT
きっちり,きっちり,副詞,Adverb,"precisely, tightly",JLPT_1 JLPT
きっぱり,きっぱり,副詞,Adverb,"clearly, plainly, distinctly",JLPT_1 JLPT
規定,きてい,名詞,Noun,"regulation, provisions",JLPT_1 JLPT
起点,きてん,名詞,Noun,starting point,JLPT_1 JLPT
軌道,きどう,名詞,Noun,orbit; track,JLPT_1 JLPT
技能,ぎのう,名詞,Noun,"technical skill, ability, capacity",JLPT_1 JLPT
規範,きはん,名詞,Noun,"model, standard, example",JLPT_1 JLPT
気品,きひん,名詞,Noun,"grace, elegance",JLPT_1 JLPT
気風,きふう,名詞,Noun,"character, traits, ethos",JLPT_1 JLPT
起伏,きふく,名詞,Noun,undulation,JLPT_1 JLPT
規模,きぼ,名詞,Noun,"scale, scope, plan, structure",JLPT_1 JLPT
気まぐれ,きまぐれ,名詞,Noun,"whim, caprice, uneven temper",JLPT_1 JLPT
生真面目,きまじめ,名詞,Noun,"serious, sincerity",JLPT_1 JLPT
期末,きまつ,名詞,Noun,(end of the season or term),JLPT_1 JLPT
きまりわるい,きまりわるい,形容詞,Adjective,"feeling awkward, being ashamed",JLPT_1 JLPT
記名,きめい,名詞,Noun,"signature, register",JLPT_1 JLPT
規約,きやく,名詞,Noun,"agreement, rules, code",JLPT_1 JLPT
脚色,きゃくしょく,名詞,Noun,"dramatization (e.g., film",JLPT_1 JLPT
逆転,ぎゃくてん,名詞,Noun,"(sudden) change, reversal, turn-around",JLPT_1 JLPT
脚本,きゃくほん,名詞,Noun,scenario,JLPT_1 JLPT
華奢,きゃしゃ,形状詞,Adjective,"delicate, slender",JLPT_1 JLPT
客観,きゃっかん,名詞,Noun,objective,JLPT_1 JLPT
キャッチ,キャッチ,名詞,Noun,catch,JLPT_1 JLPT
キャリア,キャリア,名詞,Noun,"career, career government employee",JLPT_1 JLPT
救援,きゅうえん,名詞,Noun,"relief, rescue, reinforcement",JLPT_1 JLPT
休学,きゅうがく,名詞,Noun,"temporary absence from school, suspension",JLPT_1 JLPT
究極,きゅうきょく,名詞,Noun,"ultimate, final, eventual",JLPT_1 JLPT
窮屈,きゅうくつ,形状詞,Adjective,"narrow, tight, formal",JLPT_1 JLPT
球根,きゅうこん,名詞,Noun,(plant) bulb,JLPT_1 JLPT
救済,きゅうさい,名詞,Noun,"relief, aid, rescue",JLPT_1 JLPT
給仕,きゅうじ,名詞,Noun,waiter,JLPT_1 JLPT
給食,きゅうしょく,名詞,Noun,"school lunch, providing a meal",JLPT_1 JLPT
休戦,きゅうせん,名詞,Noun,"truce, armistice",JLPT_1 JLPT
宮殿,きゅうでん,名詞,Noun,palace,JLPT_1 JLPT
旧知,きゅうち,名詞,Noun,"old friend, old friendship",JLPT_1 JLPT
窮乏,きゅうぼう,名詞,Noun,poverty,JLPT_1 JLPT
寄与,きよ,名詞,Noun,"contribution, service",JLPT_1 JLPT
強,きょう,名詞,Noun,strong,JLPT_1 JLPT
～狂,～きょう,名詞,Noun,"maniac, fan, freak",JLPT_1 JLPT
驚異,きょうい,名詞,Noun,"wonder, miracle",JLPT_1 JLPT
教科,きょうか,名詞,Noun,"subject, curriculum",JLPT_1 JLPT
協会,きょうかい,名詞,Noun,"association, society, organization",JLPT_1 JLPT
共学,きょうがく,名詞,Noun,coeducation,JLPT_1 JLPT
共感,きょうかん,名詞,Noun,"sympathy, response",JLPT_1 JLPT
境遇,きょうぐう,名詞,Noun,"environment, circumstances",JLPT_1 JLPT
教訓,きょうくん,名詞,Noun,"lesson, precept, moral instruction",JLPT_1 JLPT
強行,きょうこう,名詞,Noun,"forcing, enforcement",JLPT_1 JLPT
強硬,きょうこう,形状詞,Adjective,"firm, vigorous, stubborn",JLPT_1 JLPT
教材,きょうざい,名詞,Noun,teaching materials,JLPT_1 JLPT
凶作,きょうさく,名詞,Noun,"bad harvest, poor crop",JLPT_1 JLPT
業者,ぎょうしゃ,名詞,Noun,"trader, merchant",JLPT_1 JLPT
教習,きょうしゅう,名詞,Noun,"training, instruction",JLPT_1 JLPT
郷愁,きょうしゅう,名詞,Noun,"nostalgia, homesickness",JLPT_1 JLPT
教職,きょうしょく,名詞,Noun,teaching profession,JLPT_1 JLPT
興じる,きょうじる,動詞,Verb,"to amuse oneself, to make merry",JLPT_1 JLPT
強制,きょうせい,名詞,Noun,"obligation, compulsion, enforcement",JLPT_1 JLPT
行政,ぎょうせい,名詞,Noun,administration,JLPT_1 JLPT
業績,ぎょうせき,名詞,Noun,"achievement, work, contribution",JLPT_1 JLPT
共存,きょうぞん,名詞,Noun,coexistence,JLPT_1 JLPT
協定,きょうてい,名詞,Noun,"arrangement, pact, agreement",JLPT_1 JLPT
郷土,きょうど,名詞,Noun,homeland,JLPT_1 JLPT
脅迫,きょうはく,名詞,Noun,"threat, coercion",JLPT_1 JLPT
業務,ぎょうむ,名詞,Noun,"business, duties, work",JLPT_1 JLPT
共鳴,きょうめい,名詞,Noun,"resonance, sympathy",JLPT_1 JLPT
郷里,きょうり,名詞,Noun,"birth-place, home town",JLPT_1 JLPT
強烈,きょうれつ,形状詞,Adjective,"strong, intense, severe",JLPT_1 JLPT
共和,きょうわ,名詞,Noun,"republicanism, cooperation",JLPT_1 JLPT
局限,きょくげん,名詞,Noun,"limit, localize",JLPT_1 JLPT
極端,きょくたん,名詞,Noun,"extreme, extremity",JLPT_1 JLPT
居住,きょじゅう,名詞,Noun,residence,JLPT_1 JLPT
拒絶,きょぜつ,名詞,Noun,"refusal, rejection",JLPT_1 JLPT
漁船,ぎょせん,名詞,Noun,fishing boat,JLPT_1 JLPT
漁村,ぎょそん,名詞,Noun,fishing village,JLPT_1 JLPT
拒否,きょひ,名詞,Noun,"denial, rejection, refusal",JLPT_1 JLPT
許容,きょよう,名詞,Noun,"permission, pardon",JLPT_1 JLPT
清らか,きよらか,形状詞,Adjective,"clean, pure, chaste",JLPT_1 JLPT
きらびやか,きらびやか,形状詞,Adjective,"gorgeous, gaudy, dazzling",JLPT_1 JLPT
～きり,～きり,助詞,Particle,only,JLPT_1 JLPT
義理,ぎり,名詞,Noun,"debt of gratitude, obligation",JLPT_1 JLPT
切替,きりかえ,名詞,Noun,"exchange, conversion, switchover",JLPT_1 JLPT
気流,きりゅう,名詞,Noun,atmospheric current,JLPT_1 JLPT
切れ目,きれめ,名詞,Noun,"break, pause, gap",JLPT_1 JLPT
疑惑,ぎわく,名詞,Noun,"doubt, misgivings, suspicion",JLPT_1 JLPT
極めて,きわめて,副詞,Adverb,"exceedingly, extremely (written expression)",JLPT_1 JLPT Intermediate_Japanese_Ln.13 Intermediate_Japanese
近眼,きんがん,名詞,Noun,nearsightedness,JLPT_1 JLPT
緊急,きんきゅう,名詞,Noun,"urgent, pressing, emergency",JLPT_1 JLPT
近郊,きんこう,名詞,Noun,"suburbs, outskirts",JLPT_1 JLPT
均衡,きんこう,名詞,Noun,"equilibrium, balance",JLPT_1 JLPT
禁じる,きんじる,動詞,Verb,to prohibit,JLPT_1 JLPT
勤勉,きんべん,名詞,Noun,"industry, diligence",JLPT_1 JLPT
吟味,ぎんみ,名詞,Noun,"examination, careful investigation",JLPT_1 JLPT
勤務,きんむ,名詞,Noun,"service, duty, work",JLPT_1 JLPT
禁物,きんもつ,名詞,Noun,"taboo, forbidden thing",JLPT_1 JLPT
勤労,きんろう,名詞,Noun,"labor, exertion, diligent service",JLPT_1 JLPT
クイズ,クイズ,名詞,Noun,quiz,JLPT_1 JLPT
食い違う,くいちがう,動詞,Verb,"to cross each other, to differ",JLPT_1 JLPT
空間,くうかん,名詞,Noun,"space, room, airspace",JLPT_1 JLPT
空腹,くうふく,名詞,Noun,hunger,JLPT_1 JLPT
区画,くかく,名詞,Noun,"division, section, area",JLPT_1 JLPT
区間,くかん,名詞,Noun,section,JLPT_1 JLPT
茎,くき,名詞,Noun,stalk,JLPT_1 JLPT
区切り,くぎり,名詞,Noun,"an end, a stop, punctuation",JLPT_1 JLPT
くぐる,くぐる,動詞,Verb,to pass through; to go around,JLPT_1 JLPT
くじ (～をひく),くじ (～をひく),名詞,Noun,"lottery, lot",JLPT_1 JLPT
くじびき,くじびき,名詞,Noun,"lottery, drawn lot",JLPT_1 JLPT
くすぐったい,くすぐったい,形容詞,Adjective,ticklish,JLPT_1 JLPT
愚痴,ぐち,名詞,Noun,"idle complaint, grumble",JLPT_1 JLPT
口吟む,くちずさむ,動詞,Verb,to humble,JLPT_1 JLPT
嘴,くちばし,名詞,Noun,"beak, bill",JLPT_1 JLPT
朽ちる,くちる,動詞,Verb,to rot,JLPT_1 JLPT
覆す,くつがえす,動詞,Verb,"to overturn, to upset, to overthrow",JLPT_1 JLPT
くっきり,くっきり,副詞,Adverb,"distinctly, clearly, boldly",JLPT_1 JLPT
屈折,くっせつ,名詞,Noun,"bending, indentation, refraction",JLPT_1 JLPT
ぐっと,ぐっと,副詞,Adverb,"firmly, fast, more",JLPT_1 JLPT
首飾り,くびかざり,名詞,Noun,necklace,JLPT_1 JLPT
首輪,くびわ,名詞,Noun,"necklace, choker",JLPT_1 JLPT
組み込む,くみこむ,動詞,Verb,"to insert, to include, to cut in (printing)",JLPT_1 JLPT
組み合わせる,くみあわせる,動詞,Verb,"to join together, to combine, to join up",JLPT_1 JLPT
蔵,くら,名詞,Noun,"warehouse, cellar",JLPT_1 JLPT
グレー,グレー,名詞,Noun,"grey, gray",JLPT_1 JLPT
クレーン,クレーン,名詞,Noun,crane,JLPT_1 JLPT
玄人,くろうと,名詞,Noun,"expert, professional",JLPT_1 JLPT
黒字,くろじ,名詞,Noun,balance (figure) in the black,JLPT_1 JLPT
軍艦,ぐんかん,名詞,Noun,"warship, battleship",JLPT_1 JLPT Intermediate_Japanese_Ln.8 Intermediate_Japanese
軍事,ぐんじ,名詞,Noun,military affairs,JLPT_1 JLPT
君主,くんしゅ,名詞,Noun,"ruler, monarch",JLPT_1 JLPT
群集,ぐんしゅう,名詞,Noun,"(social) group, crowd, mob",JLPT_1 JLPT
群衆,ぐんしゅう,名詞,Noun,"(social) group, crowd, mob",JLPT_1 JLPT
軍備,ぐんび,名詞,Noun,"armaments, military preparations",JLPT_1 JLPT
軍服,ぐんぷく,名詞,Noun,military or naval uniform,JLPT_1 JLPT
芸,げい,名詞,Noun,"art, accomplishment, performance",JLPT_1 JLPT
経過,けいか,名詞,Noun,"passage, progress",JLPT_1 JLPT
軽快,けいかい,名詞,Noun,"lively, casual, light",JLPT_1 JLPT
警戒,けいかい,名詞,Noun,"warning, admonition, vigilance",JLPT_1 JLPT
敬具,けいぐ,名詞,Noun,Sincerely (used at the end of letter),Intermediate_Japanese_Ln.4 JLPT_1 JLPT Intermediate_Japanese
軽減,けいげん,名詞,Noun,"reduction, lessening",JLPT_1 JLPT
掲載,けいさい,名詞,Noun,"appearance (e.g., article in paper)",JLPT_1 JLPT
傾斜,けいしゃ,名詞,Noun,"inclination, slope, dip",JLPT_1 JLPT
形成,けいせい,名詞,Noun,formation,JLPT_1 JLPT
形勢,けいせい,名詞,Noun,"condition, situation, prospects",JLPT_1 JLPT
軽率,けいそつ,名詞,Noun,"thoughtless, careless, hasty",JLPT_1 JLPT
刑罰,けいばつ,名詞,Noun,"judgment, penalty, punishment",JLPT_1 JLPT
経費,けいひ,名詞,Noun,"expenses, cost, outlay",JLPT_1 JLPT
警部,けいぶ,名詞,Noun,police inspector,JLPT_1 JLPT
転換,てんかん,名詞,Noun,"convert, divert",JLPT_1 JLPT
転居,てんきょ,名詞,Noun,"moving, changing residence",JLPT_1 JLPT
転勤,てんきん,名詞,Noun,transfer (to another office of a company),JLPT_1 Intermediate_Japanese_Ln.14 JLPT Intermediate_Japanese
点検,てんけん,名詞,Noun,"inspection, examination, checking",JLPT_1 JLPT
電源,でんげん,名詞,Noun,"source of electricity, power (e.g., button on TV)",JLPT_1 JLPT
天国,てんごく,名詞,Noun,"paradise, heaven, Kingdom of Heaven",JLPT_1 JLPT
天才,てんさい,名詞,Noun,a genius,JLPT_1 JLPT Intermediate_Japanese_Ln.8 Intermediate_Japanese
天災,てんさい,名詞,Noun,"natural calamity, disaster",JLPT_1 JLPT
展示,てんじ,名詞,Noun,"exhibition, display",JLPT_1 JLPT
伝説,でんせつ,名詞,Noun,"tradition, legend, folklore",JLPT_1 JLPT Intermediate_Japanese_Ln.8 Intermediate_Japanese
点線,てんせん,名詞,Noun,dotted line,JLPT_1 JLPT
転じる,てんじる,動詞,Verb,"to turn, to shift",JLPT_1 JLPT
転ずる,てんずる,動詞,Verb,"to turn, to shift",JLPT_1 JLPT
天体,てんたい,名詞,Noun,heavenly body,JLPT_1 JLPT
伝達,でんたつ,名詞,Noun,"transmission (e.g., news, communication, delivery)",JLPT_1 JLPT
天地,てんち,名詞,Noun,"heaven and earth, the universe",JLPT_1 JLPT
てんで,てんで,副詞,Adverb,"(not) at all, altogether, entirely",JLPT_1 JLPT
転任,てんにん,名詞,Noun,change of post,JLPT_1 JLPT
展望,てんぼう,名詞,Noun,"view, outlook, prospect",JLPT_1 JLPT
伝来,でんらい,名詞,Noun,"ancestral, hereditary, imported",JLPT_1 JLPT
転落,てんらく,名詞,Noun,"fall, degradation",JLPT_1 JLPT
問い合わせる,といあわせる,動詞,Verb,"to inquire, to seek information",JLPT_1 JLPT
当～,とう～,接頭辞,Other,"Our ~ (e.g., Hotel, plane, etc.)",JLPT_1 JLPT
胴,どう,名詞,Noun,"trunk, body, frame",JLPT_1 JLPT
同意,どうい,名詞,Noun,"agreement, consent; same meaning",JLPT_1 JLPT
動員,どういん,名詞,Noun,mobilization,JLPT_1 JLPT
同感,どうかん,名詞,Noun,"agreement, same opinion, same feeling",JLPT_1 JLPT
陶器,とうき,名詞,Noun,"pottery, ceramics",JLPT_1 JLPT
討議,とうぎ,名詞,Noun,"debate, discussion",JLPT_1 JLPT
動機,どうき,名詞,Noun,"motive, incentive",JLPT_1 JLPT
等級,とうきゅう,名詞,Noun,"grade, class",JLPT_1 JLPT
同級,どうきゅう,名詞,Noun,"the same grade, same class",JLPT_1 JLPT
同居,どうきょ,名詞,Noun,living together,JLPT_1 JLPT
登校,とうこう,名詞,Noun,attendance (at school),JLPT_1 JLPT
統合,とうごう,名詞,Noun,"integration, unification, synthesis",JLPT_1 JLPT
動向,どうこう,名詞,Noun,"trend, tendency, movement, attitude",JLPT_1 JLPT
投資,とうし,名詞,Noun,investment,JLPT_1 JLPT
同情,どうじょう,名詞,Noun,"sympathy, compassion, sympathize",JLPT_1 JLPT
道場,どうじょう,名詞,Noun,"(arch) dojo, hall used for martial arts training, mandala",JLPT_1 JLPT
統制,とうせい,名詞,Noun,"regulation, control",JLPT_1 JLPT
当選,とうせん,名詞,Noun,"being elected, winning the prize",JLPT_1 JLPT
逃走,とうそう,名詞,Noun,"flight, desertion, escape",JLPT_1 JLPT
統率,とうそつ,名詞,Noun,"command, generalship, leadership",JLPT_1 JLPT
到達,とうたつ,名詞,Noun,"reaching, attaining, arrival",JLPT_1 JLPT
統治,とうち,名詞,Noun,"rule, reign, governing",JLPT_1 JLPT
仕切る,しきる,動詞,Verb,"to partition, to divide, to mark off",JLPT_1 JLPT
資金,しきん,名詞,Noun,"funds, capital",JLPT_1 JLPT
軸,じく,名詞,Noun,"axis, stem, shaft",JLPT_1 JLPT
しくじる,しくじる,動詞,Verb,"to fail, to fall through, to blunder",JLPT_1 JLPT
仕組,しくみ,名詞,Noun,"structure, mechanism",JLPT_1 JLPT
死刑,しけい,名詞,Noun,death penalty,JLPT_1 JLPT
湿気る,しける,動詞,Verb,"to be damp, to be moist",JLPT_1 JLPT
施行,しこう,名詞,Noun,"enforcement, operation",JLPT_1 JLPT
思考,しこう,名詞,Noun,thought,JLPT_1 JLPT
志向,しこう,名詞,Noun,"intention, aim",JLPT_1 JLPT
嗜好,しこう,名詞,Noun,"taste, liking, preference",JLPT_1 JLPT
事項,じこう,名詞,Noun,"matter(s), item(s), facts",JLPT_1 JLPT Intermediate_Japanese_Ln.15 Intermediate_Japanese
時刻表,じこくひょう,名詞,Noun,"timetable, (train) schedule",JLPT_1 JLPT Intermediate_Japanese_Ln.10 Intermediate_Japanese
地獄,じごく,名詞,Noun,hell,JLPT_1 JLPT
時差,じさ,名詞,Noun,time difference,JLPT_1 JLPT
自在,じざい,形状詞,Adjective,"freely, at will",JLPT_1 JLPT
視察,しさつ,名詞,Noun,"inspection, observation",JLPT_1 JLPT
資産,しさん,名詞,Noun,"property, fortune, assets",JLPT_1 JLPT
支持,しじ,名詞,Noun,support,JLPT_1 JLPT
自主,じしゅ,名詞,Noun,"independence, autonomy",JLPT_1 JLPT
自首,じしゅ,名詞,Noun,"surrender, give oneself up",JLPT_1 JLPT
刺繍,ししゅう,名詞,Noun,embroidery,JLPT_1 JLPT
市場,しじょう,名詞,Noun,(the) market (as a concept),JLPT_1 JLPT
辞職,じしょく,名詞,Noun,resignation,JLPT_1 JLPT
雫,しずく,名詞,Noun,drop (of water),JLPT_1 JLPT
システム,システム,名詞,Noun,system,JLPT_1 JLPT
沈める,しずめる,動詞,Verb,"to sink, to submerge",JLPT_1 JLPT
施設,しせつ,名詞,Noun,"establishment, facility",JLPT_1 JLPT
事前,じぜん,名詞,Noun,"prior, beforehand, in advance",JLPT_1 JLPT
子息,しそく,名詞,Noun,(hon.) son,JLPT_1 JLPT
持続,じぞく,名詞,Noun,"continuation, endurance",JLPT_1 JLPT
自尊心,じそんしん,名詞,Noun,"self-respect, conceit",JLPT_1 JLPT
慕う,したう,動詞,Verb,to yearn to adore,JLPT_1 JLPT
下心,したごころ,名詞,Noun,"secret intention, motive",JLPT_1 JLPT
下地,したじ,名詞,Noun,"groundwork, foundation",JLPT_1 JLPT
親しむ,したしむ,動詞,Verb,"to be intimate with, to befriend",JLPT_1 JLPT
下調べ,したしらべ,名詞,Noun,preliminary investigation,JLPT_1 JLPT
愛想,あいそう,名詞,Noun,sociability,JLPT JLPT_1
間柄,あいだがら,名詞,Noun,relationship,JLPT JLPT_1
合間,あいま,名詞,Noun,interval,JLPT JLPT_1
敢えて,あえて,副詞,Adverb,"dare (to do), venture (to do), challenge (to do)",JLPT JLPT_1
仰ぐ,あおぐ,動詞,Verb,"to look up (to), to respect; to ask for",JLPT JLPT_1
垢,あか,名詞,Noun,"dirt, filth",JLPT JLPT_1
赤字,あかじ,名詞,Noun,"deficit, go in the red",JLPT JLPT_1
明かす,あかす,動詞,Verb,to reveal; to stay up,JLPT JLPT_1
赤らむ,あからむ,動詞,Verb,"to become red, to blush",JLPT JLPT_1
上がり,あがり,動詞,Verb,"ascent; income; completion, stop",JLPT JLPT_1
諦め,あきらめ,動詞,Verb,"resignation, reconciliation, consolation",JLPT JLPT_1
アクセル,アクセル,名詞,Noun,(abbr.) accelerator,JLPT JLPT_1
あくどい,あくどい,形容詞,Adjective,gaudy vicious,JLPT JLPT_1
顎,あご,名詞,Noun,chin,JLPT JLPT_1
憧れ,あこがれ,名詞,Noun,"yearning, longing, aspiration",Intermediate_Japanese Intermediate_Japanese_Ln.8 JLPT JLPT_1
麻,あさ,名詞,Noun,hemp,JLPT JLPT_1
あざ,あざ,名詞,Noun,"birthmark, bruise",JLPT JLPT_1
浅ましい,あさましい,形容詞,Adjective,"shameful, mean, despicable",JLPT JLPT_1
欺く,あざむく,動詞,Verb,to deceive,JLPT JLPT_1
鮮やか,あざやか,形状詞,Adjective,"vivid, clear",JLPT JLPT_1
嘲笑う,あざわらう,動詞,Verb,"to sneer at, to ridicule",JLPT JLPT_1
悪しからず,あしからず,形容詞,Adjective,"don't take me wrong, but..., I'm sorry",JLPT JLPT_1
味わい,あじわい,名詞,Noun,"flavor, relish",JLPT JLPT_1
焦る,あせる,動詞,Verb,"to be in a hurry, to be impatient",JLPT JLPT_1
あせる (こえが～),あせる (こえが～),動詞,Verb,"to fade, to discolor",JLPT JLPT_1
値,あたい,名詞,Noun,"value, price, worth",JLPT JLPT_1
値する,あたいする,動詞,Verb,"to be worth, to deserve",JLPT JLPT_1
悪化,あっか,名詞,Noun,"deterioration, worsen",JLPT JLPT_1
扱い,あつかい,名詞,Noun,"treatment, service",JLPT JLPT_1
呆気ない,あっけない,形容詞,Adjective,"not enough, too quick (short, long, etc.)",JLPT JLPT_1
あっさり,あっさり,副詞,Adverb,"easily, readily, quickly",JLPT JLPT_1
斡旋,あっせん,名詞,Noun,"kind offices, mediation",JLPT JLPT_1
圧倒,あっとう,名詞,Noun,"overwhelm, overpower",JLPT JLPT_1
圧迫,あっぱく,名詞,Noun,"pressure, coercion, oppression",JLPT JLPT_1
あつらえる,あつらえる,動詞,Verb,"to give an order, to place an order",JLPT JLPT_1
圧力,あつりょく,名詞,Noun,"stress, pressure",JLPT JLPT_1
当て,あて,名詞,Noun,expectations; depend,JLPT JLPT_1
～宛,～あて,名詞,Noun,"for…(e.g., In a letter)",JLPT JLPT_1
当て字,あてじ,名詞,Noun,"phonetic-equivalent character, substitute character",JLPT JLPT_1
跡継ぎ,あとつぎ,名詞,Noun,"heir, successor",JLPT JLPT_1
後回し,あとまわし,名詞,Noun,"putting off, postponing",JLPT JLPT_1
油絵,あぶらえ,名詞,Noun,oil painting,JLPT JLPT_1
アプローチ,アプローチ,名詞,Noun,approach (in golf),JLPT JLPT_1
あべこべ,あべこべ,形状詞,Adjective,"contrary, opposite, inverse",JLPT JLPT_1
甘える,あまえる,動詞,Verb,"to behave like a spoiled child, to fawn on",JLPT JLPT_1
雨具,あまぐ,名詞,Noun,rain gear,JLPT JLPT_1
甘口,あまくち,名詞,Noun,sweet flavor,JLPT JLPT_1
アマチュア,アマチュア,名詞,Noun,amateur,JLPT JLPT_1
網,あみ,名詞,Noun,net,JLPT JLPT_1
操る,あやつる,動詞,Verb,"to manipulate, to operate, to pull strings",JLPT JLPT_1
危ぶむ,あやぶむ,動詞,Verb,"to fear, to have misgivings, to be doubtful",JLPT_1 JLPT
あやふや,あやふや,形状詞,Adjective,"uncertain, vague, ambiguous",JLPT_1 JLPT
過ち,あやまち,名詞,Noun,"fault, error, indiscretion",JLPT_1 JLPT
誤る,あやまる,動詞,Verb,to make a mistake,JLPT_1 JLPT
歩み,あゆみ,名詞,Noun,"step, progress, history",JLPT_1 JLPT
歩む,あゆむ,動詞,Verb,to walk,JLPT_1 JLPT
予め,あらかじめ,副詞,Adverb,"in advance, previously",JLPT_1 JLPT
荒らす,あらす,動詞,Verb,to damage; to invade,JLPT_1 JLPT
争い,あらそい,名詞,Noun,"dispute, quarrel, conflict",JLPT_1 JLPT
改まる,あらたまる,動詞,Verb,to be renewed; to be formal,JLPT_1 JLPT
荒っぽい,あらっぽい,形容詞,Adjective,"rough, rude",JLPT_1 JLPT
アラブ,アラブ,名詞,Noun,Arab,JLPT_1 JLPT
霰,あられ,名詞,Noun,"hail (e.g., falling ice balls)",JLPT_1 JLPT
有り様,ありさま,名詞,Noun,"state, condition",JLPT_1 JLPT
ありのまま,ありのまま,名詞,Noun,"the truth, as it is, frankly",JLPT_1 JLPT
ありふれる,ありふれる,動詞,Verb,"common, ordinary, routine",JLPT_1 JLPT
アルカリ,アルカリ,名詞,Noun,alkali,JLPT_1 JLPT
アルミ,アルミ,名詞,Noun,"aluminum (Al, aluminum)",JLPT_1 JLPT
アワー,アワー,名詞,Noun,hour,JLPT_1 JLPT
合わす,あわす,動詞,Verb,"to join together, to face, to unite",JLPT_1 JLPT
～合せ,～あわせ,名詞,Noun,in all,JLPT_1 JLPT
アンコール,アンコール,名詞,Noun,encore,JLPT_1 JLPT
暗殺,あんさつ,名詞,Noun,assassination,JLPT_1 JLPT
暗算,あんざん,名詞,Noun,mental arithmetic,JLPT_1 JLPT
暗示,あんじ,名詞,Noun,"hint, suggestion",JLPT_1 JLPT
案じる,あんじる,動詞,Verb,"to be anxious, to ponder",JLPT_1 JLPT
安静,あんせい,名詞,Noun,rest,JLPT_1 JLPT
案の定,あんのじょう,副詞,Adverb,"sure enough, as usual",JLPT_1 JLPT
いい加減,いいかげん,形状詞,Adjective,"random, irresponsible",JLPT_1 JLPT
言い訳,いいわけ,名詞,Noun,"excuse, explanation",JLPT_1 JLPT
イェス,イェス,名詞,Noun,yes; Jesus,JLPT_1 JLPT
家出,いえで,名詞,Noun,running away from home,JLPT_1 JLPT
生かす,いかす,動詞,Verb,to keep something alive; to make use of,JLPT_1 JLPT
いかに,いかに,副詞,Adverb,"how, in what way",JLPT_1 JLPT
いかにも,いかにも,副詞,Adverb,truly (same as 実に (じつに)),JLPT_1 JLPT Intermediate_Japanese_Ln.13 Intermediate_Japanese
異議,いぎ,名詞,Noun,"objection, dissent, protest",JLPT_1 JLPT
生き甲斐,いきがい,名詞,Noun,"something one lives for, very important",JLPT_1 JLPT
行き違い,いきちがい,名詞,Noun,"misunderstanding, disagreement",JLPT_1 JLPT
意気込む,いきごむ,動詞,Verb,to be enthusiastic about,JLPT_1 JLPT
育成,いくせい,名詞,Noun,"rearing, training, cultivation",JLPT_1 JLPT
幾多,いくた,名詞,Noun,"many, numerous",JLPT_1 JLPT
"(花を〜) 生ける, 活ける",(はなを～) いける,動詞,Verb,to arrange (flowers),JLPT JLPT_1 MediaMissing
異見,いけん,名詞,Noun,"different opinion, objection",JLPT_1 JLPT
意向,いこう,名詞,Noun,"intention, idea, inclination",JLPT_1 JLPT
移行,いこう,名詞,Noun,switching over to,JLPT_1 JLPT
いざ,いざ,感動詞,Other,"now, come (now), crucial moment",JLPT_1 JLPT
移住,いじゅう,名詞,Noun,"migration, immigration",JLPT_1 JLPT
衣装,いしょう,名詞,Noun,"clothing, costume, outfit",JLPT_1 JLPT
いじる,いじる,動詞,Verb,"to touch, to tamper with",JLPT_1 JLPT
異性,いせい,名詞,Noun,the opposite sex,JLPT_1 JLPT
遺跡,いせき,名詞,Noun,historic ruins,JLPT_1 JLPT
依存,いぞん,名詞,Noun,"dependence, dependent, reliance",JLPT_1 JLPT
委託,いたく,名詞,Noun,"consign (goods (for sale) to a firm), entrust",JLPT_1 JLPT
いたって,いたって,副詞,Adverb,"very much, exceedingly, extremely",JLPT_1 JLPT
出世,しゅっせ,名詞,Noun,"promotion, successful career, eminence",JLPT_1 JLPT
出題,しゅつだい,名詞,Noun,proposing a question,JLPT_1 JLPT
出動,しゅつどう,名詞,Noun,"mobilization, action",JLPT_1 JLPT
出費,しゅっぴ,名詞,Noun,"expenses, disbursements",JLPT_1 JLPT
出品,しゅっぴん,名詞,Noun,"exhibit, display",JLPT_1 JLPT
主導,しゅどう,名詞,Noun,main leadership,JLPT_1 JLPT
主任,しゅにん,名詞,Noun,"person in charge, responsible official",JLPT_1 JLPT Intermediate_Japanese_Ln.8 Intermediate_Japanese
首脳,しゅのう,名詞,Noun,"head, leader",JLPT_1 JLPT
守備,しゅび,名詞,Noun,defense,JLPT_1 JLPT
手法,しゅほう,名詞,Noun,technique,JLPT_1 JLPT
樹木,じゅもく,名詞,Noun,"trees and shrubs, arbor",JLPT_1 JLPT
樹立,じゅりつ,名詞,Noun,"establish, create",JLPT_1 JLPT
準急,じゅんきゅう,名詞,Noun,"local express (train, slower than an express)",JLPT_1 JLPT
準じる,じゅんじる,動詞,Verb,"to follow, to conform, to apply to",JLPT_1 JLPT
～署,～しょ,名詞,Noun,department,JLPT_1 JLPT
～症,～しょう,名詞,Noun,disease,JLPT_1 JLPT
～証,～しょう,名詞,Noun,"proof, certificate",JLPT_1 JLPT
～嬢,～じょう,名詞,Noun,young woman,JLPT_1 JLPT
上位,じょうい,名詞,Noun,"superior, higher order",JLPT_1 JLPT
上演,じょうえん,名詞,Noun,art performance,JLPT_1 JLPT
城下,じょうか,名詞,Noun,land near the castle,JLPT_1 JLPT
消去,しょうきょ,名詞,Noun,"elimination, erasing",JLPT_1 JLPT
上空,じょうくう,名詞,Noun,"sky, high-altitude sky, upper air",JLPT_1 JLPT
衝撃,しょうげき,名詞,Noun,"shock, crash, impact, ballistic",JLPT_1 JLPT
証言,しょうげん,名詞,Noun,"evidence, testimony",JLPT_1 JLPT
証拠,しょうこ,名詞,Noun,"evidence, proof",JLPT_1 JLPT
照合,しょうごう,名詞,Noun,"check, verification",JLPT_1 JLPT
詳細,しょうさい,名詞,Noun,"detail, particulars",JLPT_1 JLPT
上昇,じょうしょう,名詞,Noun,"rising, ascending, climbing",JLPT_1 JLPT
昇進,しょうしん,名詞,Noun,promotion,JLPT_1 JLPT
称する,しょうする,動詞,Verb,"to take the name of, to call oneself",JLPT_1 JLPT
情勢,じょうせい,名詞,Noun,"state of things, condition, situation",JLPT_1 JLPT
消息,しょうそく,名詞,Noun,"news, letter, circumstances",JLPT_1 JLPT
承諾,しょうだく,名詞,Noun,"consent, agreement",JLPT_1 JLPT
情緒,じょうちょ,名詞,Noun,"emotion, feeling",JLPT_1 JLPT
情緒,じょうしょ,名詞,Noun,"emotion, feeling",JLPT_1 JLPT
象徴,しょうちょう,名詞,Noun,symbol,JLPT_1 JLPT
小児科,しょうにか,名詞,Noun,pediatrics,JLPT_1 JLPT
使用人,しようにん,名詞,Noun,"employee, servant",JLPT_1 JLPT
情熱,じょうねつ,名詞,Noun,"passion, enthusiasm, zeal",JLPT_1 JLPT
譲歩,じょうほ,名詞,Noun,"concession, conciliation, compromise",JLPT_1 JLPT
条約,じょうやく,名詞,Noun,"treaty, pact",JLPT_1 JLPT Intermediate_Japanese_Ln.8 Intermediate_Japanese
勝利,しょうり,名詞,Noun,"victory, triumph, win",JLPT_1 JLPT
上陸,じょうりく,名詞,Noun,"landing, disembarkation",JLPT_1 JLPT
蒸溜,じょうりゅう,名詞,Noun,distillation,JLPT_1 JLPT
奨励,しょうれい,名詞,Noun,"encouragement, promotion",JLPT_1 JLPT
ショー,ショー,名詞,Noun,show,JLPT_1 JLPT
除外,じょがい,名詞,Noun,"exception, exclusion",JLPT_1 JLPT
職員,しょくいん,名詞,Noun,"staff member, personnel",JLPT_1 JLPT
植民地,しょくみんち,名詞,Noun,colony,JLPT_1 JLPT
職務,しょくむ,名詞,Noun,professional duties,JLPT_1 JLPT
諸君,しょくん,名詞,Noun,"Gentlemen!, Ladies!",JLPT_1 JLPT
助言,じょげん,名詞,Noun,"advice, suggestion",JLPT_1 JLPT Intermediate_Japanese Intermediate_Japanese_Ln.11
徐行,じょこう,名詞,Noun,going slowly,JLPT_1 JLPT
所在,しょざい,名詞,Noun,whereabouts,JLPT_1 JLPT
所持,しょじ,名詞,Noun,"possession, owning",JLPT_1 JLPT
所属,しょぞく,名詞,Noun,"attached to, belong to",JLPT_1 JLPT
処置,しょち,名詞,Noun,treatment,JLPT_1 JLPT
しょっちゅう,しょっちゅう,副詞,Adverb,"always, constantly",JLPT_1 JLPT
所定,しょてい,名詞,Noun,"fixed, prescribed",JLPT_1 JLPT
所得,しょとく,名詞,Noun,income,JLPT_1 JLPT
処罰,しょばつ,名詞,Noun,punishment,JLPT_1 JLPT
初版,しょはん,名詞,Noun,first edition,JLPT_1 JLPT
書評,しょひょう,名詞,Noun,book review,JLPT_1 JLPT
処分,しょぶん,名詞,Noun,"disposal, dealing, punishment",JLPT_1 JLPT
庶民,しょみん,名詞,Noun,"masses, common people",JLPT_1 JLPT
庶務,しょむ,名詞,Noun,general affairs,JLPT_1 JLPT
所有,しょゆう,名詞,Noun,"one's possessions, ownership",JLPT_1 JLPT
調べ,しらべ,名詞,Noun,"investigation, inspection",JLPT_1 JLPT
自立,じりつ,名詞,Noun,"independence, self-reliance",JLPT_1 JLPT
記す,しるす,動詞,Verb,"to note, to write down",JLPT_1 JLPT
指令,しれい,名詞,Noun,"orders, instructions, directive",JLPT_1 JLPT
～心,～しん,名詞,Noun,mind of ~,JLPT_1 JLPT
陣,じん,名詞,Noun,"battle formation, camp, encampment",JLPT_1 JLPT
進化,しんか,名詞,Noun,"evolution, progress",JLPT_1 JLPT
人格,じんかく,名詞,Noun,"personality, character",JLPT_1 JLPT
審議,しんぎ,名詞,Noun,deliberation,JLPT_1 JLPT
新婚,しんこん,名詞,Noun,newly-wed,JLPT_1 JLPT
審査,しんさ,名詞,Noun,"judging, inspection, examination",JLPT_1 JLPT
人材,じんざい,名詞,Noun,man of talent,JLPT_1 JLPT
紳士,しんし,名詞,Noun,gentleman,JLPT_1 JLPT
真実,しんじつ,名詞,Noun,"truth, reality",JLPT_1 JLPT
信者,しんじゃ,名詞,Noun,"believer, devotee",JLPT_1 JLPT
真珠,しんじゅ,名詞,Noun,pearl,JLPT_1 JLPT
進出,しんしゅつ,名詞,Noun,advancement,JLPT_1 Intermediate_Japanese_Ln.14 JLPT Intermediate_Japanese
心情,しんじょう,名詞,Noun,mentality,JLPT_1 JLPT
新人,しんじん,名詞,Noun,"new face, newcomer",JLPT_1 JLPT
神聖,しんせい,名詞,Noun,"holiness, sacredness, dignity",JLPT_1 JLPT
親善,しんぜん,名詞,Noun,friendship,JLPT_1 JLPT
真相,しんそう,名詞,Noun,"truth, real situation",JLPT_1 JLPT
迅速,じんそく,形状詞,Adjective,"quick, fast, prompt",JLPT_1 JLPT
人体,じんたい,名詞,Noun,human body,JLPT_1 JLPT
新築,しんちく,名詞,Noun,"new building, new construction",JLPT_1 JLPT
心中,しんじゅう,名詞,Noun,double suicide,JLPT_1 JLPT
進呈,しんてい,名詞,Noun,presentation,JLPT_1 JLPT
進展,しんてん,名詞,Noun,"progress, development",JLPT_1 JLPT
神殿,しんでん,名詞,Noun,"temple, sacred place",JLPT_1 JLPT
進度,しんど,名詞,Noun,progress,JLPT_1 JLPT
振動,しんどう,名詞,Noun,"oscillation, vibration",JLPT_1 JLPT
新入生,しんにゅうせい,名詞,Noun,"new student, first-year student, freshman",JLPT_1 Intermediate_Japanese_Ln.5 JLPT Intermediate_Japanese
信任,しんにん,名詞,Noun,"trust, confidence, credence",JLPT_1 JLPT
神秘,しんぴ,名詞,Noun,mystery,JLPT_1 JLPT
辛抱,しんぼう,名詞,Noun,"patience, endurance",JLPT_1 JLPT
人民,じんみん,名詞,Noun,"people, public",JLPT_1 JLPT
侵略,しんりゃく,名詞,Noun,"aggression, invasion, raid",JLPT_1 JLPT
診療,しんりょう,名詞,Noun,medical examination and treatment,JLPT_1 JLPT
粋,すい,名詞,Noun,essence,JLPT_1 JLPT
水源,すいげん,名詞,Noun,source of river,JLPT_1 JLPT
推進,すいしん,名詞,Noun,"propulsion, driving force",JLPT_1 JLPT
吹奏,すいそう,名詞,Noun,playing wind instruments,JLPT_1 JLPT
推測,すいそく,名詞,Noun,"guess, conjecture",JLPT_1 JLPT
水田,すいでん,名詞,Noun,(water-filled) paddy field,JLPT_1 JLPT
推理,すいり,名詞,Noun,"reasoning, inference, mystery or detective genre",JLPT_1 JLPT
数詞,すうし,名詞,Noun,numeral,JLPT_1 JLPT
崇拝,すうはい,名詞,Noun,"worship, adoration",JLPT_1 JLPT
据え付ける,すえつける,動詞,Verb,"to install, to equip, to mount",JLPT_1 JLPT
据える,すえる,動詞,Verb,"to set, to lay, to place",JLPT_1 JLPT
すがすがしい,すがすがしい,形容詞,Adjective,"fresh, refreshing",JLPT_1 JLPT
救い,すくい,名詞,Noun,"help, aid, relief",JLPT_1 JLPT
すくう (みずを～),すくう (みずを～),動詞,Verb,to scoop,JLPT_1 JLPT
健やか,すこやか,形状詞,Adjective,"vigorous, healthy, sound",JLPT_1 JLPT
濯ぐ,すすぐ,動詞,Verb,"to rinse, to wash out",JLPT_1 JLPT
進み,すすみ,動詞,Verb,progress,JLPT_1 JLPT
裾,すそ,名詞,Noun,"(trouser) cuff, (skirt) hem, cut edge of a hairdo",JLPT_1 JLPT
スタジオ,スタジオ,名詞,Noun,studio,JLPT_1 JLPT
スチーム,スチーム,名詞,Noun,steam,JLPT_1 JLPT
ストライキ,ストライキ,名詞,Noun,strike,JLPT_1 JLPT
スト,スト,名詞,Noun,(abbr.) strike,JLPT_1 JLPT
ストロー,ストロー,名詞,Noun,straw,JLPT_1 JLPT
ストロボ,ストロボ,名詞,Noun,"stroboscope (literally: strobo, strobe lamp, stroboscopic lamp)",JLPT_1 JLPT
すばしこい,すばしこい,形容詞,Adjective,"nimble, smart, quick",JLPT_1 JLPT
素早い,すばやい,形容詞,Adjective,"fast, quick",JLPT_1 JLPT
ずばり,ずばり,副詞,Adverb,"decisively, unreservedly, frankly",JLPT_1 JLPT
スプリング,スプリング,名詞,Noun,spring,JLPT_1 JLPT
スペース,スペース,名詞,Noun,space,JLPT_1 JLPT
ずぶぬれ,ずぶぬれ,名詞,Noun,"soaked, dripping wet",JLPT_1 JLPT
スポーツカー,スポーツカー,名詞,Noun,sports car,JLPT_1 JLPT
澄ます,すます,動詞,Verb,"to clear, to make clear, to listen for",JLPT_1 JLPT
清ます,すます,動詞,Verb,"to clear, to make clear, to listen for",JLPT_1 JLPT
済ます,すます,動詞,Verb,to finish; to settle; to do without,JLPT_1 JLPT
すみやか,すみやか,形状詞,Adjective,speedy,JLPT_1 JLPT
スラックス,スラックス,名詞,Noun,slacks,JLPT_1 JLPT
ずらっと,ずらっと,副詞,Adverb,"in a line, in a row",JLPT_1 JLPT
ずるずる,ずるずる,副詞,Adverb,"dragging on, sound of sniffling",JLPT_1 JLPT
ずれ,ずれ,名詞,Noun,"difference, gap",JLPT_1 JLPT
すれちがい,すれちがい,動詞,Verb,chance encounter,JLPT_1 JLPT
擦れる,すれる,動詞,Verb,"to rub, to chafe",JLPT_1 JLPT
すんなり,すんなり,副詞,Adverb,"pass with no objection, slim, slender",JLPT_1 JLPT
生育,せいいく,名詞,Noun,"growth, development, breeding",JLPT_1 JLPT
成育,せいいく,名詞,Noun,"growth, raising",JLPT_1 JLPT
成果,せいか,名詞,Noun,"results, fruits",JLPT_1 JLPT
正解,せいかい,名詞,Noun,"correct, right answer, solution",JLPT_1 JLPT
正義,せいぎ,名詞,Noun,"justice, right, righteousness",JLPT_1 JLPT
生計,せいけい,名詞,Noun,"livelihood, living",JLPT_1 JLPT
政権,せいけん,名詞,Noun,"(political) administration, political power",JLPT_1 JLPT
星座,せいざ,名詞,Noun,constellation,JLPT_1 JLPT
制裁,せいさい,名詞,Noun,"restraint, sanctions, punishment",JLPT_1 JLPT
政策,せいさく,名詞,Noun,"political measures, policy",JLPT_1 JLPT
生死,せいし,名詞,Noun,life and death,JLPT_1 JLPT
静止,せいし,名詞,Noun,"stillness, repose, standing still",JLPT_1 JLPT
誠実,せいじつ,名詞,Noun,"sincere, honest, faithful",JLPT_1 JLPT
成熟,せいじゅく,名詞,Noun,"maturity, ripeness",JLPT_1 JLPT
青春,せいしゅん,名詞,Noun,"youth, springtime of life, adolescent",JLPT_1 JLPT
清純,せいじゅん,名詞,Noun,"purity, innocence",JLPT_1 JLPT
聖書,せいしょ,名詞,Noun,Bible,JLPT_1 JLPT
正常,せいじょう,名詞,Noun,"normalcy, normality, normal",JLPT_1 JLPT
制する,せいする,動詞,Verb,"to control, to command",JLPT_1 JLPT
整然,せいぜん,形状詞,Adjective,"orderly, regular, well-organized",JLPT_1 JLPT
盛装,せいそう,名詞,Noun,"be dressed up, wear rich clothes",JLPT_1 JLPT
盛大,せいだい,形状詞,Adjective,"grand, prosperous, magnificent",JLPT_1 JLPT
清濁,せいだく,名詞,Noun,"good and evil, purity and impurity",JLPT_1 JLPT
制定,せいてい,名詞,Noun,"enactment, establishment, creation",JLPT_1 JLPT
静的,せいてき,形状詞,Adjective,static,JLPT_1 JLPT
製鉄,せいてつ,名詞,Noun,iron manufacture,JLPT_1 JLPT
晴天,せいてん,名詞,Noun,fine weather,JLPT_1 JLPT
正当,せいとう,名詞,Noun,"just, due, proper",JLPT_1 JLPT
制服,せいふく,名詞,Noun,uniform,JLPT_1 JLPT
征服,せいふく,名詞,Noun,"conquest, subjugation, overcoming",JLPT_1 JLPT
製法,せいほう,名詞,Noun,"manufacturing method, recipe, formula",JLPT_1 JLPT
精密,せいみつ,名詞,Noun,"precise, exact, detailed, minute",JLPT_1 JLPT
税務署,ぜいむしょ,名詞,Noun,tax office,JLPT_1 JLPT
制約,せいやく,名詞,Noun,"limitation, constraints",JLPT_1 JLPT
勢力,せいりょく,名詞,Noun,"influence, power, might, strength",JLPT_1 JLPT
整列,せいれつ,名詞,Noun,"stand in a row, form a line",JLPT_1 JLPT
セール,セール,名詞,Noun,sale,JLPT_1 JLPT
急かす,せかす,動詞,Verb,"to hurry, to urge on",JLPT_1 JLPT
伜,せがれ,名詞,Noun,"son, my son",JLPT_1 JLPT
責務,せきむ,名詞,Noun,"duty, obligation",JLPT_1 JLPT
セクション,セクション,名詞,Noun,section,JLPT_1 JLPT
世辞,せじ,名詞,Noun,"flattery, compliment",JLPT_1 JLPT
世帯,せたい,名詞,Noun,household,JLPT_1 JLPT
是正,ぜせい,名詞,Noun,"correction, revision",JLPT_1 JLPT
世代,せだい,名詞,Noun,generation,JLPT_1 JLPT
切開,せっかい,名詞,Noun,"opening up, cutting through",JLPT_1 JLPT
セックス,セックス,名詞,Noun,sex,JLPT_1 JLPT
切実,せつじつ,形状詞,Adjective,"compelling, serious, severe, acute",JLPT_1 JLPT
接触,せっしょく,名詞,Noun,"touch, contact",JLPT_1 JLPT
接続詞,せつぞくし,名詞,Noun,conjunction,JLPT_1 JLPT
設置,せっち,名詞,Noun,"establishment, institution",JLPT_1 JLPT
折衷,せっちゅう,名詞,Noun,"compromise, cross, blending, eclecticism",JLPT_1 JLPT
設定,せってい,名詞,Noun,"establishment, creation",JLPT_1 JLPT
説得,せっとく,名詞,Noun,persuasion,JLPT_1 JLPT
切ない,せつない,形容詞,Adjective,"painful, trying, sad",JLPT_1 JLPT
絶版,ぜっぱん,名詞,Noun,out of print,JLPT_1 JLPT
設立,せつりつ,名詞,Noun,"establishment, foundation, institution",JLPT_1 JLPT
攻め,せめ,動詞,Verb,"attack, offense",JLPT_1 JLPT
ゼリー,ゼリー,名詞,Noun,jelly,JLPT_1 JLPT
セレモニー,セレモニー,名詞,Noun,ceremony,JLPT_1 JLPT
世論,せろん,名詞,Noun,public opinion,JLPT_1 JLPT
先,せん,名詞,Noun,"priority, precedence, previous",JLPT_1 JLPT
繊維,せんい,名詞,Noun,"fiber, fiber, textile",JLPT_1 JLPT
全快,ぜんかい,名詞,Noun,complete recovery of health,JLPT_1 JLPT
宣教,せんきょう,名詞,Noun,religious mission,JLPT_1 JLPT
宣言,せんげん,名詞,Noun,"declaration, proclamation, announcement",JLPT_1 JLPT
戦災,せんさい,名詞,Noun,war damage,JLPT_1 JLPT
専修,せんしゅう,名詞,Noun,specialization,JLPT_1 JLPT
戦術,せんじゅつ,名詞,Noun,tactics,JLPT_1 JLPT
センス,センス,名詞,Noun,"sense (for music, style, tact, etc.)",JLPT_1 JLPT
潜水,せんすい,名詞,Noun,diving,JLPT_1 JLPT
全盛,ぜんせい,名詞,Noun,height of prosperity,JLPT_1 JLPT
先代,せんだい,名詞,Noun,"family predecessor, previous age, previous generation",JLPT_1 JLPT
先だって,せんだって,名詞,Noun,"recently, the other day",JLPT_1 JLPT
先着,せんちゃく,名詞,Noun,first arrival,JLPT_1 JLPT
前提,ぜんてい,名詞,Noun,"preamble, premise, prerequisite",JLPT_1 JLPT
先天的,せんてんてき,名詞,Noun,"inherent, congenital, hereditary",JLPT_1 JLPT
前途,ぜんと,名詞,Noun,"future prospects, outlook, the journey ahead",JLPT_1 JLPT
戦闘,せんとう,名詞,Noun,"battle, fight, combat",JLPT_1 JLPT
潜入,せんにゅう,名詞,Noun,"infiltration, sneaking in",JLPT_1 JLPT
船舶,せんぱく,名詞,Noun,ship,JLPT_1 JLPT
全滅,ぜんめつ,名詞,Noun,annihilation,JLPT_1 JLPT
専用,せんよう,名詞,Noun,"exclusive use, personal use",JLPT_1 JLPT
占領,せんりょう,名詞,Noun,"occupation, possession, have a room to oneself",JLPT_1 JLPT
善良,ぜんりょう,名詞,Noun,"goodness, excellence, virtue",JLPT_1 JLPT
戦力,せんりょく,名詞,Noun,war potential,JLPT_1 JLPT
前例,ぜんれい,名詞,Noun,precedent,JLPT_1 JLPT
相応,そうおう,名詞,Noun,"suitability, fitness",JLPT_1 JLPT
総会,そうかい,名詞,Noun,general meeting,JLPT_1 JLPT
創刊,そうかん,名詞,Noun,"launching (e.g., newspaper, first issue)",JLPT_1 JLPT
雑木,ぞうき,名詞,Noun,"various kinds of small trees, assorted trees",JLPT_1 JLPT
早急,そうきゅう,形状詞,Adjective,urgent,JLPT_1 JLPT
早急,さっきゅう,形状詞,Adjective,urgent,JLPT_1 JLPT
増強,ぞうきょう,名詞,Noun,"reinforce, increase",JLPT_1 JLPT
送金,そうきん,名詞,Noun,"remittance, sending money",JLPT_1 JLPT
走行,そうこう,名詞,Noun,"running a wheeled vehicle (e.g., car, traveling)",JLPT_1 JLPT
総合,そうごう,名詞,Noun,"synthesis, generalization",JLPT_1 JLPT
捜索,そうさく,名詞,Noun,"search (esp. for someone or something missing, investigation)",JLPT_1 JLPT
蔵相,ぞうしょう,名詞,Noun,Minister of Finance,JLPT_1 JLPT
装飾,そうしょく,名詞,Noun,ornament,JLPT_1 JLPT
増進,ぞうしん,名詞,Noun,"promoting, increase, advance",JLPT_1 JLPT
相対,そうたい,名詞,Noun,relative,JLPT_1 JLPT
壮大,そうだい,形状詞,Adjective,"magnificent, grand, majestic",JLPT_1 JLPT
騒動,そうどう,名詞,Noun,"strife, riot, rebellion",JLPT_1 JLPT
遭難,そうなん,名詞,Noun,"disaster, shipwreck, accident",JLPT_1 JLPT
相場,そうば,名詞,Noun,"market price, speculation, estimation",JLPT_1 JLPT
装備,そうび,名詞,Noun,equipment,JLPT_1 JLPT
創立,そうりつ,名詞,Noun,"establishment, founding",JLPT_1 JLPT
添える,そえる,動詞,Verb,"to add to, to attach, to accompany",JLPT_1 JLPT
ソース,ソース,名詞,Noun,source,JLPT_1 JLPT
即座に,そくざに,名詞,Noun,"immediately, right away",JLPT_1 JLPT
促進,そくしん,名詞,Noun,"promotion, acceleration, encouragement",JLPT_1 JLPT
即する,そくする,動詞,Verb,"to conform to, to agree with, to be adapted to,",JLPT_1 JLPT
束縛,そくばく,名詞,Noun,"restraint, restriction, confinement",JLPT_1 JLPT
側面,そくめん,名詞,Noun,"side, sidelight, lateral",JLPT_1 JLPT
損う,そこなう,動詞,Verb,"to harm, to hurt",JLPT_1 JLPT
そこら,そこら,代名詞,Noun,"everywhere, somewhere",JLPT_1 JLPT
素材,そざい,名詞,Noun,"raw materials, subject matter",JLPT_1 JLPT
阻止,そし,名詞,Noun,"obstruction, check, hindrance",JLPT_1 JLPT
訴訟,そしょう,名詞,Noun,"litigation, lawsuit",JLPT_1 JLPT
育ち,そだち,名詞,Noun,"breeding, growth",JLPT_1 JLPT
措置,そち,名詞,Noun,"measure, step",JLPT_1 JLPT
ソックス,ソックス,名詞,Noun,socks,JLPT_1 JLPT
素っ気無い,そっけない,形容詞,Adjective,"cold, short, curt, blunt",JLPT_1 JLPT
外方,そっぽ,名詞,Noun,look (or turn) the other way,JLPT_1 JLPT
備え付ける,そなえつける,動詞,Verb,"to provide, to equip, to install",JLPT_1 JLPT
備わる,そなわる,動詞,Verb,to be furnished with,JLPT_1 JLPT
具わる,そなわる,動詞,Verb,to be furnished with,JLPT_1 JLPT
聳える,そびえる,動詞,Verb,"to rise, to tower, to soar",JLPT_1 JLPT
素朴,そぼく,名詞,Noun,"simplicity, artlessness, naivety",JLPT_1 JLPT
背く,そむく,動詞,Verb,"to run counter to, to go against",JLPT_1 JLPT
染まる,そまる,動詞,Verb,to be dyed,JLPT_1 JLPT
染める,そめる,動詞,Verb,"to dye, to color",JLPT_1 JLPT
そらす,そらす,動詞,Verb,"to bend, to warp",JLPT_1 JLPT
そり (～にのる),そり (～にのる),名詞,Noun,"sleigh, sled",JLPT_1 JLPT
反る,そる,動詞,Verb,"to warp, to be warped, to curve",JLPT_1 JLPT
それゆえ,それゆえ,接続詞,Other,"therefore, for that reason, so",JLPT_1 JLPT
ソロ,ソロ,名詞,Noun,solo,JLPT_1 JLPT
揃い,そろい,動詞,Verb,"set, suit, uniform",JLPT_1 JLPT
ぞんざい,ぞんざい,形状詞,Adjective,"rude, careless, slovenly",JLPT_1 JLPT
損失,そんしつ,名詞,Noun,loss,JLPT_1 JLPT
存続,そんぞく,名詞,Noun,"duration, continuance",JLPT_1 JLPT
ダース,ダース,名詞,Noun,dozen,JLPT_1 JLPT
対応,たいおう,名詞,Noun,dealing with,JLPT_1 JLPT
大家,たいか,名詞,Noun,"rich family, distinguished family",JLPT_1 JLPT
退化,たいか,名詞,Noun,"degeneration, retrogression",JLPT_1 JLPT
大概,たいがい,名詞,Noun,"in general, mainly",JLPT_1 JLPT
体格,たいかく,名詞,Noun,"physique, constitution",JLPT_1 JLPT
大金,たいきん,名詞,Noun,large amount of money,JLPT_1 JLPT
待遇,たいぐう,名詞,Noun,"treatment, reception",JLPT_1 JLPT
対決,たいけつ,名詞,Noun,"confrontation, showdown",JLPT_1 JLPT
体験,たいけん,名詞,Noun,personal experience,JLPT_1 JLPT Intermediate_Japanese_Ln.13 Intermediate_Japanese
対抗,たいこう,名詞,Noun,"opposition, antagonism",JLPT_1 JLPT
退治,たいじ,名詞,Noun,extermination,JLPT_1 JLPT
大衆,たいしゅう,名詞,Noun,general public,JLPT_1 JLPT
対処,たいしょ,名詞,Noun,"deal with, cope",JLPT_1 JLPT
退職,たいしょく,名詞,Noun,retirement (from office),JLPT_1 JLPT
題する,だいする,動詞,Verb,to title,JLPT_1 JLPT
態勢,たいせい,名詞,Noun,"attitude, conditions, tendency",JLPT_1 JLPT
対談,たいだん,名詞,Noun,"talk, dialogue",JLPT_1 JLPT
大胆,だいたん,形状詞,Adjective,"bold, daring, audacious",JLPT_1 JLPT
対等,たいとう,名詞,Noun,equivalent,JLPT_1 JLPT
台無し,だいなし,名詞,Noun,"mess, spoiled, (come to) nothing",JLPT_1 JLPT
滞納,たいのう,名詞,Noun,"non-payment, default",JLPT_1 JLPT
対比,たいひ,名詞,Noun,"contrast, comparison",JLPT_1 JLPT
タイピスト,タイピスト,名詞,Noun,typist,JLPT_1 JLPT
大部,たいぶ,名詞,Noun,"most (e.g., most part, greater, fairly, a good deal, much)",JLPT_1 JLPT
大便,だいべん,名詞,Noun,feces,JLPT_1 JLPT
代弁,だいべん,名詞,Noun,speak for another,JLPT_1 JLPT
待望,たいぼう,名詞,Noun,"long-expected, waiting",JLPT_1 JLPT
台本,だいほん,名詞,Noun,"libretto, scenario",JLPT_1 JLPT
タイマー,タイマー,名詞,Noun,timer,JLPT_1 JLPT
怠慢,たいまん,名詞,Noun,"negligence, carelessness",JLPT_1 JLPT
タイミング,タイミング,名詞,Noun,timing,JLPT_1 JLPT
タイム,タイム,名詞,Noun,time,JLPT_1 JLPT
タイムリー,タイムリー,名詞,Noun,"timely, run-batted-in (baseball), RBI",JLPT_1 JLPT
対面,たいめん,名詞,Noun,"interview, meeting",JLPT_1 JLPT
代用,だいよう,名詞,Noun,substitution,JLPT_1 JLPT
体力,たいりょく,名詞,Noun,physical strength,JLPT_1 JLPT
タイル,タイル,名詞,Noun,tile,JLPT_1 JLPT
対話,たいわ,名詞,Noun,"conversation, dialogue",JLPT_1 JLPT
耐える,たえる,動詞,Verb,"to endure, to put up with",JLPT_1 JLPT
堪える,たえる,動詞,Verb,"to endure, to put up with",JLPT_1 JLPT
絶える,たえる,動詞,Verb,"to die out, to become extinct",JLPT_1 JLPT
断える,たえる,動詞,Verb,"to cease, to become extinct",JLPT_1 JLPT
打開,だかい,名詞,Noun,"solution, breakthrough",JLPT_1 JLPT
焚火,たきび,名詞,Noun,(open) fire,JLPT_1 JLPT
妥協,だきょう,名詞,Noun,"compromise, giving in",JLPT_1 JLPT
たくましい,たくましい,形容詞,Adjective,"burly, strong, sturdy",JLPT_1 JLPT
巧み,たくみ,形状詞,Adjective,"skill, cleverness",JLPT_1 JLPT
丈,たけ,名詞,Noun,"length, height",JLPT_1 JLPT
打撃,だげき,名詞,Noun,"blow, damage; batting (baseball)",JLPT_1 JLPT
妥結,だけつ,名詞,Noun,agreement,JLPT_1 JLPT
駄作,ださく,名詞,Noun,poor work,JLPT_1 JLPT
足し算,たしざん,名詞,Noun,addition,JLPT_1 JLPT
多数決,たすうけつ,名詞,Noun,majority rule,JLPT_1 JLPT
助け,たすけ,動詞,Verb,assistance,JLPT_1 JLPT
携わる,たずさわる,動詞,Verb,"to engage, to involve",JLPT_1 JLPT
漂う,ただよう,動詞,Verb,"to drift about, to float, to hang in air",JLPT_1 JLPT
立ち去る,たちさる,動詞,Verb,"to leave, to depart",JLPT_1 JLPT
立ち寄る,たちよる,動詞,Verb,"to stop by, to drop in for a short visit",JLPT_1 JLPT
抱っこ,だっこ,名詞,Noun,(child's) hug,JLPT_1 JLPT
達者,たっしゃ,形状詞,Adjective,"skillful, in good health",JLPT_1 JLPT
脱出,だっしゅつ,名詞,Noun,escape,JLPT_1 JLPT
脱する,だっする,動詞,Verb,"to escape from, to get out",JLPT_1 JLPT
達成,たっせい,名詞,Noun,achievement,JLPT_1 JLPT
脱退,だったい,名詞,Noun,"secession, withdrawal",JLPT_1 JLPT
だったら,だったら,接続詞,Other,if it's the case,JLPT_1 JLPT
立て替える,たてかえる,動詞,Verb,"to pay in advance, to pay for another",JLPT_1 JLPT
建前,たてまえ,名詞,Noun,position; stance one takes in public; principle,JLPT_1 JLPT Intermediate_Japanese_Ln.15 Intermediate_Japanese
奉る,たてまつる,動詞,Verb,"to offer, to do respectfully",JLPT_1 JLPT
だと,だと,接続詞,Other,if it's the case,JLPT_1 JLPT
他動詞,たどうし,名詞,Noun,transitive verb (direct object),JLPT_1 JLPT
辿り着く,たどりつく,動詞,Verb,"to reach, to make it somehow",JLPT_1 JLPT
辿る,たどる,動詞,Verb,"to follow (road, to pursue (course), to follow up",JLPT_1 JLPT
束ねる,たばねる,動詞,Verb,"to tie up in a bundle, to control",JLPT_1 JLPT
だぶだぶ,だぶだぶ,副詞,Adverb,"loose, baggy",JLPT_1 JLPT
他方,たほう,名詞,Noun,"another side, on the other hand",JLPT_1 JLPT
多忙,たぼう,名詞,Noun,busy,JLPT_1 JLPT
給う,たまう,動詞,Verb,"to receive, to grant",JLPT_1 JLPT
魂,たましい,名詞,Noun,"soul, spirit",JLPT_1 JLPT
溜まり,たまり,名詞,Noun,"collected things, gathering place, arrears",JLPT_1 JLPT
賜る,たまわる,動詞,Verb,"to grant, to bestow",JLPT_1 JLPT
保つ,たもつ,動詞,Verb,"to keep, to preserve, to sustain",JLPT_1 JLPT
たやすい,たやすい,形容詞,Adjective,"easy, simple, light",JLPT_1 JLPT
多様,たよう,形状詞,Adjective,"diversity, variety",JLPT_1 JLPT
だるい,だるい,形容詞,Adjective,"sluggish, feel heavy (tired), languid",JLPT_1 JLPT Intermediate_Japanese_Ln.12 Intermediate_Japanese
弛み,たるみ,名詞,Noun,"slack, slackening",JLPT_1 JLPT
弛む,たるむ,動詞,Verb,"to slacken, to loosen, to relax",JLPT_1 JLPT
垂れる,たれる,動詞,Verb,"to hang, to droop; to drip",JLPT_1 JLPT
タレント,タレント,名詞,Noun,"talent, star, personality",JLPT_1 JLPT
タワー,タワー,名詞,Noun,tower,JLPT_1 JLPT
単一,たんいつ,形状詞,Adjective,"single, simple, sole",JLPT_1 JLPT
短歌,たんか,名詞,Noun,31-syllable Japanese poem,JLPT_1 JLPT
担架,たんか,名詞,Noun,"stretcher, litter",JLPT_1 JLPT
短気,たんき,名詞,Noun,quick temper,JLPT_1 JLPT
団結,だんけつ,名詞,Noun,"unity, union, solidarity",JLPT_1 JLPT
探検,たんけん,名詞,Noun,"exploration, expedition",JLPT_1 JLPT
断言,だんげん,名詞,Noun,"assertion, declaration, affirmation",JLPT_1 JLPT
短縮,たんしゅく,名詞,Noun,"shortening, abbreviation, reduction",JLPT_1 JLPT
断然,だんぜん,副詞,Adverb,"firmly, absolutely, definitely",JLPT_1 JLPT
炭素,たんそ,名詞,Noun,carbon (C),JLPT_1 JLPT
短大,たんだい,名詞,Noun,junior college,JLPT_1 JLPT
単調,たんちょう,名詞,Noun,"monotony, monotone, dullness",JLPT_1 JLPT
単独,たんどく,形状詞,Adjective,"sole, single",JLPT_1 JLPT
旦那,だんな,名詞,Noun,"master (of house), husband (informal)",JLPT_1 JLPT
短波,たんぱ,名詞,Noun,short wave,JLPT_1 JLPT
蛋白質,たんぱくしつ,名詞,Noun,protein,JLPT_1 JLPT
ダンプ,ダンプ,名詞,Noun,dump truck,JLPT_1 JLPT
断面,だんめん,名詞,Noun,cross section,JLPT_1 JLPT
弾力,だんりょく,名詞,Noun,"elasticity, flexibility",JLPT_1 JLPT
治安,ちあん,名詞,Noun,"public order, security",JLPT_1 JLPT
チームワーク,チームワーク,名詞,Noun,teamwork,JLPT_1 JLPT
チェンジ,チェンジ,名詞,Noun,change,JLPT_1 JLPT
違える,ちがえる,動詞,Verb,to change,JLPT_1 JLPT
畜産,ちくさん,名詞,Noun,animal husbandry,JLPT_1 JLPT
畜生,ちくしょう,名詞,Noun,"beast, brute, damn",JLPT_1 JLPT
蓄積,ちくせき,名詞,Noun,"accumulation, accumulate, store",JLPT_1 JLPT
地形,ちけい,名詞,Noun,"landform, geographical features, topography",JLPT_1 JLPT
知性,ちせい,名詞,Noun,intelligence,JLPT_1 JLPT
乳,ちち,名詞,Noun,"milk, breast, loop",JLPT_1 JLPT
縮まる,ちぢまる,動詞,Verb,"to be shortened, to be contracted, to shrink",JLPT_1 JLPT
秩序,ちつじょ,名詞,Noun,"order, regularity",JLPT_1 JLPT Intermediate_Japanese_Ln.10 Intermediate_Japanese
窒息,ちっそく,名詞,Noun,suffocation,JLPT_1 JLPT
知的,ちてき,形状詞,Adjective,intellectual,JLPT_1 JLPT
着手,ちゃくしゅ,名詞,Noun,"embarkation, launch",JLPT_1 JLPT
着色,ちゃくしょく,名詞,Noun,"coloring, coloring",JLPT_1 JLPT
着席,ちゃくせき,名詞,Noun,"sit down, seat",JLPT_1 JLPT
着目,ちゃくもく,名詞,Noun,attention,JLPT_1 JLPT
着陸,ちゃくりく,名詞,Noun,"landing, touch down",JLPT_1 JLPT
着工,ちゃっこう,名詞,Noun,start of (construction) work,JLPT_1 JLPT
茶の間,ちゃのま,名詞,Noun,living room (Japanese style),JLPT_1 JLPT
茶の湯,ちゃのゆ,名詞,Noun,tea ceremony,JLPT_1 JLPT
ちやほや,ちやほや,副詞,Adverb,"pamper, make a fuss of, spoil",JLPT_1 JLPT
チャンネル,チャンネル,名詞,Noun,a channel,JLPT_1 JLPT
宙返り,ちゅうがえり,名詞,Noun,"somersault, looping-the-loop",JLPT_1 JLPT
中継,ちゅうけい,名詞,Noun,"relay, hook-up",JLPT_1 JLPT
忠告,ちゅうこく,名詞,Noun,"advice, warning",JLPT_1 JLPT
中傷,ちゅうしょう,名詞,Noun,"slander, libel, defamation",JLPT_1 JLPT
中枢,ちゅうすう,名詞,Noun,"center, mainstay, nucleus",JLPT_1 JLPT
抽選,ちゅうせん,名詞,Noun,"lottery, raffle, drawing (of lots)",JLPT_1 JLPT
中断,ちゅうだん,名詞,Noun,"interruption, suspension, break",JLPT_1 JLPT
中毒,ちゅうどく,名詞,Noun,poisoning,JLPT_1 JLPT
中腹,ちゅうふく,名詞,Noun,"mountain side, halfway up",JLPT_1 JLPT
中立,ちゅうりつ,名詞,Noun,neutrality,JLPT_1 JLPT
中和,ちゅうわ,名詞,Noun,"neutralize, counteract",JLPT_1 JLPT
～著,～ちょ,名詞,Noun,written by ~,JLPT_1 JLPT
腸,ちょう,名詞,Noun,"bowels, intestines",JLPT_1 JLPT
蝶,ちょう,名詞,Noun,butterfly,JLPT_1 JLPT
超,ちょう,接頭辞,Other,"super-, ultra-, hyper-",JLPT_1 JLPT
調印,ちょういん,名詞,Noun,"signature, sign, sealing",JLPT_1 JLPT
聴覚,ちょうかく,名詞,Noun,the sense of hearing,JLPT_1 JLPT
長官,ちょうかん,名詞,Noun,"chief, (government) secretary",JLPT_1 JLPT
聴講,ちょうこう,名詞,Noun,"lecture attendance, auditing",JLPT_1 JLPT
徴収,ちょうしゅう,名詞,Noun,"collection, levy",JLPT_1 JLPT
聴診器,ちょうしんき,名詞,Noun,stethoscope,JLPT_1 JLPT
調停,ちょうてい,名詞,Noun,"arbitration, conciliation, mediation",JLPT_1 JLPT
重複,ちょうふく,名詞,Noun,"duplication, repetition, overlapping, redundancy, restoration",JLPT_1 JLPT
長編,ちょうへん,名詞,Noun,"long (e.g., novel, film)",JLPT_1 JLPT
重宝,ちょうほう,名詞,Noun,"convenient, useful",JLPT_1 JLPT
調理,ちょうり,名詞,Noun,cooking,JLPT_1 JLPT
調和,ちょうわ,名詞,Noun,harmony,JLPT_1 JLPT
ちょくちょく,ちょくちょく,副詞,Adverb,"often, frequently, now and then, occasionally",JLPT_1 JLPT
直面,ちょくめん,名詞,Noun,confrontation,JLPT_1 JLPT
著書,ちょしょ,名詞,Noun,"literary work, book",JLPT_1 JLPT
貯蓄,ちょちく,名詞,Noun,savings,JLPT_1 JLPT
直感,ちょっかん,名詞,Noun,"intuition, instinct",JLPT_1 JLPT
著名,ちょめい,形状詞,Adjective,"well-known, noted, celebrated",JLPT_1 JLPT
ちらっと,ちらっと,副詞,Adverb,"at a glance, by accident",JLPT_1 JLPT
塵,ちり,名詞,Noun,"dust, dirt",JLPT_1 JLPT
塵取り,ちりとり,名詞,Noun,dustpan,JLPT_1 JLPT
賃金,ちんぎん,名詞,Noun,wages,JLPT_1 JLPT
沈殿,ちんでん,名詞,Noun,"precipitation, deposition, settlement",JLPT_1 JLPT
沈没,ちんぼつ,名詞,Noun,"sinking, foundering",JLPT_1 JLPT
沈黙,ちんもく,名詞,Noun,"silence, reticence",JLPT_1 JLPT
陳列,ちんれつ,名詞,Noun,"exhibition, display, show",JLPT_1 JLPT
追及,ついきゅう,名詞,Noun,"investigation, inquiry",JLPT_1 JLPT
追跡,ついせき,名詞,Noun,pursuit,JLPT_1 JLPT
追放,ついほう,名詞,Noun,"exile, banishment",JLPT_1 JLPT
費やす,ついやす,動詞,Verb,"to spend, to devote, to waste",JLPT_1 JLPT
墜落,ついらく,名詞,Noun,"falling, crashing",JLPT_1 JLPT
痛感,つうかん,名詞,Noun,"feeling keenly, fully realizing",JLPT_1 JLPT
通常,つうじょう,名詞,Noun,"common, normal, usual",JLPT_1 JLPT
痛切,つうせつ,名詞,Noun,"keen, deep",JLPT_1 JLPT
杖,つえ,名詞,Noun,cane,JLPT_1 JLPT
使い道,つかいみち,名詞,Noun,use,JLPT_1 JLPT
仕える,つかえる,動詞,Verb,"to serve, to work for",JLPT_1 JLPT
司る,つかさどる,動詞,Verb,"to rule, to govern, to administer",JLPT_1 JLPT
つかの間,つかのま,名詞,Noun,"moment, brief time,",JLPT_1 JLPT
月並,つきなみ,形状詞,Adjective,"conventional, trite, common",JLPT_1 JLPT
継目,つぎめ,名詞,Noun,"joint, seam",JLPT_1 JLPT
尽きる,つきる,動詞,Verb,"to be used up, to be run out",JLPT_1 JLPT
尽くす,つくす,動詞,Verb,"to exhaust, to run out; to devote, to serve",JLPT_1 JLPT
つくづく,つくづく,副詞,Adverb,"completely, really",JLPT_1 JLPT
作り,つくり,名詞,Noun,"make up, structure, physique",JLPT_1 JLPT
造り,つくり,名詞,Noun,"make up, structure, physique",JLPT_1 JLPT
繕う,つくろう,動詞,Verb,"to mend, to repair",JLPT_1 JLPT
付け加える,つけくわえる,動詞,Verb,to add one thing to another,JLPT_1 JLPT
告げる,つげる,動詞,Verb,to inform,JLPT_1 JLPT
つじつま (はなしの～),つじつま (はなしの～),名詞,Noun,"coherence, consistency",JLPT_1 JLPT
筒,つつ,名詞,Noun,"pipe, tube",JLPT_1 JLPT
突く,つつく,動詞,Verb,"to thrust, to strike, to attack; to poke, to nudge, to pick at",JLPT_1 JLPT
突っ突く,つっつく,動詞,Verb,to prompt someone,JLPT_1 JLPT
謹む,つつしむ,動詞,Verb,"to be careful, to be chaste or discreet",JLPT_1 JLPT
突っ張る,つっぱる,動詞,Verb,"to support, to become stiff; to thrust (ones opponent), to stick to (ones opinion), to insist on",JLPT_1 JLPT
務まる,つとまる,動詞,Verb,"be equal, be fit",JLPT_1 JLPT
勤め先,つとめさき,名詞,Noun,place of work,JLPT_1 JLPT
努めて,つとめて,動詞,Verb,"make an effort!, work hard!",JLPT_1 JLPT
津波,つなみ,名詞,Noun,"tsunami, tidal wave",JLPT_1 JLPT
つねる,つねる,動詞,Verb,to pinch,JLPT_1 JLPT
角,つの,名詞,Noun,horn,JLPT_1 JLPT
募る,つのる,動詞,Verb,"to invite, to solicit help, participation, etc",JLPT_1 JLPT
唾,つば,名詞,Noun,"saliva, spit, sputum",JLPT_1 JLPT
呟く,つぶやく,動詞,Verb,"to mutter, to murmur",JLPT_1 JLPT
つぶら,つぶら,形状詞,Adjective,"round, rotund",JLPT_1 JLPT
つぶる (めを～),つぶる (めを～),動詞,Verb,to close the eyes,JLPT_1 JLPT
壷,つぼ,名詞,Noun,"jar, pot, vase",JLPT_1 JLPT
蕾,つぼみ,名詞,Noun,"bud, flower bud",JLPT_1 JLPT
連なる,つらなる,動詞,Verb,"to extend, to stretch out, to stand in a row",JLPT_1 JLPT
貫く,つらぬく,動詞,Verb,to go through,JLPT_1 JLPT
連ねる,つらねる,動詞,Verb,"to link, to join, to put together",JLPT_1 JLPT
釣り鐘,つりがね,名詞,Noun,temple bell (for striking),JLPT_1 JLPT
吊り革,つりかわ,名詞,Noun,strap,JLPT_1 JLPT
手当,てあて,名詞,Noun,"allowance, compensation; treatment",JLPT_1 JLPT
定義,ていぎ,名詞,Noun,definition,JLPT_1 JLPT
提供,ていきょう,名詞,Noun,"offer, program sponsoring",JLPT_1 JLPT
提携,ていけい,名詞,Noun,"cooperation, tie-up, joint business",JLPT_1 JLPT
体裁,ていさい,名詞,Noun,"decency, style, form, appearance",JLPT_1 JLPT
提示,ていじ,名詞,Noun,"presentation, exhibit, suggest, citation",JLPT_1 JLPT
ティシュペーパー,ティシュペーパー,名詞,Noun,tissue,JLPT_1 JLPT
定食,ていしょく,名詞,Noun,"fixed-price lunch, set meal, dinner",JLPT_1 JLPT Intermediate_Japanese_Ln.13 Intermediate_Japanese
訂正,ていせい,名詞,Noun,"correction, revision",JLPT_1 JLPT
停滞,ていたい,名詞,Noun,"stagnation, tie-up, congestion, retention",JLPT_1 JLPT
邸宅,ていたく,名詞,Noun,"mansion, residence",JLPT_1 JLPT
定年,ていねん,名詞,Noun,retirement age,JLPT_1 JLPT
堤防,ていぼう,名詞,Noun,"bank, weir",JLPT_1 JLPT
手遅れ,ておくれ,名詞,Noun,being (too); belated treatment,JLPT_1 JLPT
でかい,でかい,形容詞,Adjective,huge,JLPT_1 JLPT
手掛かり,てがかり,名詞,Noun,"hint, clue, key",JLPT_1 JLPT
手掛ける,てがける,動詞,Verb,"to handle, to manage, to work with",JLPT_1 JLPT
手数,てかず,名詞,Noun,"trouble, labor, handling",JLPT_1 JLPT
手軽,てがる,形状詞,Adjective,"easy, simple, cheap",JLPT_1 JLPT
適応,てきおう,名詞,Noun,"adaptation, accommodation, conformity",JLPT_1 JLPT
適宜,てきぎ,形状詞,Adjective,suitability,JLPT_1 JLPT
適性,てきせい,名詞,Noun,aptitude,JLPT_1 JLPT
できもの,できもの,名詞,Noun,"boil, rash",JLPT_1 JLPT
手際,てぎわ,名詞,Noun,"performance, skill, tact",JLPT_1 JLPT
出くわす,でくわす,動詞,Verb,"to happen to meet, to come across",JLPT_1 JLPT
手順,てじゅん,名詞,Noun,"process, procedure, protocol",JLPT_1 JLPT Intermediate_Japanese_Ln.12 Intermediate_Japanese
手錠,てじょう,名詞,Noun,"handcuffs, manacles",JLPT_1 JLPT
手数,てすう,名詞,Noun,"trouble, labor, handling",JLPT_1 JLPT
デコレーション,デコレーション,名詞,Noun,decoration,JLPT_1 JLPT
手近,てぢか,名詞,Noun,"near, handy, familiar",JLPT_1 JLPT
てっきり,てっきり,副詞,Adverb,"surely, certainly, beyond doubt",JLPT_1 JLPT
鉄鋼,てっこう,名詞,Noun,iron and steel,JLPT_1 JLPT
デッサン,デッサン,名詞,Noun,rough sketch (FRE: dessin),JLPT_1 JLPT
徹する,てっする,動詞,Verb,"to devote oneself, to believe in",JLPT_1 JLPT
てっぺん,てっぺん,名詞,Noun,"top, summit, apex",JLPT_1 JLPT
鉄棒,てつぼう,名詞,Noun,"iron rod, crowbar, horizontal bar (gymnastics)",JLPT_1 JLPT
出直し,でなおし,動詞,Verb,"adjustment, touch up",JLPT_1 JLPT
掌,てのひら,名詞,Noun,the palm,JLPT_1 JLPT
手配,てはい,名詞,Noun,"arrangement, search (by police)",JLPT_1 JLPT
手筈,てはず,名詞,Noun,"arrangement, plan, program",JLPT_1 JLPT
手引,てびき,名詞,Noun,"guidance, guide, introduction",JLPT_1 JLPT
手本,てほん,名詞,Noun,"model, pattern",JLPT_1 JLPT
手回し,てまわし,名詞,Noun,"preparations, arrangements",JLPT_1 JLPT
手元,てもと,名詞,Noun,"(money) on hand or at home, one's purse; usual skill",JLPT_1 JLPT
デモンストレーション,デモンストレーション,名詞,Noun,demonstration,JLPT_1 JLPT
照り返す,てりかえす,動詞,Verb,"to reflect, to throw back light",JLPT_1 JLPT
テレックス,テレックス,名詞,Noun,"telex, teletypewriter exchange",JLPT_1 JLPT
手分け,てわけ,名詞,Noun,division of labor,JLPT_1 JLPT
天,てん,名詞,Noun,"heaven, sky",JLPT_1 JLPT
田園,でんえん,名詞,Noun,"country, rural districts",JLPT_1 JLPT
天下,てんか,名詞,Noun,"the world, whole country",JLPT_1 JLPT
転回,てんかい,名詞,Noun,"revolution, rotation",JLPT_1 JLPT
連休,れんきゅう,名詞,Noun,consecutive holidays,JLPT_1 JLPT
レンジ,レンジ,名詞,Noun,"range, stove",JLPT_1 JLPT
連日,れんじつ,名詞,Noun,every day,JLPT_1 JLPT
連帯,れんたい,名詞,Noun,solidarity,JLPT_1 JLPT
レンタカー,レンタカー,名詞,Noun,rented car,JLPT_1 JLPT
連中,れんちゅう,名詞,Noun,"colleagues, company, a lot",JLPT_1 JLPT
レントゲン,レントゲン,名詞,Noun,X-ray (lit: Roentgen),JLPT_1 JLPT
連邦,れんぽう,名詞,Noun,"commonwealth, federation of states",JLPT_1 JLPT
連盟,れんめい,名詞,Noun,"league, union, alliance",JLPT_1 JLPT
老衰,ろうすい,名詞,Noun,"senility, senile decay",JLPT_1 JLPT
朗読,ろうどく,名詞,Noun,"reading aloud, recitation",JLPT_1 JLPT
浪費,ろうひ,名詞,Noun,"waste, extravagance",JLPT_1 JLPT
労力,ろうりょく,名詞,Noun,"labor, effort, trouble",JLPT_1 JLPT
ロープウエイ,ロープウエイ,名詞,Noun,"ropeway, aerial tram",JLPT_1 JLPT
ロープ,ロープ,名詞,Noun,rope,JLPT_1 JLPT
ろくな,ろくな,連体詞,Other,"satisfactory, decent",JLPT_1 JLPT
露骨,ろこつ,形状詞,Adjective,"blunt, outspoken; conspicuous; broad, suggestive",JLPT_1 JLPT
ロマンチック,ロマンチック,形状詞,Adjective,romantic,JLPT_1 JLPT
論議,ろんぎ,名詞,Noun,discussion,JLPT_1 JLPT
論理,ろんり,名詞,Noun,logic,JLPT_1 JLPT
惑星,わくせい,名詞,Noun,planet,JLPT_1 JLPT
技,わざ,名詞,Noun,"art, technique",JLPT_1 JLPT
わざわざ,わざわざ,副詞,Adverb,"take the trouble (to do), doing something especially rather than incidentally",JLPT_1 JLPT Intermediate_Japanese_Ln.9 Intermediate_Japanese
煩わしい,わずらわしい,形容詞,Adjective,"burdensome, troublesome, complicated",JLPT_1 JLPT Intermediate_Japanese_Ln.15 Intermediate_Japanese
渡り鳥,わたりどり,名詞,Noun,"migratory bird, bird of passage",JLPT_1 JLPT
ワット,ワット,名詞,Noun,watt,JLPT_1 JLPT
詫び,わび,名詞,Noun,apology,JLPT_1 JLPT
和文,わぶん,名詞,Noun,"Japanese text, sentence in Japanese",JLPT_1 JLPT
藁,わら,名詞,Noun,straw,JLPT_1 JLPT
～割,～わり,名詞,Noun,~ percent,JLPT_1 JLPT
割当,わりあて,名詞,Noun,"allotment, allocation, quota",JLPT_1 JLPT
割込む,わりこむ,動詞,Verb,"to cut in, to disturb",JLPT_1 JLPT
悪者,わるもの,名詞,Noun,"bad fellow, rascal",JLPT_1 JLPT
我,われ,代名詞,Noun,"me, oneself, self, ego",JLPT_1 JLPT
捗る,はかどる,動詞,Verb,"to make progress, to move right ahead (with the work), to advance",JLPT_1 JLPT
はかない,はかない,形容詞,Adjective,"short-lived, momentary, ephemeral",JLPT_1 JLPT
ばかばかしい,ばかばかしい,形容詞,Adjective,stupid,JLPT_1 JLPT
破棄,はき,名詞,Noun,"revocation, annulment, breaking (e.g., treaty)",JLPT_1 JLPT
剥ぐ,はぐ,動詞,Verb,"to tear off, to peel off, to rip off",JLPT_1 JLPT
迫害,はくがい,名詞,Noun,persecution,JLPT_1 JLPT
薄弱,はくじゃく,名詞,Noun,"feebleness, weakness, weak",JLPT_1 JLPT
白状,はくじょう,名詞,Noun,confession,JLPT_1 JLPT
漠然,ばくぜん,形状詞,Adjective,"obscure, vague, equivocal",JLPT_1 JLPT
爆弾,ばくだん,名詞,Noun,bomb,JLPT_1 JLPT
爆破,ばくは,名詞,Noun,"blast, explosion, blow up",JLPT_1 JLPT
暴露,ばくろ,名詞,Noun,"disclosure, exposure, revelation",JLPT_1 JLPT
励ます,はげます,動詞,Verb,"to encourage, to cheer, to raise (the voice)",JLPT_1 JLPT Intermediate_Japanese_Ln.13 Intermediate_Japanese
励む,はげむ,動詞,Verb,"to be zealous, to make an effort",JLPT_1 JLPT
剥げる,はげる,動詞,Verb,"to come off, to be worn off, to fade, to discolor",JLPT_1 JLPT
化ける,ばける,動詞,Verb,"to disguise, to take the form of",JLPT_1 JLPT
派遣,はけん,名詞,Noun,"dispatch, send",JLPT_1 JLPT
恥,はじ,名詞,Noun,"shame, embarrassment",JLPT_1 JLPT
弾く,はじく,動詞,Verb,"to play (piano, guitar)",JLPT_1 JLPT
パジャマ,パジャマ,名詞,Noun,pajamas,JLPT_1 JLPT
恥じらう,はじらう,動詞,Verb,"to feel shy, to be bashful, to blush",JLPT_1 JLPT
恥じる,はじる,動詞,Verb,to feel ashamed,JLPT_1 JLPT
橋渡し,はしわたし,名詞,Noun,"bridge building', mediation",JLPT_1 JLPT
弾む,はずむ,動詞,Verb,"to bounce, to be encouraged, to splurge on",JLPT_1 JLPT
破損,はそん,名詞,Noun,damage,JLPT_1 JLPT
叩く,はたく,動詞,Verb,"to strike, to clap, to dust, to beat",JLPT_1 JLPT
裸足,はだし,名詞,Noun,barefoot,JLPT_1 JLPT
果たす,はたす,動詞,Verb,"to accomplish, to fulfill, to carry out, to achieve",JLPT_1 JLPT
蜂蜜,はちみつ,名詞,Noun,honey,JLPT_1 JLPT
パチンコ,パチンコ,名詞,Noun,pachinko (Japanese pinball),JLPT_1 JLPT
罰,ばつ,名詞,Noun,"punishment, penalty",JLPT_1 JLPT
発育,はついく,名詞,Noun,"(physical) growth, development",JLPT_1 JLPT
発芽,はつが,名詞,Noun,germination,JLPT_1 JLPT
発掘,はっくつ,名詞,Noun,"excavation, exhumation; discovery (e.g., new talent)",JLPT_1 JLPT
発言,はつげん,名詞,Noun,"utterance, speech, proposal",JLPT_1 JLPT
バッジ,バッジ,名詞,Noun,badge,JLPT_1 JLPT
発生,はっせい,名詞,Noun,"outbreak, spring forth, occurrence",JLPT_1 JLPT
仕立てる,したてる,動詞,Verb,"to tailor, to make, to prepare",JLPT_1 JLPT
下取り,したどり,名詞,Noun,"trade in, part exchange",JLPT_1 JLPT
下火,したび,名詞,Noun,"burning low, waning, declining",JLPT_1 JLPT
実,じつ,名詞,Noun,"fruit, good result",JLPT_1 JLPT
実家,じっか,名詞,Noun,(one's parents') home,JLPT_1 JLPT
失格,しっかく,名詞,Noun,"disqualification, elimination, incapacity (legal)",JLPT_1 JLPT
質疑,しつぎ,名詞,Noun,question,JLPT_1 JLPT
失脚,しっきゃく,名詞,Noun,"losing one's standing, being overthrown, falling",JLPT_1 JLPT
実業家,じつぎょうか,名詞,Noun,"industrialist, businessman",JLPT_1 JLPT
シック,シック,形状詞,Adjective,chic,JLPT_1 JLPT
じっくり,じっくり,副詞,Adverb,"deliberately, carefully",JLPT_1 JLPT
躾,しつけ,名詞,Noun,"discipline, training",JLPT_1 JLPT
躾ける,しつける,動詞,Verb,"to discipline, to teach manners",JLPT_1 JLPT
実践,じっせん,名詞,Noun,"practice, put into practice",JLPT_1 JLPT
質素,しっそ,名詞,Noun,"simplicity, modesty, frugality",JLPT_1 JLPT
実態,じったい,名詞,Noun,"truth, fact",JLPT_1 JLPT
失調,しっちょう,名詞,Noun,"lack of harmony, imbalance",JLPT_1 JLPT
嫉妬,しっと,名詞,Noun,jealousy,JLPT_1 JLPT
実費,じっぴ,名詞,Noun,"actual expense, cost price",JLPT_1 JLPT
指摘,してき,名詞,Noun,"pointing out, identification",JLPT_1 JLPT
自転,じてん,名詞,Noun,"rotation, spin",JLPT_1 JLPT
助動詞,じょどうし,名詞,Noun,auxiliary verb,JLPT_1 JLPT
淑やか,しとやか,形状詞,Adjective,graceful,JLPT_1 JLPT
萎びる,しなびる,動詞,Verb,"to shrivel, to fade",JLPT_1 JLPT
シナリオ,シナリオ,名詞,Noun,scenario,JLPT_1 JLPT
しなやか,しなやか,形状詞,Adjective,"supple, flexible, elastic",JLPT_1 JLPT
屎尿,しにょう,名詞,Noun,human waste,JLPT_1 JLPT
地主,じぬし,名詞,Noun,landlord,JLPT_1 JLPT
凌ぐ,しのぐ,動詞,Verb,"to outdo, to surpass; to endure",JLPT_1 JLPT
芝,しば,名詞,Noun,lawn,JLPT_1 JLPT
始発,しはつ,名詞,Noun,first train,JLPT_1 JLPT
耳鼻科,じびか,名詞,Noun,otolaryngology,JLPT_1 JLPT
私物,しぶつ,名詞,Noun,"private property, personal effects",JLPT_1 JLPT
しぶとい,しぶとい,形容詞,Adjective,"tenacious, stubborn",JLPT_1 JLPT
司法,しほう,名詞,Noun,administration of justice,JLPT_1 JLPT
始末,しまつ,名詞,Noun,disposal; cleaning up afterwards,JLPT_1 JLPT
染みる,しみる,動詞,Verb,to soak; pierce,JLPT_1 JLPT
使命,しめい,名詞,Noun,"mission, errand, message",JLPT_1 JLPT
地元,じもと,名詞,Noun,local,JLPT_1 JLPT
視野,しや,名詞,Noun,"field of vision, outlook",JLPT_1 JLPT
弱,じゃく,名詞,Noun,"delicate, supple",JLPT_1 JLPT
社交,しゃこう,名詞,Noun,social life,JLPT_1 JLPT
ジャズ,ジャズ,名詞,Noun,jazz,JLPT_1 JLPT
謝絶,しゃぜつ,名詞,Noun,refusal,JLPT_1 JLPT
社宅,しゃたく,名詞,Noun,company owned house,JLPT_1 JLPT
若干,じゃっかん,名詞,Noun,"some, few, number of",JLPT_1 JLPT
三味線,しゃみせん,名詞,Noun,three-stringed Japanese guitar,JLPT_1 JLPT
斜面,しゃめん,名詞,Noun,"slope, slanting surface, bevel",JLPT_1 JLPT
砂利,じゃり,名詞,Noun,"gravel, ballast, pebbles",JLPT_1 JLPT
洒落る,しゃれる,動詞,Verb,"to joke, to play on words; stylish",JLPT_1 JLPT
ジャンパー,ジャンパー,名詞,Noun,"jacket, jumper",JLPT_1 JLPT
ジャンプ,ジャンプ,名詞,Noun,jump,JLPT_1 JLPT
ジャンボ,ジャンボ,名詞,Noun,jumbo,JLPT_1 JLPT
ジャンル,ジャンル,名詞,Noun,genre,JLPT_1 JLPT
主,しゅ,名詞,Noun,"owner, master, god",JLPT_1 JLPT
種,しゅ,名詞,Noun,seed; variety,JLPT_1 JLPT
私有,しゆう,名詞,Noun,private ownership,JLPT_1 JLPT
～宗,～しゅう,名詞,Noun,sect,JLPT_1 JLPT
収益,しゅうえき,名詞,Noun,"earnings, proceeds, returns",JLPT_1 JLPT
修学,しゅうがく,名詞,Noun,learning,JLPT_1 JLPT
周期,しゅうき,名詞,Noun,"cycle, period",JLPT_1 JLPT
衆議院,しゅうぎいん,名詞,Noun,"Lower House, House of Representatives",JLPT_1 JLPT
就業,しゅうぎょう,名詞,Noun,"employment, starting work",JLPT_1 JLPT
従業員,じゅうぎょういん,名詞,Noun,"employee, worker",JLPT_1 JLPT
集計,しゅうけい,名詞,Noun,"totalization, aggregate",JLPT_1 JLPT
襲撃,しゅうげき,名詞,Noun,"attack, charge, raid",JLPT_1 JLPT
収支,しゅうし,名詞,Noun,income and expenditure,JLPT_1 JLPT
終始,しゅうし,名詞,Noun,from beginning to end; consistent(ly),JLPT_1 JLPT
修士,しゅうし,名詞,Noun,Masters degree program,JLPT_1 JLPT
従事,じゅうじ,名詞,Noun,"engaging, pursuing, following",JLPT_1 JLPT
終日,しゅうじつ,名詞,Noun,all day,JLPT_1 JLPT
充実,じゅうじつ,名詞,Noun,"fullness, perfection",JLPT_1 JLPT
収集,しゅうしゅう,名詞,Noun,"gathering up, collection",JLPT_1 JLPT
十字路,じゅうじろ,名詞,Noun,crossroads,JLPT_1 JLPT
執着,しゅうじゃく,名詞,Noun,"attachment, adhesion, tenacity",JLPT_1 JLPT
執着,しゅうちゃく,名詞,Noun,"attachment, adhesion, tenacity",JLPT_1 JLPT
柔軟,じゅうなん,形状詞,Adjective,flexible,JLPT_1 JLPT
重複,じゅうふく,名詞,Noun,"duplication, repetition, overlapping",JLPT_1 JLPT
収容,しゅうよう,名詞,Noun,accommodation; seating; custody,JLPT_1 JLPT
従来,じゅうらい,名詞,Noun,"up to now, so far, traditional",JLPT_1 JLPT
守衛,しゅえい,名詞,Noun,"security guard, doorkeeper",JLPT_1 JLPT
主演,しゅえん,名詞,Noun,"starring, playing the leading part",JLPT_1 JLPT
主観,しゅかん,名詞,Noun,"subjectivity, subject, ego",JLPT_1 JLPT
修行,しゅぎょう,名詞,Noun,"pursuit of knowledge, training, ascetic practice",JLPT_1 JLPT
塾,じゅく,名詞,Noun,after-school (cram) school,JLPT Intermediate_Japanese JLPT_1 Intermediate_Japanese_Ln.5 Genki_Ln.22 Genki
祝賀,しゅくが,名詞,Noun,"celebration, congratulations",JLPT_1 JLPT
宿命,しゅくめい,名詞,Noun,"fate, destiny, predestination",JLPT_1 JLPT
手芸,しゅげい,名詞,Noun,handicrafts,JLPT_1 JLPT
主権,しゅけん,名詞,Noun,sovereignty,JLPT_1 JLPT
主催,しゅさい,名詞,Noun,"organization, sponsorship, to host",JLPT_1 JLPT
取材,しゅざい,名詞,Noun,"coverage, collecting data",JLPT_1 JLPT
趣旨,しゅし,名詞,Noun,"object, meaning",JLPT_1 JLPT
種々,しゅじゅ,名詞,Noun,variety,JLPT_1 JLPT
主食,しゅしょく,名詞,Noun,staple food,JLPT_1 JLPT
主人公,しゅじんこう,名詞,Noun,protagonist,JLPT_1 JLPT
主体,しゅたい,名詞,Noun,"subject, main constituent",JLPT_1 JLPT
主題,しゅだい,名詞,Noun,"subject, theme, motif",JLPT_1 JLPT
出演,しゅつえん,名詞,Noun,"leading performer, stage appearance",JLPT_1 JLPT
出血,しゅっけつ,名詞,Noun,bleeding,JLPT_1 JLPT
出現,しゅつげん,名詞,Noun,"appearance, arrival",JLPT_1 JLPT
出産,しゅっさん,名詞,Noun,childbirth,JLPT_1 Intermediate_Japanese_Ln.14 JLPT Intermediate_Japanese
出社,しゅっしゃ,名詞,Noun,come to work,JLPT_1 JLPT
出生,しゅっしょう,名詞,Noun,birth,JLPT_1 JLPT
出生,しゅっせい,名詞,Noun,birth,JLPT_1 JLPT
微量,びりょう,名詞,Noun,"minuscule amount, extremely small quantity",JLPT_1 JLPT
昼飯,ひるめし,名詞,Noun,lunch (mid-day meal),JLPT_1 JLPT
比例,ひれい,名詞,Noun,proportion,JLPT_1 JLPT
疲労,ひろう,名詞,Noun,"fatigue, weariness",JLPT_1 JLPT
敏感,びんかん,名詞,Noun,"sensibility, susceptibility, sensitive (to)",JLPT_1 JLPT
貧困,ひんこん,名詞,Noun,"poverty, lack",JLPT_1 JLPT
品質,ひんしつ,名詞,Noun,quality,JLPT_1 JLPT
貧弱,ひんじゃく,名詞,Noun,"poor, meager, insubstantial",JLPT_1 JLPT
品種,ひんしゅ,名詞,Noun,"breed, type, variety",JLPT_1 JLPT
ヒント,ヒント,名詞,Noun,hint,JLPT_1 JLPT
頻繁,ひんぱん,形状詞,Adjective,frequency,JLPT_1 JLPT
貧乏,びんぼう,名詞,Noun,"poverty, destitute, poor",JLPT_1 JLPT
ファイト,ファイト,名詞,Noun,fight,JLPT_1 JLPT
ファイル,ファイル,名詞,Noun,file; portfolio,JLPT_1 Genki_Ln.16 JLPT Genki
ファン,ファン,名詞,Noun,fan,JLPT_1 JLPT
不意,ふい,名詞,Noun,"sudden, abrupt, unexpected",JLPT_1 JLPT
フィルタ,フィルタ,名詞,Noun,filter,JLPT_1 JLPT
封,ふう,名詞,Noun,seal,JLPT_1 JLPT
封鎖,ふうさ,名詞,Noun,"blockade, freezing (funds)",JLPT_1 JLPT
風車,ふうしゃ,名詞,Noun,windmill,JLPT_1 JLPT
風習,ふうしゅう,名詞,Noun,custom,JLPT_1 JLPT
風俗,ふうぞく,名詞,Noun,"manners, customs; sex industry",JLPT_1 JLPT
ブーツ,ブーツ,名詞,Noun,boots,JLPT_1 JLPT
風土,ふうど,名詞,Noun,"natural features, climate",JLPT_1 JLPT
ブーム,ブーム,名詞,Noun,boom,JLPT_1 JLPT
フォーム,フォーム,名詞,Noun,foam; form,JLPT_1 JLPT
部下,ぶか,名詞,Noun,one's subordinate,JLPT Intermediate_Japanese JLPT_1 Intermediate_Japanese_Ln.9 Genki_Ln.22 Genki
不可欠,ふかけつ,形状詞,Adjective,"indispensable, essential",JLPT_1 JLPT
ぶかぶか,ぶかぶか,形状詞,Adjective,"too big, baggy",JLPT_1 JLPT
不吉,ふきつ,名詞,Noun,"ominous, sinister, bad luck, ill omen",JLPT_1 JLPT
不況,ふきょう,名詞,Noun,"recession, depression, slump",JLPT_1 JLPT
布巾,ふきん,名詞,Noun,dish cloth,JLPT_1 JLPT
複合,ふくごう,名詞,Noun,"composite, complex",JLPT_1 JLPT
福祉,ふくし,名詞,Noun,"welfare, well-being",JLPT_1 JLPT
覆面,ふくめん,名詞,Noun,"mask, veil, disguise",JLPT_1 JLPT
膨れる,ふくれる,動詞,Verb,"to swell (out), to be inflated, to bulge",JLPT_1 JLPT
不景気,ふけいき,名詞,Noun,"business recession, hard times, depression",JLPT_1 JLPT
耽る,ふける,動詞,Verb,"to indulge in, to give oneself up to, to be absorbed in",JLPT_1 JLPT
老ける,ふける,動詞,Verb,to age,JLPT_1 JLPT
富豪,ふごう,名詞,Noun,"wealthy person, millionaire",JLPT_1 JLPT
布告,ふこく,名詞,Noun,"edict, ordinance, proclamation",JLPT_1 JLPT
ブザー,ブザー,名詞,Noun,buzzer,JLPT_1 JLPT
負債,ふさい,名詞,Noun,"debt, liabilities",JLPT_1 JLPT
不在,ふざい,名詞,Noun,absence,JLPT_1 JLPT
ふさわしい,ふさわしい,形容詞,Adjective,appropriate,JLPT_1 JLPT
不順,ふじゅん,名詞,Noun,"irregularity, unseasonableness",JLPT_1 JLPT
負傷,ふしょう,名詞,Noun,"injury, wound",JLPT_1 JLPT
侮辱,ぶじょく,名詞,Noun,"insult, contempt, slight",JLPT_1 JLPT
不審,ふしん,名詞,Noun,"suspicious, doubt, infidelity",JLPT_1 JLPT
不振,ふしん,名詞,Noun,"dullness, slump, stagnation",JLPT_1 JLPT
武装,ぶそう,名詞,Noun,"arms, armament, armed",JLPT_1 JLPT
札,ふだ,名詞,Noun,"token, label; ticket, card; charm, talisman",JLPT_1 JLPT
負担,ふたん,名詞,Noun,burden; load,JLPT_1 Intermediate_Japanese_Ln.14 JLPT Intermediate_Japanese
不調,ふちょう,名詞,Noun,"bad condition, disorder, slump",JLPT_1 JLPT
復活,ふっかつ,名詞,Noun,"revival (e.g., musical), restoration",JLPT_1 JLPT
物議,ぶつぎ,名詞,Noun,public discussion (criticism),JLPT_1 JLPT
復旧,ふっきゅう,名詞,Noun,"restoration, restitution, rehabilitation",JLPT_1 JLPT
復興,ふっこう,名詞,Noun,"revival, renaissance, reconstruction",JLPT_1 JLPT
物資,ぶっし,名詞,Noun,"goods, materials",JLPT_1 JLPT
仏像,ぶつぞう,名詞,Noun,Buddhist image (statue),JLPT_1 JLPT
物体,ぶったい,名詞,Noun,object,JLPT_1 JLPT
沸騰,ふっとう,名詞,Noun,"boiling, seething",JLPT_1 JLPT
不当,ふとう,形状詞,Adjective,"injustice, impropriety, unfair",JLPT_1 JLPT
不動産,ふどうさん,名詞,Noun,real estate,JLPT_1 JLPT
無難,ぶなん,形状詞,Adjective,"safety, security",JLPT_1 JLPT
赴任,ふにん,名詞,Noun,(proceeding to) new appointment,JLPT_1 JLPT
腐敗,ふはい,名詞,Noun,"decay, depravity",JLPT_1 JLPT
不評,ふひょう,名詞,Noun,"bad reputation, disgrace, unpopularity",JLPT_1 JLPT
不服,ふふく,名詞,Noun,"dissatisfaction, discontent, disapproval",JLPT_1 JLPT
普遍,ふへん,名詞,Noun,"universality, ubiquity, omnipresence",JLPT_1 JLPT
踏まえる,ふまえる,動詞,Verb,"to be based on, to have origin in",JLPT_1 JLPT
踏み込む,ふみこむ,動詞,Verb,"to step into (someone else's territory, to break into, to raid",JLPT_1 JLPT
不明,ふめい,名詞,Noun,"unknown, ambiguous",JLPT_1 JLPT
部門,ぶもん,名詞,Noun,"class, group, category, department, field, branch",JLPT_1 JLPT
扶養,ふよう,名詞,Noun,"support, maintenance",JLPT_1 JLPT
ふらふら,ふらふら,副詞,Adverb,"unsteady on one's feet, totter, dizzy",JLPT_1 JLPT
ぶらぶら,ぶらぶら,副詞,Adverb,"dangle heavily, sway to and fro, stroll idly",JLPT_1 JLPT
振り返る,ふりかえる,動詞,Verb,"to turn head, to turn around, to look back",JLPT_1 JLPT
振り出し,ふりだし,名詞,Noun,"outset, starting point, drawing or issuing (draft)",JLPT_1 JLPT
不良,ふりょう,名詞,Noun,"badness, delinquent, failure",JLPT_1 JLPT
浮力,ふりょく,名詞,Noun,buoyancy,JLPT_1 JLPT
武力,ぶりょく,名詞,Noun,"armed might, military power, the sword, force",JLPT_1 JLPT
ブル,ブル,名詞,Noun,bull,JLPT_1 JLPT
震わせる,ふるわせる,動詞,Verb,"to be shaking, to be trembling",JLPT_1 JLPT
無礼,ぶれい,名詞,Noun,"impolite, rude",JLPT_1 JLPT
付録,ふろく,名詞,Noun,"appendix, supplement",JLPT_1 JLPT
フロント,フロント,名詞,Noun,front,JLPT_1 JLPT
憤慨,ふんがい,名詞,Noun,"indignation, resentment",JLPT_1 JLPT
文化財,ぶんかざい,名詞,Noun,"cultural assets, cultural property",JLPT_1 JLPT
分業,ぶんぎょう,名詞,Noun,"division of labor, specialization, assembly-line production",JLPT_1 JLPT
文語,ぶんご,名詞,Noun,"written language, literary language",JLPT_1 JLPT
分散,ぶんさん,名詞,Noun,"dispersion, decentralization, variance (statistics)",JLPT_1 JLPT
分子,ぶんし,名詞,Noun,"numerator, molecule",JLPT_1 JLPT
紛失,ふんしつ,名詞,Noun,losing something,JLPT_1 JLPT
噴出,ふんしゅつ,名詞,Noun,"spewing, gushing, spouting",JLPT_1 JLPT
文書,ぶんしょ,名詞,Noun,"document, writing",JLPT_1 JLPT
紛争,ふんそう,名詞,Noun,"dispute, trouble, strife",JLPT_1 JLPT
ふんだん,ふんだん,形状詞,Adjective,"plentiful, abundant, lavish",JLPT_1 JLPT
分担,ぶんたん,名詞,Noun,"apportionment, sharing",JLPT_1 JLPT
奮闘,ふんとう,名詞,Noun,"hard struggle, strenuous effort",JLPT_1 JLPT
分配,ぶんぱい,名詞,Noun,"division, sharing",JLPT_1 JLPT
分母,ぶんぼ,名詞,Noun,denominator,JLPT_1 JLPT
粉末,ふんまつ,名詞,Noun,fine powder,JLPT_1 JLPT
分離,ぶんり,名詞,Noun,"separation, detachment, segregation",JLPT_1 JLPT
分裂,ぶんれつ,名詞,Noun,"split, division, break up",JLPT_1 JLPT
ペア,ペア,名詞,Noun,"pair, pear",JLPT_1 JLPT
兵器,へいき,名詞,Noun,"arms, weapons, ordinance",JLPT_1 JLPT
閉口,へいこう,名詞,Noun,shut mouth,JLPT_1 JLPT
閉鎖,へいさ,名詞,Noun,"closing, closure, shutdown",JLPT_1 JLPT
兵士,へいし,名詞,Noun,soldier,JLPT_1 JLPT
平常,へいじょう,名詞,Noun,"normal, usual",JLPT_1 JLPT
平方,へいほう,名詞,Noun,"square (e.g., meter, square)",JLPT_1 JLPT
並列,へいれつ,名詞,Noun,"arrangement, parallel, abreast",JLPT_1 JLPT
ベース,ベース,名詞,Noun,"base, bass",JLPT_1 JLPT
辟易,へきえき,名詞,Noun,"wince, shrink back, succumbing to, being frightened",JLPT_1 JLPT
ぺこぺこ,ぺこぺこ,形状詞,Adjective,"fawn, be very hungry",JLPT_1 JLPT
ベスト,ベスト,名詞,Noun,best; vest,JLPT_1 JLPT
ベストセラー,ベストセラー,名詞,Noun,best-seller,JLPT_1 JLPT
隔たる,へだたる,動詞,Verb,to be distant,JLPT_1 JLPT
縁,へり,名詞,Noun,edge,JLPT_1 JLPT
へりくだる,へりくだる,動詞,Verb,to deprecate oneself and praise the listener,JLPT_1 JLPT
弁解,べんかい,名詞,Noun,"explanation, justification, excuse",JLPT_1 JLPT
変革,へんかく,名詞,Noun,"change, reform(the) Reformation",JLPT_1 JLPT
返還,へんかん,名詞,Noun,"return, restoration",JLPT_1 JLPT
便宜,べんぎ,名詞,Noun,"convenience, accommodation",JLPT_1 JLPT
偏見,へんけん,名詞,Noun,"prejudice, narrow view",JLPT_1 JLPT
弁護,べんご,名詞,Noun,"defense, pleading, advocacy",JLPT_1 JLPT
返済,へんさい,名詞,Noun,repayment,JLPT_1 JLPT
弁償,べんしょう,名詞,Noun,"compensation, reparation, reimbursement",JLPT_1 JLPT
変遷,へんせん,名詞,Noun,"change, transition, vicissitudes",JLPT_1 JLPT
返答,へんとう,名詞,Noun,reply,JLPT_1 JLPT
変動,へんどう,名詞,Noun,"change, fluctuation",JLPT_1 JLPT
弁論,べんろん,名詞,Noun,"discussion, debate, argument",JLPT_1 JLPT
穂,ほ,名詞,Noun,"ear (of plant), head (of plant)",JLPT_1 JLPT
保育,ほいく,名詞,Noun,"nursing, nurturing, rearing",JLPT_1 JLPT
ボイコット,ボイコット,名詞,Noun,boycott,JLPT_1 JLPT
ポイント,ポイント,名詞,Noun,point,JLPT_1 JLPT
法案,ほうあん,名詞,Noun,bill (law),JLPT_1 JLPT
防衛,ぼうえい,名詞,Noun,"defense, protection, self-defense",JLPT_1 JLPT
防火,ぼうか,名詞,Noun,"fire prevention, fire fighting, fire proof",JLPT_1 JLPT
崩壊,ほうかい,名詞,Noun,"collapse, decay (physics), crumbling",JLPT_1 JLPT
妨害,ぼうがい,名詞,Noun,"disturbance, obstruction, interference",JLPT_1 JLPT
法学,ほうがく,名詞,Noun,"law, jurisprudence",JLPT_1 JLPT
封建,ほうけん,名詞,Noun,feudalistic,JLPT_1 JLPT
豊作,ほうさく,名詞,Noun,"abundant harvest, bumper crop",JLPT_1 JLPT
方策,ほうさく,名詞,Noun,"plan, policy",JLPT_1 JLPT
奉仕,ほうし,名詞,Noun,"attendance, service",JLPT_1 JLPT
方式,ほうしき,名詞,Noun,"form, method, system",JLPT_1 JLPT
放射,ほうしゃ,名詞,Noun,"radiation, emission",JLPT_1 JLPT
放射能,ほうしゃのう,名詞,Noun,radioactivity,JLPT_1 JLPT
報酬,ほうしゅう,名詞,Noun,"remuneration, recompense, reward",JLPT_1 JLPT
放出,ほうしゅつ,名詞,Noun,"release, emit",JLPT_1 JLPT
報じる,ほうじる,動詞,Verb,"to inform, to report",JLPT_1 JLPT
報ずる,ほうずる,動詞,Verb,"to inform, to report",JLPT_1 JLPT
紡績,ぼうせき,名詞,Noun,spinning,JLPT_1 JLPT
呆然,ぼうぜん,形状詞,Adjective,"dumbfounded, overcome with surprise",JLPT_1 JLPT
放置,ほうち,名詞,Noun,"leave as is, leave alone, neglect",JLPT_1 JLPT
膨張,ぼうちょう,名詞,Noun,"expansion, swelling, increase",JLPT_1 JLPT
法廷,ほうてい,名詞,Noun,courtroom,JLPT_1 JLPT
報道,ほうどう,名詞,Noun,"coverage, report",JLPT_1 JLPT
冒頭,ぼうとう,名詞,Noun,"beginning, start, outset",JLPT_1 JLPT
暴動,ぼうどう,名詞,Noun,"insurrection, riot, uprising",JLPT_1 JLPT
褒美,ほうび,名詞,Noun,"reward, prize",JLPT_1 JLPT
暴風,ぼうふう,名詞,Noun,"storm, windstorm, gale",JLPT_1 JLPT
葬る,ほうむる,動詞,Verb,"to bury, to entomb",JLPT_1 JLPT
放り込む,ほうりこむ,動詞,Verb,to throw into,JLPT_1 JLPT
放り出す,ほうりだす,動詞,Verb,"to throw out, to give up, to abandon",JLPT_1 JLPT
暴力,ぼうりょく,名詞,Noun,violence,JLPT_1 JLPT
飽和,ほうわ,名詞,Noun,saturation,JLPT_1 JLPT
ホース,ホース,名詞,Noun,hose,JLPT_1 JLPT
ポーズ,ポーズ,名詞,Noun,pause,JLPT_1 JLPT
ホール,ホール,名詞,Noun,hall; hole,JLPT_1 JLPT
保温,ほおん,名詞,Noun,"retaining warmth, keeping heat in, heat insulation",JLPT_1 JLPT
捕獲,ほかく,名詞,Noun,"capture, seizure",JLPT_1 JLPT
保管,ほかん,名詞,Noun,"custody, safekeeping, storage",JLPT_1 JLPT
補給,ほきゅう,名詞,Noun,"supply, supplying, replenishment",JLPT_1 JLPT
補強,ほきょう,名詞,Noun,reinforcement,JLPT_1 JLPT
募金,ぼきん,名詞,Noun,"fund-raising, collection of funds",JLPT_1 JLPT
牧師,ぼくし,名詞,Noun,"pastor, minister, clergyman",JLPT_1 JLPT
捕鯨,ほげい,名詞,Noun,whaling,JLPT_1 JLPT
惚ける,ぼける,動詞,Verb,"to grow senile, to fade",JLPT_1 JLPT
保険,ほけん,名詞,Noun,"insurance, guarantee",JLPT_1 JLPT
母校,ぼこう,名詞,Noun,alma mater,JLPT_1 JLPT
母国,ぼこく,名詞,Noun,one's home country (same as 自分の国 (じぶんのくに)),JLPT_1 JLPT Intermediate_Japanese_Ln.15 Intermediate_Japanese
誇る,ほこる,動詞,Verb,"to boast of, to be proud of",JLPT_1 JLPT
綻びる,ほころびる,動詞,Verb,"to come apart at the seams, to smile broadly",JLPT_1 JLPT
干し～,ほし～,接頭辞,Other,dried ~,JLPT_1 JLPT
ポジション,ポジション,名詞,Noun,position,JLPT_1 JLPT
干し物,ほしもの,名詞,Noun,dried washing (clothes,JLPT_1 JLPT
保守,ほしゅ,名詞,Noun,"conservative, maintaining",JLPT_1 JLPT
補充,ほじゅう,名詞,Noun,"supplementation, replenishment, replenishing",JLPT_1 JLPT
補助,ほじょ,名詞,Noun,"assistance, support, auxiliary",JLPT_1 JLPT
舗装,ほそう,名詞,Noun,"pavement, road surface",JLPT_1 JLPT
補足,ほそく,名詞,Noun,"supplement, complement",JLPT_1 JLPT
墓地,ぼち,名詞,Noun,"cemetery, graveyard",JLPT_1 JLPT
発作,ほっさ,名詞,Noun,"fit, attack",JLPT_1 JLPT
没収,ぼっしゅう,名詞,Noun,forfeited,JLPT_1 JLPT
発足,ほっそく,名詞,Noun,"starting, inauguration",JLPT_1 JLPT
ポット,ポット,名詞,Noun,pot,JLPT_1 JLPT
ほっぺた,ほっぺた,名詞,Noun,cheek,JLPT_1 JLPT
ぼつぼつ,ぼつぼつ,副詞,Adverb,"gradually, here and there, spots",JLPT_1 JLPT
没落,ぼつらく,名詞,Noun,"ruin, fall, collapse",JLPT_1 JLPT
解ける,ほどける,動詞,Verb,"to come untied, to come apart",JLPT_1 JLPT
施す,ほどこす,動詞,Verb,"to give, to conduct, to perform",JLPT_1 JLPT
ほとり,ほとり,名詞,Noun,vicinity of lake; river,JLPT_1 JLPT
ぼやく,ぼやく,動詞,Verb,"to grumble, to complain",JLPT_1 JLPT
ぼやける,ぼやける,動詞,Verb,"to become dim, to become blurred",JLPT_1 JLPT
保養,ほよう,名詞,Noun,"health preservation, recuperation, recreation",JLPT_1 JLPT
捕虜,ほりょ,名詞,Noun,prisoner of war,JLPT_1 JLPT
ボルト,ボルト,名詞,Noun,volt; bolt,JLPT_1 JLPT
滅びる,ほろびる,動詞,Verb,"to be ruined, to perish, to be destroyed",JLPT_1 JLPT
滅ぼす,ほろぼす,動詞,Verb,"to destroy, to overthrow, to ruin",JLPT_1 JLPT
本格,ほんかく,名詞,Noun,"propriety, full-scale",JLPT_1 JLPT
本館,ほんかん,名詞,Noun,main building,JLPT_1 JLPT
本気,ほんき,名詞,Noun,"seriousness, truth, sanctity",JLPT_1 JLPT
本国,ほんごく,名詞,Noun,one's own country,JLPT_1 JLPT
本質,ほんしつ,名詞,Noun,"essence, true nature, reality",JLPT_1 JLPT
本体,ほんたい,名詞,Noun,"substance, body, trunk",JLPT_1 JLPT
本音,ほんね,名詞,Noun,"(one's) real intention, motive",JLPT_1 JLPT Intermediate_Japanese_Ln.15 Intermediate_Japanese
本能,ほんのう,名詞,Noun,instinct,JLPT_1 JLPT
本場,ほんば,名詞,Noun,"home, best place, genuine",JLPT_1 JLPT
ポンプ,ポンプ,名詞,Noun,pump,JLPT_1 JLPT
本文,ほんぶん,名詞,Noun,"text (of document), body (of letter)",JLPT_1 JLPT
本名,ほんみょう,名詞,Noun,real name,JLPT_1 JLPT
マーク,マーク,名詞,Noun,mark,JLPT_1 JLPT
マイ～,マイ～,接頭辞,Other,"my ~, one's own ~",JLPT_1 JLPT
マイクロフォン,マイクロフォン,名詞,Noun,microphone,JLPT_1 JLPT
埋蔵,まいぞう,名詞,Noun,"buried property, treasure trove",JLPT_1 JLPT
舞う,まう,動詞,Verb,"to dance, to flutter about, to revolve",JLPT_1 JLPT
真上,まうえ,名詞,Noun,"just above, right overhead",JLPT_1 JLPT
前売,まえうり,名詞,Noun,"advance sale, booking",JLPT_1 JLPT
前置き,まえおき,名詞,Noun,"preface, introduction",JLPT_1 JLPT
任す,まかす,動詞,Verb,"to entrust, to leave to a person",JLPT_1 JLPT
負かす,まかす,動詞,Verb,to defeat,JLPT_1 JLPT
賄う,まかなう,動詞,Verb,"to give board to, to provide meals, to pay",JLPT_1 JLPT
紛らわしい,まぎらわしい,形容詞,Adjective,"confusing, misleading, ambiguous",JLPT_1 JLPT
紛れる,まぎれる,動詞,Verb,"to be diverted, to slip into",JLPT_1 JLPT
真心,まごころ,名詞,Noun,"sincerity, devotion",JLPT_1 JLPT
まごつく,まごつく,動詞,Verb,"to be confused, to be flustered",JLPT_1 JLPT
誠,まこと,名詞,Noun,"truth, faith, fidelity",JLPT_1 JLPT
誠に,まことに,名詞,Noun,"indeed, really (very polite), absolutely",JLPT_1 JLPT Genki_Ln.20 Genki
まさしく,まさしく,副詞,Adverb,"surely, no doubt, evidently",JLPT_1 JLPT
勝る,まさる,動詞,Verb,"to excel, to surpass, to out-rival",JLPT_1 JLPT
～増し,～増し,名詞,Noun,~increase,JLPT_1 JLPT
交える,まじえる,動詞,Verb,"to mix, to converse with, to cross (swords)",JLPT_1 JLPT
真下,ました,名詞,Noun,"right under, directly below",JLPT_1 JLPT
まして,まして,副詞,Adverb,"still more, still less (with neg. verb), to say nothing of",JLPT_1 JLPT
交わる,まじわる,動詞,Verb,"to cross, to intersect, to mingle with,",JLPT_1 JLPT
麻酔,ますい,名詞,Noun,anesthesia,JLPT_1 JLPT
またがる (うまを～),またがる (うまを～),動詞,Verb,to straddle,JLPT_1 JLPT
待ち合わせ,まちあわせ,名詞,Noun,appointment,JLPT_1 JLPT
待ち遠しい,まちどおしい,形容詞,Adjective,looking forward to,JLPT_1 JLPT
待ち望む,まちのぞむ,動詞,Verb,"to look anxiously for, to wait eagerly for",JLPT_1 JLPT
まちまち,まちまち,形状詞,Adjective,"various, different",JLPT_1 JLPT
末期,まっき,名詞,Noun,"deathbed, hour of death",JLPT_1 JLPT
真っ二つ,まっぷたつ,名詞,Noun,in two equal parts,JLPT_1 JLPT
まと,まと,名詞,Noun,"mark, target",JLPT_1 JLPT
纏まり,まとまり,名詞,Noun,"conclusion, settlement, consistency",JLPT_1 JLPT
纏め,まとめ,名詞,Noun,"settlement, conclusion",JLPT_1 JLPT
免れる,まぬがれる,動詞,Verb,"to escape from, to be exempted",JLPT_1 JLPT
招き,まねき,動詞,Verb,invitation,JLPT_1 JLPT
瞬き,まばたき,名詞,Noun,"wink, twinkling (of stars), flicker (of light)",JLPT_1 JLPT
麻痺,まひ,名詞,Noun,"paralysis, palsy, numbness",JLPT_1 JLPT
～まみれ,～まみれ,形状詞,Adjective,"covered with (by, in) ~",JLPT_1 JLPT
眉,まゆ,名詞,Noun,eyebrow,JLPT_1 JLPT
鞠,まり,名詞,Noun,ball,JLPT_1 JLPT
丸ごと,まるごと,名詞,Noun,"in its entirety, whole, wholly",JLPT_1 JLPT
まるっきり,まるっきり,副詞,Adverb,"completely, perfectly, just as if",JLPT_1 JLPT
丸々,まるまる,副詞,Adverb,completely,JLPT_1 JLPT
丸める,まるめる,動詞,Verb,"to make round, to round off, to roll up",JLPT_1 JLPT
満月,まんげつ,名詞,Noun,full moon,JLPT_1 JLPT
満場,まんじょう,名詞,Noun,"unanimous, whole audience",JLPT_1 JLPT
真ん前,まんまえ,名詞,Noun,"right in front, under the nose",JLPT_1 JLPT
真ん丸い,まんまるい,形容詞,Adjective,perfectly circular,JLPT_1 JLPT
真ん円い,まんまるい,形容詞,Adjective,perfectly round,JLPT_1 JLPT
～味,～み,名詞,Noun,~ cast (sense of taste),JLPT_1 JLPT
見合い,みあい,名詞,Noun,formal marriage interview,JLPT_1 JLPT
見合わせる,みあわせる,動詞,Verb,to exchange glances; to postpone,JLPT_1 JLPT
見落とす,みおとす,動詞,Verb,"to overlook, to fail to notice",JLPT_1 JLPT
未開,みかい,名詞,Noun,"savage land, backward region, uncivilized",JLPT_1 JLPT
味覚,みかく,名詞,Noun,"taste, palate, sense of taste",JLPT_1 JLPT
幹,みき,名詞,Noun,(tree) trunk,JLPT_1 JLPT
見苦しい,みぐるしい,形容詞,Adjective,"unsightly, ugly",JLPT_1 JLPT
見込み,みこみ,名詞,Noun,"prospects, expectation, hope",JLPT_1 JLPT
未婚,みこん,名詞,Noun,unmarried,JLPT_1 JLPT
未熟,みじゅく,形状詞,Adjective,"inexperience, unskilled, immature",JLPT_1 JLPT
微塵,みじん,名詞,Noun,"particle, atom",JLPT_1 JLPT
水気,みずけ,名詞,Noun,"moisture, dampness",JLPT_1 JLPT
ミスプリント,ミスプリント,名詞,Noun,misprint,JLPT_1 JLPT
みすぼらしい,みすぼらしい,形容詞,Adjective,"shabby, seedy",JLPT_1 JLPT
ミセス,ミセス,名詞,Noun,Mrs.,JLPT_1 JLPT
見せびらかす,みせびらかす,動詞,Verb,"to show off, to flaunt",JLPT_1 JLPT
見せ物,みせもの,名詞,Noun,"show, exhibition",JLPT_1 JLPT
溝,みぞ,名詞,Noun,"ditch, drain, gutter, gap",JLPT_1 JLPT
満たす,みたす,動詞,Verb,"to satisfy, to ingratiate, to fill, to fulfill",JLPT_1 JLPT
乱す,みだす,動詞,Verb,"to throw out of order, to disarrange, to disturb",JLPT_1 JLPT
乱れる,みだれる,動詞,Verb,"to get confused, to be disordered, to be disturbed",JLPT_1 JLPT
未知,みち,名詞,Noun,not yet known,JLPT_1 JLPT
身近,みぢか,形状詞,Adjective,"near oneself, close to one, familiar",JLPT_1 JLPT
導く,みちびく,動詞,Verb,"to be guided, to be shown",JLPT_1 JLPT
密集,みっしゅう,名詞,Noun,"crowd, close formation, dense",JLPT_1 JLPT
密接,みっせつ,形状詞,Adjective,"connected, close, intimate",JLPT_1 JLPT
密度,みつど,名詞,Noun,density,JLPT_1 JLPT
見積もり,みつもり,名詞,Noun,"estimation, quotation",JLPT_1 JLPT
未定,みてい,名詞,Noun,"not yet fixed, undecided, pending",JLPT_1 JLPT
見通し,みとおし,名詞,Noun,"perspective, unobstructed view, prospect",JLPT_1 JLPT
見なす,みなす,動詞,Verb,"to consider as, to regard",JLPT_1 JLPT
源,みなもと,名詞,Noun,"source, origin",JLPT_1 JLPT
見習う,みならう,動詞,Verb,to follow another's example,JLPT_1 JLPT
身なり,みなり,名詞,Noun,personal appearance,JLPT_1 JLPT
峰,みね,名詞,Noun,"peak, ridge",JLPT_1 JLPT
身の上,みのうえ,名詞,Noun,"one's future, one's welfare, one's personal history",JLPT_1 JLPT
見逃す,みのがす,動詞,Verb,"to miss, to overlook, to leave at large",JLPT_1 JLPT
身の回り,みのまわり,名詞,Noun,"one's personal appearance, personal belongings",JLPT_1 JLPT
見計らう,みはからう,動詞,Verb,to choose at one's own discretion,JLPT_1 JLPT
見晴らし,みはらし,名詞,Noun,view,JLPT_1 JLPT
身振り,みぶり,名詞,Noun,gesture,JLPT_1 JLPT Intermediate_Japanese Intermediate_Japanese_Ln.11
脈,みゃく,名詞,Noun,pulse,JLPT_1 JLPT
ミュージック,ミュージック,名詞,Noun,music,JLPT_1 JLPT
未練,みれん,名詞,Noun,"lingering affection, attachment, regret(s)",JLPT_1 JLPT
見渡す,みわたす,動詞,Verb,"to look out over, to survey (scene), to take an extensive view of",JLPT_1 JLPT
民宿,みんしゅく,名詞,Noun,private house providing lodging and meals to tourists,JLPT_1 JLPT Intermediate_Japanese_Ln.10 Intermediate_Japanese
民族,みんぞく,名詞,Noun,"people, race",JLPT_1 JLPT
民俗,みんぞく,名詞,Noun,folk customs,JLPT_1 JLPT
無意味,むいみ,名詞,Noun,"nonsense, no meaning",JLPT_1 JLPT
ムード,ムード,名詞,Noun,mood,JLPT_1 JLPT
無口,むくち,名詞,Noun,reticence,JLPT_1 JLPT
婿,むこ,名詞,Noun,son-in-law,JLPT_1 JLPT
無効,むこう,名詞,Noun,"invalid, no effect, unavailable",JLPT_1 JLPT
無言,むごん,名詞,Noun,silence,JLPT_1 JLPT
無邪気,むじゃき,名詞,Noun,"innocence, simple-mindedness",JLPT_1 JLPT
むしる,むしる,動詞,Verb,"to pluck, to pick, to tear",JLPT_1 JLPT
結び,むすび,名詞,Noun,"ending, conclusion, union",JLPT_1 JLPT
結び付き,むすびつき,名詞,Noun,"connection, relation",JLPT_1 JLPT
結び付く,むすびつく,動詞,Verb,"to be connected or related, to join together",JLPT_1 JLPT
結び付ける,むすびつける,動詞,Verb,"to combine, to join, to tie on, to attach with a knot",JLPT_1 JLPT
無線,むせん,名詞,Noun,"wireless, radio",JLPT_1 JLPT
無駄遣い,むだづかい,名詞,Noun,"waste money on, squander money on",JLPT_1 JLPT Genki_Ln.22 Genki
無断,むだん,名詞,Noun,"without permission, without notice",JLPT_1 JLPT
無知,むち,名詞,Noun,ignorance,JLPT_1 JLPT
無茶,むちゃ,名詞,Noun,"absurd, unreasonable",JLPT_1 JLPT Intermediate_Japanese_Ln.12 Intermediate_Japanese
無茶苦茶,むちゃくちゃ,副詞,Adverb,"confused, jumbled, mixed up, unreasonable",JLPT_1 JLPT
空しい,むなしい,形容詞,Adjective,"vacant, futile, vain",JLPT_1 JLPT
無念,むねん,名詞,Noun,"chagrin, regret",JLPT_1 JLPT
無能,むのう,名詞,Noun,"inefficiency, incompetence",JLPT_1 JLPT
無闇に,むやみに,形状詞,Adjective,"unreasonably, absurdly, at random",JLPT_1 JLPT
無用,むよう,名詞,Noun,"useless, needlessness, unnecessariness",JLPT_1 JLPT
斑,むら,名詞,Noun,"unevenness, inconsistency, irregularity",JLPT_1 JLPT
群がる,むらがる,動詞,Verb,"to swarm, to gather",JLPT_1 JLPT
無論,むろん,副詞,Adverb,"of course, naturally",JLPT_1 JLPT
名産,めいさん,名詞,Noun,noted product,JLPT_1 JLPT
名称,めいしょう,名詞,Noun,name,JLPT_1 JLPT
命中,めいちゅう,名詞,Noun,a hit,JLPT_1 JLPT
明白,めいはく,形状詞,Adjective,"obvious, clear",JLPT_1 JLPT
名簿,めいぼ,名詞,Noun,register of names,JLPT_1 JLPT
名誉,めいよ,名詞,Noun,"honor, credit, prestige",JLPT_1 JLPT
明瞭,めいりょう,形状詞,Adjective,clarity,JLPT_1 JLPT
明朗,めいろう,形状詞,Adjective,"bright, clear, cheerful",JLPT_1 JLPT
メーカー,メーカー,名詞,Noun,manufacturer,JLPT_1 JLPT
目方,めかた,名詞,Noun,weight,JLPT_1 JLPT
恵み,めぐみ,名詞,Noun,blessing,JLPT_1 JLPT
恵む,めぐむ,動詞,Verb,"to bless, to show mercy to",JLPT_1 JLPT
目覚しい,めざましい,形容詞,Adjective,"brilliant, remarkable",JLPT_1 JLPT
目覚める,めざめる,動詞,Verb,to wake up,JLPT_1 JLPT
召す,めす,動詞,Verb,"to call, to send for, to put on",JLPT_1 JLPT
雌,めす,名詞,Noun,female (animal),JLPT_1 JLPT
目付き,めつき,名詞,Noun,"look, expression of the eyes, eyes",JLPT_1 JLPT
滅亡,めつぼう,名詞,Noun,"downfall, collapse, destruction",JLPT_1 JLPT
メディア,メディア,名詞,Noun,media,JLPT_1 JLPT
目途,めど,名詞,Noun,"goal, outlook",JLPT_1 JLPT
目盛,めもり,名詞,Noun,"scale, gradations",JLPT_1 JLPT
メロディー,メロディー,名詞,Noun,melody,JLPT_1 JLPT
面会,めんかい,名詞,Noun,interview,JLPT_1 JLPT
免除,めんじょ,名詞,Noun,"exemption, exoneration, discharge",JLPT_1 JLPT
面する,めんする,動詞,Verb,"to face on, to look out on to",JLPT_1 JLPT
面目,めんぼく,名詞,Noun,"face, honor, reputation",JLPT_1 JLPT
面目,めんもく,名詞,Noun,"face, honor, reputation",JLPT_1 JLPT
～網,～もう,名詞,Noun,~ network,JLPT_1 JLPT
設ける,もうける,動詞,Verb,"to create, to establish",JLPT_1 JLPT
申し入れる,もうしいれる,動詞,Verb,"to propose, to suggest",JLPT_1 JLPT
申込,もうしこみ,名詞,Noun,"application, request, proposal",JLPT_1 JLPT
申出,もうしで,名詞,Noun,"request, claim, report",JLPT_1 JLPT
申し出る,もうしでる,動詞,Verb,"to report to, to tell, to suggest",JLPT_1 JLPT
申し分,もうしぶん,名詞,Noun,"objection, shortcomings",JLPT_1 JLPT
盲点,もうてん,名詞,Noun,blind spot,JLPT_1 JLPT
猛烈,もうれつ,形状詞,Adjective,"violent, vehement, rage",JLPT_1 JLPT
モーテル,モーテル,名詞,Noun,motel,JLPT_1 JLPT
もがく,もがく,動詞,Verb,"to struggle, to wriggle, to be impatient",JLPT_1 JLPT
目録,もくろく,名詞,Noun,"catalogue, catalog, list",JLPT_1 JLPT
目論見,もくろみ,名詞,Noun,"a plan, a scheme, intention",JLPT_1 JLPT
模型,もけい,名詞,Noun,"model, dummy, marquette",JLPT_1 JLPT
模索,もさく,名詞,Noun,groping (for),JLPT_1 JLPT
もしかして,もしかして,副詞,Adverb,"perhaps, possibly",JLPT_1 JLPT
もしくは,もしくは,接続詞,Other,"or, otherwise",JLPT_1 JLPT
もたらす,もたらす,動詞,Verb,"to bring, to take, to bring about",JLPT_1 JLPT
持ち切り,もちきり,名詞,Noun,"hot topic, talk of the town",JLPT_1 JLPT
目下,もっか,名詞,Noun,"at present, now",JLPT_1 JLPT
専ら,もっぱら,副詞,Adverb,"wholly, solely, entirely",JLPT_1 JLPT
もてなす,もてなす,動詞,Verb,"to entertain, to make welcome",JLPT_1 JLPT
もてる,もてる,動詞,Verb,"to be well liked, to be popular",JLPT_1 JLPT
モニター,モニター,名詞,Noun,(computer) monitor,JLPT_1 JLPT
物好き,ものずき,形状詞,Adjective,(idle) curiosity,JLPT_1 JLPT
物足りない,ものたりない,動詞,Verb,"unsatisfied, unsatisfactory",JLPT_1 JLPT
もはや,もはや,副詞,Adverb,"already, now",JLPT_1 JLPT
模範,もはん,名詞,Noun,"model, example",JLPT_1 JLPT
模倣,もほう,名詞,Noun,"imitation, copying",JLPT_1 JLPT
もめる,もめる,動詞,Verb,"to disagree, to dispute",JLPT_1 JLPT
股,もも,名詞,Noun,"thigh, femur",JLPT_1 JLPT
腿,もも,名詞,Noun,"thigh, femur",JLPT_1 JLPT
催す,もよおす,動詞,Verb,"to hold (a meeting), to give (a dinner)",JLPT_1 JLPT
漏らす,もらす,動詞,Verb,"to let leak, to reveal",JLPT_1 JLPT
盛り上がる,もりあがる,動詞,Verb,"to rouse, to swell, to rise",JLPT_1 JLPT
漏る,もる,動詞,Verb,"to leak, to run out",JLPT_1 JLPT
漏れる,もれる,動詞,Verb,"to leak out, to escape, to filter out",JLPT_1 JLPT
脆い,もろい,形容詞,Adjective,"brittle, fragile, tender-hearted",JLPT_1 JLPT
もろに,もろに,名詞,Noun,"completely, altogether, bodily",JLPT_1 JLPT
矢,や,名詞,Noun,arrow,JLPT_1 JLPT
野外,やがい,名詞,Noun,"fields, outskirts, open air, suburbs",JLPT_1 JLPT
～薬,～やく,名詞,Noun,medicine,JLPT_1 JLPT
夜具,やぐ,名詞,Noun,bedding,JLPT_1 JLPT
役職,やくしょく,名詞,Noun,"post, managerial position, official position",JLPT_1 JLPT
役場,やくば,名詞,Noun,town hall,JLPT_1 JLPT
やけに,やけに,名詞,Noun,"sure, very",JLPT_1 JLPT
屋敷,やしき,名詞,Noun,mansion,JLPT_1 JLPT
養う,やしなう,動詞,Verb,"to rear, to maintain, to cultivate",JLPT_1 JLPT
野心,やしん,名詞,Noun,"ambition, aspiration",JLPT_1 JLPT
安っぽい,やすっぽい,形容詞,Adjective,"cheap-looking, tawdry",JLPT_1 JLPT
休める,やすめる,動詞,Verb,"to rest, to suspend, to give relief",JLPT_1 JLPT
野生,やせい,名詞,Noun,wild,JLPT_1 JLPT
奴,やつ,名詞,Noun,"(vulg.) fellow, guy, chap",JLPT_1 JLPT
闇,やみ,名詞,Noun,"darkness, shady, illegal",JLPT_1 JLPT
病む,やむ,動詞,Verb,"to fall ill, to be ill",JLPT_1 JLPT
ややこしい,ややこしい,形容詞,Adjective,"puzzling, tangled, complicated, complex",JLPT_1 JLPT
やりとおす,やりとおす,動詞,Verb,"to carry through, to achieve, to complete",JLPT_1 JLPT
やりとげる,やりとげる,動詞,Verb,to accomplish,JLPT_1 JLPT
和らげる,やわらげる,動詞,Verb,"to soften, to moderate, to relieve",JLPT_1 JLPT
ヤング,ヤング,名詞,Noun,young,JLPT_1 JLPT
～油,～ゆ,名詞,Noun,~ oil,JLPT_1 JLPT
優位,ゆうい,名詞,Noun,"predominance, ascendancy, superiority",JLPT_1 JLPT
憂鬱,ゆううつ,名詞,Noun,"depression, melancholy",JLPT_1 JLPT
有益,ゆうえき,名詞,Noun,"beneficial, profitable",JLPT_1 JLPT
優越,ゆうえつ,名詞,Noun,"supremacy, predominance, being superior to",JLPT_1 JLPT
勇敢,ゆうかん,形状詞,Adjective,"bravery, heroism, gallantry",JLPT_1 JLPT
夕暮れ,ゆうぐれ,名詞,Noun,"evening, (evening) twilight",JLPT_1 JLPT
融資,ゆうし,名詞,Noun,"financing, loan",JLPT_1 JLPT
有する,ゆうする,動詞,Verb,"to own, to be endowed with",JLPT_1 JLPT
優勢,ゆうせい,名詞,Noun,"superiority, superior power, predominance",JLPT_1 JLPT
優先,ゆうせん,名詞,Noun,"preference, priority",JLPT_1 JLPT
誘導,ゆうどう,名詞,Noun,"guidance, leading, inducement",JLPT_1 JLPT
融通,ゆうずう,名詞,Noun,"adaptability, versatility, finance",JLPT_1 JLPT
優美,ゆうび,形状詞,Adjective,"grace, refinement, elegance",JLPT_1 JLPT
有望,ゆうぼう,名詞,Noun,"good prospects, full of hope, promising",JLPT_1 JLPT
遊牧,ゆうぼく,名詞,Noun,nomadism,JLPT_1 JLPT
夕焼け,ゆうやけ,名詞,Noun,sunset,JLPT_1 JLPT
有力,ゆうりょく,形状詞,Adjective,"influence, prominence; potent",JLPT_1 JLPT
幽霊,ゆうれい,名詞,Noun,"ghost, specter, phantom",JLPT_1 JLPT
誘惑,ゆうわく,名詞,Noun,"temptation, allurement, lure",JLPT_1 JLPT
故,ゆえ,名詞,Noun,"reason, cause, circumstances",JLPT_1 JLPT
歪む,ゆがむ,動詞,Verb,"to warp, to be crooked, to be distorted",JLPT_1 JLPT
揺さぶる,ゆさぶる,動詞,Verb,"to shake, to jolt, to rock, to swing",JLPT_1 JLPT
濯ぐ,ゆすぐ,動詞,Verb,"to rinse, to wash out",JLPT_1 JLPT
ゆとり,ゆとり,名詞,Noun,"reserve, affluence, time (to spare)",JLPT_1 JLPT
ユニーク,ユニーク,形状詞,Adjective,unique,JLPT_1 JLPT
ユニフォーム,ユニフォーム,名詞,Noun,uniform,JLPT_1 JLPT
指差す,ゆびさす,動詞,Verb,to point at,JLPT_1 JLPT
弓,ゆみ,名詞,Noun,bow,JLPT_1 JLPT
揺らぐ,ゆらぐ,動詞,Verb,"to swing, to sway, to shake",JLPT_1 JLPT
緩む,ゆるむ,動詞,Verb,"to become loose, to slacken",JLPT_1 JLPT
緩める,ゆるめる,動詞,Verb,"to loosen, to slow down",JLPT_1 JLPT
緩やか,ゆるやか,形状詞,Adjective,lenient,JLPT_1 JLPT
要因,よういん,名詞,Noun,"primary factor, main cause",JLPT_1 JLPT
溶液,ようえき,名詞,Noun,solution,JLPT_1 JLPT
用件,ようけん,名詞,Noun,business,JLPT_1 JLPT
養護,ようご,名詞,Noun,"protection, nursing, protective care",JLPT_1 JLPT
用紙,ようし,名詞,Noun,a form,JLPT_1 JLPT Intermediate_Japanese Intermediate_Japanese_Ln.3
様式,ようしき,名詞,Noun,"style, form, pattern",JLPT_1 JLPT
要する,ようする,動詞,Verb,"to demand, to require, to take",JLPT_1 JLPT
要請,ようせい,名詞,Noun,"claim, demand, request, application",JLPT_1 JLPT
様相,ようそう,名詞,Noun,aspect,JLPT_1 JLPT
用品,ようひん,名詞,Noun,"articles, supplies, parts",JLPT_1 JLPT
洋風,ようふう,名詞,Noun,western style,JLPT_1 JLPT
用法,ようほう,名詞,Noun,"directions, rules of use",JLPT_1 JLPT
要望,ようぼう,名詞,Noun,"demand for, request",JLPT_1 JLPT
余暇,よか,名詞,Noun,"leisure, leisure time, spare time",JLPT_1 JLPT
予感,よかん,名詞,Noun,"presentiment, premonition",JLPT_1 JLPT
余興,よきょう,名詞,Noun,"side show, entertainment",JLPT_1 JLPT
預金,よきん,名詞,Noun,"deposit, bank account",JLPT_1 JLPT
欲,よく,名詞,Noun,"greed, wants",JLPT_1 JLPT
抑圧,よくあつ,名詞,Noun,"restraint, oppression, suppression",JLPT_1 JLPT
浴室,よくしつ,名詞,Noun,"bathroom, bath",JLPT_1 JLPT
抑制,よくせい,名詞,Noun,"control, restraint, suppression",JLPT_1 JLPT
欲深い,よくふかい,形容詞,Adjective,greedy,JLPT_1 JLPT
欲望,よくぼう,名詞,Noun,"desire, appetite",JLPT_1 JLPT Intermediate_Japanese_Ln.13 Intermediate_Japanese
避ける,よける,動詞,Verb,"to avoid (physical contact with; to ward off, to avert",JLPT_1 JLPT
予言,よげん,名詞,Noun,"prediction, promise, prognostication",JLPT_1 JLPT
横綱,よこづな,名詞,Noun,sumo grand champion,JLPT_1 JLPT
汚れ,よごれ,名詞,Noun,"dirt, filth",JLPT_1 JLPT
よし (かん),よし (かん),感動詞,Other,all right!,JLPT_1 JLPT
良し,よし,名詞,Noun,all right!,JLPT_1 JLPT
善し悪し,よしあし,名詞,Noun,"good or bad, merits or demerits, quality",JLPT_1 JLPT
余所見,よそみ,名詞,Noun,"looking away, looking aside",JLPT_1 JLPT
余地,よち,名詞,Noun,"place, room, margin",JLPT_1 JLPT
よって (よりどころ),よって (よりどころ),接続詞,Other,"therefore, consequently",JLPT_1 JLPT
与党,よとう,名詞,Noun,"government party, (ruling) party in power, government",JLPT_1 JLPT
呼び止める,よびとめる,動詞,Verb,to flag down,JLPT_1 Intermediate_Japanese_Ln.6 JLPT Intermediate_Japanese
夜更し,よふかし,名詞,Noun,"staying up late, keeping late hours",JLPT_1 JLPT
夜更け,よふけ,名詞,Noun,late at night,JLPT_1 JLPT
余程,よほど,副詞,Adverb,"very, much, to a large extent, quite",JLPT_1 JLPT
読み上げる,よみあげる,動詞,Verb,"to read out loud (and clearly), to call a roll",JLPT_1 JLPT
～寄り,～より,名詞,Noun,"near to ~ (e.g., North by East)",JLPT_1 JLPT
寄り掛かる,よりかかる,動詞,Verb,"to lean against, to recline on, to lean on, to rely on",JLPT_1 JLPT
世論,よろん,名詞,Noun,public opinion,JLPT_1 JLPT
弱る,よわる,動詞,Verb,"to weaken, to be troubled, to be emaciated",JLPT_1 JLPT
来場,らいじょう,名詞,Noun,attendance,JLPT_1 JLPT
ライス,ライス,名詞,Noun,rice,JLPT_1 JLPT
酪農,らくのう,名詞,Noun,dairy farming,JLPT_1 JLPT
落下,らっか,名詞,Noun,"fall, drop, come down",JLPT_1 JLPT
楽観,らっかん,名詞,Noun,optimism,JLPT_1 JLPT
ランプ,ランプ,名詞,Noun,lamp; ramp,JLPT_1 JLPT
濫用,らんよう,名詞,Noun,"abuse, misuse, using to excess",JLPT_1 JLPT
リード,リード,名詞,Noun,lead; reed,JLPT_1 JLPT
理屈,りくつ,名詞,Noun,"theory, reason",JLPT_1 JLPT
利子,りし,名詞,Noun,interest (bank),JLPT_1 JLPT
利潤,りじゅん,名詞,Noun,"profit, returns",JLPT_1 JLPT
理性,りせい,名詞,Noun,"reason, sense",JLPT_1 JLPT
利息,りそく,名詞,Noun,interest (bank),JLPT_1 JLPT
立体,りったい,名詞,Noun,solid body,JLPT_1 JLPT
立方,りっぽう,名詞,Noun,cube,JLPT_1 JLPT
立法,りっぽう,名詞,Noun,"legislation, lawmaking",JLPT_1 JLPT
利点,りてん,名詞,Noun,"advantage, point in favor",JLPT_1 JLPT
略奪,りゃくだつ,名詞,Noun,"pillage, looting, robbery",JLPT_1 JLPT
略語,りゃくご,名詞,Noun,"abbreviation, acronym",JLPT_1 JLPT
流通,りゅうつう,名詞,Noun,"circulation of money or goods, distribution",JLPT_1 JLPT
領域,りょういき,名詞,Noun,"area, territory, region",JLPT_1 JLPT
了解,りょうかい,名詞,Noun,"comprehension, consent, understanding",JLPT_1 JLPT
領海,りょうかい,名詞,Noun,territorial waters,JLPT_1 JLPT
両極,りょうきょく,名詞,Noun,"both extremities, north and south poles",JLPT_1 JLPT
良好,りょうこう,形状詞,Adjective,"favorable, satisfactory",JLPT_1 JLPT
良識,りょうしき,名詞,Noun,good sense,JLPT_1 JLPT
良質,りょうしつ,形状詞,Adjective,"good quality, superior quality",JLPT_1 JLPT
了承,りょうしょう,名詞,Noun,"acknowledgment, understanding",JLPT_1 JLPT
良心,りょうしん,名詞,Noun,conscience,JLPT_1 JLPT
領地,りょうち,名詞,Noun,territory,JLPT_1 JLPT
領土,りょうど,名詞,Noun,"territory, possession",JLPT_1 JLPT
両立,りょうりつ,名詞,Noun,"compatibility, coexistence, standing together",JLPT_1 JLPT
旅客,りょかく,名詞,Noun,passenger,JLPT_1 JLPT
旅券,りょけん,名詞,Noun,passport,JLPT_1 JLPT
履歴,りれき,名詞,Noun,"personal history, background, log",JLPT_1 JLPT
理論,りろん,名詞,Noun,theory,JLPT_1 JLPT
林業,りんぎょう,名詞,Noun,forestry,JLPT_1 JLPT
類,るい,名詞,Noun,"kind, class, family",JLPT_1 JLPT
類推,るいすい,名詞,Noun,analogy,JLPT_1 JLPT
類似,るいじ,名詞,Noun,analogous,JLPT_1 JLPT
ルーズ,ルーズ,形状詞,Adjective,loose,JLPT_1 JLPT
冷酷,れいこく,名詞,Noun,"cruelty, coldheartedness, ruthless",JLPT_1 JLPT
冷蔵,れいぞう,名詞,Noun,refrigeration,JLPT_1 JLPT
冷淡,れいたん,名詞,Noun,"coolness, indifference",JLPT_1 JLPT
レース,レース,名詞,Noun,race; lace,JLPT_1 JLPT
レギュラー,レギュラー,名詞,Noun,regular,JLPT_1 JLPT
レッスン,レッスン,名詞,Noun,lesson,JLPT_1 JLPT
レディー,レディー,名詞,Noun,lady,JLPT_1 JLPT
レバー,レバー,名詞,Noun,lever; liver,JLPT_1 JLPT
恋愛,れんあい,名詞,Noun,"love, romance",JLPT_1 JLPT
バッテリー,バッテリー,名詞,Noun,battery,JLPT_1 JLPT
バット,バット,名詞,Noun,"bat, vat",JLPT_1 JLPT
発病,はつびょう,名詞,Noun,"attack, to become sick",JLPT_1 JLPT
初耳,はつみみ,名詞,Noun,something heard for the first time,JLPT_1 JLPT
果て,はて,名詞,Noun,"the end, the extremity, the limit(s)",JLPT_1 JLPT
果てる,はてる,動詞,Verb,"to end, to be finished, to be exhausted",JLPT_1 JLPT
ばてる,ばてる,動詞,Verb,"to be exhausted, to be worn out",JLPT_1 JLPT
パトカー,パトカー,名詞,Noun,patrol car,JLPT_1 JLPT
甚だ,はなはだ,副詞,Adverb,"very, greatly, exceedingly",JLPT_1 JLPT
華々しい,はなばなしい,形容詞,Adjective,"brilliant, magnificent, spectacular",JLPT_1 JLPT
花びら,はなびら,名詞,Noun,(flower) petal,JLPT_1 JLPT
華やか,はなやか,形状詞,Adjective,"brilliant, gorgeous, florid",JLPT_1 JLPT
阻む,はばむ,動詞,Verb,"to keep someone from doing, to stop, to oppose",JLPT_1 JLPT
浜,はま,名詞,Noun,"beach, seashore",JLPT_1 JLPT
浜辺,はまべ,名詞,Noun,"beach, foreshore",JLPT_1 JLPT
はまる,はまる,動詞,Verb,"to get into, to go into, to fit, to be fit for, to suit",JLPT_1 JLPT
早める,はやめる,動詞,Verb,"to hasten, to quicken, to accelerate",JLPT_1 JLPT
腹立ち,はらだち,名詞,Noun,anger,JLPT_1 JLPT
原っぱ,はらっぱ,名詞,Noun,"open field, empty lot, plain",JLPT_1 JLPT
はらはら,はらはら,副詞,Adverb,feel nervous,JLPT_1 JLPT
ばらまく,ばらまく,動詞,Verb,"to disseminate, to scatter",JLPT_1 JLPT
張り紙,はりがみ,名詞,Noun,"notice, poster",JLPT_1 JLPT
遥か,はるか,形状詞,Adjective,"far, far-away, distant",JLPT_1 JLPT
破裂,はれつ,名詞,Noun,"explosion, rupture, break off",JLPT_1 JLPT
腫れる,はれる,動詞,Verb,"to swell (from inflammation, to become swollen)",JLPT_1 JLPT
繁栄,はんえい,名詞,Noun,"prospering, prosperity, flourishing",JLPT_1 JLPT
版画,はんが,名詞,Noun,art print,JLPT_1 JLPT
ハンガー,ハンガー,名詞,Noun,(coat) hanger,JLPT_1 JLPT
反感,はんかん,名詞,Noun,"antipathy, revolt, animosity",JLPT_1 JLPT
反響,はんきょう,名詞,Noun,"echo, reverberation, repercussion",JLPT_1 JLPT
パンク,パンク,名詞,Noun,"puncture, bursting; punk",JLPT_1 JLPT
反撃,はんげき,名詞,Noun,"counterattack, counteroffensive, counterblow",JLPT_1 JLPT
判決,はんけつ,名詞,Noun,"judicial decision, judgment, sentence, decree",JLPT_1 JLPT
反射,はんしゃ,名詞,Noun,"reflection, reverberation",JLPT_1 JLPT
繁盛,はんじょう,名詞,Noun,"prosperity, flourishing, thriving",JLPT_1 JLPT
繁殖,はんしょく,名詞,Noun,"breed, multiply, propagation",JLPT_1 JLPT
反する,はんする,動詞,Verb,"to be inconsistent with, to oppose, to contradict",JLPT_1 JLPT
判定,はんてい,名詞,Noun,"judgment, decision, award, verdict",JLPT_1 JLPT
万人,ばんにん,名詞,Noun,"all people, everybody, 10000 people",JLPT_1 JLPT
晩年,ばんねん,名詞,Noun,(one's) last years,JLPT_1 JLPT
反応,はんのう,名詞,Noun,"reaction, response",JLPT_1 JLPT
万能,ばんのう,名詞,Noun,"all-purpose, almighty, omnipotent",JLPT_1 JLPT
半端,はんぱ,名詞,Noun,"fragment, fraction, incompleteness",JLPT_1 JLPT
反発,はんぱつ,名詞,Noun,"repelling, rebound, oppose",JLPT_1 JLPT
反乱,はんらん,名詞,Noun,"rebellion, revolt, uprising",JLPT_1 JLPT
氾濫,はんらん,名詞,Noun,"overflowing, flood",JLPT_1 JLPT
美,び,名詞,Noun,beauty,JLPT_1 JLPT
ひいては,ひいては,副詞,Adverb,"not only…but also, in addition to, consequently",JLPT_1 JLPT
ビールス,ビールス,名詞,Noun,virus,JLPT_1 JLPT
控室,ひかえしつ,名詞,Noun,waiting room,JLPT_1 JLPT
控える,ひかえる,動詞,Verb,to hold back; to make notes,JLPT_1 JLPT
悲観,ひかん,名詞,Noun,"pessimism, disappointment",JLPT_1 JLPT
引き上げる,ひきあげる,動詞,Verb,"to withdraw, to leave, to pull out",JLPT_1 JLPT
率いる,ひきいる,動詞,Verb,"to lead, to spearhead (a group), to command (troops)",JLPT_1 JLPT
引き起こす,ひきおこす,動詞,Verb,to cause,JLPT_1 JLPT
引下げる,ひきさげる,動詞,Verb,"to pull down, to lower, to reduce, to withdraw",JLPT_1 JLPT
引きずる,ひきずる,動詞,Verb,"to drag along, to pull, to prolong",JLPT_1 JLPT
引取る,ひきとる,動詞,Verb,to take back; to adopt; to leave,JLPT_1 JLPT
否決,ひけつ,名詞,Noun,"rejection, negation, voting down",JLPT_1 JLPT
日頃,ひごろ,名詞,Noun,"normally, habitually",JLPT_1 JLPT
久しい,ひさしい,形容詞,Adjective,"long, long-continued, old (story)",JLPT_1 JLPT
悲惨,ひさん,名詞,Noun,"tragedy, disaster; misery, wretched, pitiful",JLPT_1 JLPT
ビジネス,ビジネス,名詞,Noun,business,JLPT JLPT_1 Genki_Ln.2 Genki_Ln.1 Genki
比重,ひじゅう,名詞,Noun,specific gravity,JLPT_1 JLPT
美術,びじゅつ,名詞,Noun,"art, fine arts",JLPT_1 JLPT
秘書,ひしょ,名詞,Noun,(private) secretary,JLPT_1 JLPT
微笑,びしょう,名詞,Noun,smile,JLPT_1 JLPT
歪む,ひずむ,動詞,Verb,"to warp, to be distorted",JLPT_1 JLPT
密か,ひそか,形状詞,Adjective,"secret, private, surreptitious",JLPT_1 JLPT
浸す,ひたす,動詞,Verb,"to soak, to dip, to drench",JLPT_1 JLPT
ひたすら,ひたすら,副詞,Adverb,"nothing but, earnestly, intently",JLPT_1 JLPT
左利き,ひだりきき,名詞,Noun,"left-handedness, sake drinker, left-hander",JLPT_1 JLPT
引っ掻く,ひっかく,動詞,Verb,to scratch,JLPT_1 JLPT
必修,ひっしゅう,名詞,Noun,required (subject),JLPT_1 JLPT
びっしょり,びっしょり,副詞,Adverb,"wet through, drenched",JLPT_1 JLPT
必然,ひつぜん,名詞,Noun,"inevitable, necessary",JLPT_1 JLPT
匹敵,ひってき,名詞,Noun,"comparing with, rival, equal",JLPT_1 JLPT
一息,ひといき,名詞,Noun,"a breath, a pause, an effort",JLPT_1 JLPT
人影,ひとかげ,名詞,Noun,"man's shadow, soul",JLPT_1 JLPT
人柄,ひとがら,名詞,Noun,"personality, character",JLPT_1 JLPT
人気,ひとけ,名詞,Noun,sign of life,JLPT_1 JLPT
一頃,ひところ,名詞,Noun,"once, some time ago",JLPT_1 JLPT
人質,ひとじち,名詞,Noun,hostage,JLPT_1 JLPT
一筋,ひとすじ,名詞,Noun,"a line, earnestly, blindly, straightforwardly",JLPT_1 JLPT
人目,ひとめ,名詞,Noun,"glimpse, public gaze",JLPT_1 JLPT
日取り,ひどり,名詞,Noun,"fixed date, appointed day",JLPT_1 JLPT
雛,ひな,名詞,Noun,"young bird, chick, doll",JLPT_1 JLPT
雛祭,ひなまつり,名詞,Noun,Girls' (dolls') Festival,JLPT_1 JLPT
日向,ひなた,名詞,Noun,"sunny place, in the sun",JLPT_1 JLPT
非難,ひなん,名詞,Noun,"blame, attack, criticism",JLPT_1 JLPT
避難,ひなん,名詞,Noun,"taking refuge, finding shelter",JLPT_1 JLPT
日の丸,ひのまる,名詞,Noun,the Japanese flag,JLPT_1 JLPT
火花,ひばな,名詞,Noun,spark,JLPT_1 JLPT
ひび (かべの～),ひび (かべの～),名詞,Noun,"crack, fissure, flaw",JLPT_1 JLPT
悲鳴,ひめい,名詞,Noun,"shriek, scream",JLPT_1 JLPT
冷やかす,ひやかす,動詞,Verb,"to banter, to make fun of, to jeer at, to cool, to refrigerate",JLPT_1 JLPT
日焼け,ひやけ,名詞,Noun,sunburn,JLPT_1 JLPT
標語,ひょうご,名詞,Noun,"motto, slogan, catchword",JLPT_1 JLPT
描写,びょうしゃ,名詞,Noun,"depiction, description, portrayal",JLPT_1 JLPT
ひょっと,ひょっと,副詞,Adverb,"possibly, accidentally",JLPT_1 JLPT
びら,びら,名詞,Noun,"handout, leaflet",JLPT_1 JLPT
平たい,ひらたい,形容詞,Adjective,"flat, even, level",JLPT_1 JLPT
びり,びり,副詞,Adverb,"last on the list, at the bottom",JLPT_1 JLPT
比率,ひりつ,名詞,Noun,"ratio, proportion, percentage",JLPT_1 JLPT
