expression,reading,part_of_speech_jp,part_of_speech_en,meaning,tags
作法,さほう,名詞,Noun,"manners, etiquette, propriety",JLPT JLPT_2 JLPT_3
様々,さまざま,形状詞,Adjective,"varied, various",JLPT JLPT_2 JLPT_3
冷ます,さます,動詞,Verb,"to cool, to let cool",JLPT JLPT_2 JLPT_3
覚ます,さます,動詞,Verb,to awaken,JLPT JLPT_2 JLPT_3
冷める,さめる,動詞,Verb,"to become cool, to wear off",JLPT JLPT_2 JLPT_3
覚める,さめる,動詞,Verb,"to wake, to wake up",JLPT JLPT_2 JLPT_3
左右,さゆう,名詞,Noun,left and right; influence,JLPT JLPT_2 JLPT_3
皿,さら,名詞,Noun,"plate, dish",JLPT Genki_Ln.14 JLPT_3 JLPT_2 Genki
更に,さらに,副詞,Adverb,"furthermore, moreover",JLPT JLPT_2 JLPT_3
去る,さる,動詞,Verb,"to leave, to go away",JLPT JLPT_2 JLPT_3
猿,さる,名詞,Noun,monkey,JLPT JLPT_3 JLPT_2 Genki_Ln.22 Genki
騒ぎ,さわぎ,名詞,Noun,"uproar, disturbance",JLPT JLPT_2 JLPT_3
参加,さんか,名詞,Noun,participation,JLPT JLPT_2 JLPT_3
参考,さんこう,名詞,Noun,"reference, consultation",JLPT JLPT_2 JLPT_3
賛成,さんせい,名詞,Noun,"approval, agreement",JLPT JLPT_2 JLPT_3
酸性,さんせい,名詞,Noun,acidity,JLPT JLPT_2 JLPT_3
酸素,さんそ,名詞,Noun,oxygen,JLPT JLPT_2 JLPT_3
氏,し,名詞,Noun,"family name, lineage",JLPT JLPT_2 JLPT_3
詩,し,名詞,Noun,poem; poetry,JLPT Intermediate_Japanese JLPT_3 JLPT_2 Intermediate_Japanese_Ln.13
幸せ,しあわせ,名詞,Noun,"happiness, blessing",JLPT JLPT_2 JLPT_3
ジーンズ,ジーンズ,名詞,Noun,jeans,JLPT JLPT_3 JLPT_2 Genki_Ln.2 Genki
ジェット機,ジェットき,名詞,Noun,jet plane,JLPT JLPT_2 JLPT_3
四角,しかく,名詞,Noun,square,JLPT JLPT_2 JLPT_3
直に,じかに,形状詞,Adjective,"immediately, readily, directly",JLPT JLPT_2 JLPT_3
しかも,しかも,接続詞,Other,"moreover, furthermore, besides, plus",JLPT Intermediate_Japanese JLPT_3 JLPT_2 Intermediate_Japanese_Ln.9 Intermediate_Japanese_Ln.2
四季,しき,名詞,Noun,four seasons,JLPT JLPT_2 JLPT_3
直,じき,名詞,Noun,"immediately, soon, shortly",JLPT JLPT_2 JLPT_3
時期,じき,名詞,Noun,"time, season, period",JLPT JLPT_2 JLPT_3
支給,しきゅう,名詞,Noun,"payment, allowance",JLPT JLPT_2 JLPT_3
至急,しきゅう,名詞,Noun,"urgent, pressing",JLPT JLPT_2 JLPT_3
しきりに,しきりに,副詞,Adverb,"frequently, repeatedly, eagerly",JLPT JLPT_2 JLPT_3
刺激,しげき,名詞,Noun,"stimulus, impetus, incentive",JLPT JLPT_2 JLPT_3
資源,しげん,名詞,Noun,resources,JLPT JLPT_2 JLPT_3
事件,じけん,名詞,Noun,"event, affair, incident",JLPT JLPT_2 JLPT_3
時刻,じこく,名詞,Noun,"time, hour",JLPT JLPT_2 JLPT_3
自殺,じさつ,名詞,Noun,suicide,JLPT JLPT_2 JLPT_3
事実,じじつ,名詞,Noun,"fact, truth, reality",JLPT JLPT_2 JLPT_3
支出,ししゅつ,名詞,Noun,"expenditure, expenses",JLPT JLPT_2 JLPT_3
事情,じじょう,名詞,Noun,"circumstances, situation, reasons",JLPT JLPT_2 JLPT_3
詩人,しじん,名詞,Noun,poet,JLPT JLPT_2 JLPT_3
自身,じしん,名詞,Noun,oneself,JLPT Intermediate_Japanese JLPT_3 JLPT_2 Intermediate_Japanese_Ln.14
沈む,しずむ,動詞,Verb,to sink; to feel depressed,JLPT JLPT_2 JLPT_3
自然,しぜん,名詞,Noun,"nature, spontaneous",JLPT JLPT_2 JLPT_3
思想,しそう,名詞,Noun,"thought, idea",JLPT JLPT_2 JLPT_3
舌,した,名詞,Noun,tongue,JLPT JLPT_2 JLPT_3
次第,しだい,名詞,Noun,order; circumstances; immediate(ly),JLPT JLPT_2 JLPT_3
従う,したがう,動詞,Verb,"to abide (by the rules), to obey",JLPT JLPT_2 JLPT_3
したがって,したがって,動詞,Verb,"therefore, consequently",JLPT JLPT_2 JLPT_3
親しい,したしい,形容詞,Adjective,"intimate, close (e.g., friend)",JLPT JLPT_2 JLPT_3
質,しつ,名詞,Noun,"quality, nature (of person)",JLPT JLPT_2 JLPT_3
失業,しつぎょう,名詞,Noun,unemployment,JLPT JLPT_2 JLPT_3
湿気,しっけ,名詞,Noun,"moisture, humidity, dampness",JLPT JLPT_2 JLPT_3
実験,じっけん,名詞,Noun,lab work; experiment,JLPT Intermediate_Japanese JLPT_3 JLPT_2 Intermediate_Japanese_Ln.5
実現,じつげん,名詞,Noun,"implementation, materialization, realization",JLPT JLPT_2 JLPT_3
実行,じっこう,名詞,Noun,"practice, execution (e.g., program), realization",JLPT JLPT_2 JLPT_3
実際,じっさい,名詞,Noun,in fact; in actuality,JLPT Intermediate_Japanese JLPT_3 JLPT_2 Intermediate_Japanese_Ln.15
実施,じっし,名詞,Noun,"enforcement, carry out, operation",JLPT JLPT_2 JLPT_3
湿度,しつど,名詞,Noun,humidity,JLPT JLPT_2 JLPT_3
じっと,じっと,副詞,Adverb,"patiently, quietly",JLPT JLPT_2 JLPT_3
実に,じつに,名詞,Noun,"indeed, truly, surely",JLPT JLPT_2 JLPT_3
実は,じつは,名詞,Noun,actually; in fact,JLPT Intermediate_Japanese JLPT_3 JLPT_2 Intermediate_Japanese_Ln.1
失望,しつぼう,名詞,Noun,"disappointment, despair",JLPT JLPT_2 JLPT_3
実力,じつりょく,名詞,Noun,ability; force,JLPT JLPT_2 JLPT_3
支店,してん,名詞,Noun,branch store (office),JLPT JLPT_3 JLPT_2 Genki_Ln.20 Genki
指導,しどう,名詞,Noun,"leadership, guidance, coaching",JLPT JLPT_2 JLPT_3
自動,じどう,名詞,Noun,"automatic, self-motion",JLPT JLPT_2 JLPT_3
児童,じどう,名詞,Noun,"children, juvenile",JLPT JLPT_2 JLPT_3
品,しな,名詞,Noun,"thing, article, goods",JLPT JLPT_2 JLPT_3
支配,しはい,名詞,Noun,"rule, control, direction",JLPT JLPT_2 JLPT_3
芝居,しばい,名詞,Noun,"play, drama",JLPT JLPT_2 JLPT_3
しばしば,しばしば,副詞,Adverb,"often, again and again, frequently",JLPT JLPT_2 JLPT_3
芝生,しばふ,名詞,Noun,lawn,JLPT JLPT_2 JLPT_3
支払,しはらい,名詞,Noun,payment,JLPT JLPT_2 JLPT_3
支払う,しはらう,動詞,Verb,to pay,JLPT JLPT_2 JLPT_3
死亡,しぼう,名詞,Noun,death,JLPT JLPT_2 JLPT_3
資本,しほん,名詞,Noun,"funds, capital",JLPT JLPT_2 JLPT_3
姉妹,しまい,名詞,Noun,sisters,JLPT JLPT_2 JLPT_3
しまった (かん),しまった (かん),感動詞,Other,Damn it!,JLPT JLPT_2 JLPT_3
自慢,じまん,名詞,Noun,"pride, boast",JLPT JLPT_2 JLPT_3
地味,じみ,形状詞,Adjective,"quiet, plain, conservative",JLPT JLPT_2 JLPT_3
示す,しめす,動詞,Verb,"to show, to indicate",JLPT JLPT_2 JLPT_3
占める,しめる,動詞,Verb,to take up; to account for,JLPT Intermediate_Japanese JLPT_3 JLPT_2 Intermediate_Japanese_Ln.14
湿る,しめる,動詞,Verb,"to be wet, to be damp",JLPT JLPT_2 JLPT_3
下,しも,名詞,Noun,"under, below, beneath",JLPT JLPT_2 JLPT_3
霜,しも,名詞,Noun,frost,JLPT JLPT_2 JLPT_3
借金,しゃっきん,名詞,Noun,"debt, loan, liabilities",JLPT JLPT_2 JLPT_3
しゃべる,しゃべる,動詞,Verb,"to talk, to chat, to chatter (same as 話す (はなす))",JLPT Intermediate_Japanese JLPT_3 JLPT_2 Intermediate_Japanese_Ln.8
週,しゅう,名詞,Noun,week,JLPT JLPT_2 JLPT_3
州,しゅう,名詞,Noun,"state, province",JLPT JLPT_2 JLPT_3
銃,じゅう,名詞,Noun,gun,JLPT JLPT_2 JLPT_3
周囲,しゅうい,名詞,Noun,"surroundings, circumference, environs",JLPT JLPT_2 JLPT_3
収穫,しゅうかく,名詞,Noun,"harvest, crop, ingathering",JLPT JLPT_2 JLPT_3
宗教,しゅうきょう,名詞,Noun,religion,JLPT Intermediate_Japanese JLPT_3 JLPT_2 Intermediate_Japanese_Ln.3
重視,じゅうし,名詞,Noun,"importance, stress",JLPT JLPT_2 JLPT_3
就職,しゅうしょく,名詞,Noun,finding employment,JLPT JLPT_2 JLPT_3
ジュース,ジュース,名詞,Noun,"juice, soft drink; deuce",JLPT Genki_Ln.12 JLPT_3 JLPT_2 Genki
修正,しゅうせい,名詞,Noun,"amendment, correction",JLPT JLPT_2 JLPT_3
重体,じゅうたい,名詞,Noun,"seriously ill, critical state",JLPT JLPT_2 JLPT_3
渋滞,じゅうたい,名詞,Noun,"congestion (e.g., traffic), delay",JLPT JLPT_2 JLPT_3
重大,じゅうだい,形状詞,Adjective,"serious, important",JLPT JLPT_2 JLPT_3
住宅,じゅうたく,名詞,Noun,"resident, housing",JLPT JLPT_2 JLPT_3
集団,しゅうだん,名詞,Noun,"group, mass",JLPT JLPT_2 JLPT_3
集中,しゅうちゅう,名詞,Noun,"concentration, focusing the mind",JLPT JLPT_2 JLPT_3
収入,しゅうにゅう,名詞,Noun,"income, revenue",JLPT Intermediate_Japanese JLPT_3 JLPT_2 Intermediate_Japanese_Ln.14
住民,じゅうみん,名詞,Noun,"inhabitants, residents",JLPT JLPT_2 JLPT_3
重要,じゅうよう,形状詞,Adjective,"important, essential",JLPT JLPT_2 JLPT_3
修理,しゅうり,名詞,Noun,"repairing, mending",JLPT JLPT_2 JLPT_3
主義,しゅぎ,名詞,Noun,"doctrine, cause, principle",JLPT JLPT_2 JLPT_3
宿泊,しゅくはく,名詞,Noun,lodging,JLPT JLPT_2 JLPT_3
手術,しゅじゅつ,名詞,Noun,surgical operation,JLPT JLPT_2 JLPT_3
首相,しゅしょう,名詞,Noun,Prime Minister,JLPT JLPT_2 JLPT_3
手段,しゅだん,名詞,Noun,"means, way, measure",JLPT JLPT_2 JLPT_3
主張,しゅちょう,名詞,Noun,"claim, insistence, assertion",JLPT JLPT_2 JLPT_3
出場,しゅつじょう,名詞,Noun,participation,JLPT JLPT_2 JLPT_3
出身,しゅっしん,名詞,Noun,come from,JLPT JLPT_2 JLPT_3
出版,しゅっぱん,名詞,Noun,publication,JLPT JLPT_2 JLPT_3
首都,しゅと,名詞,Noun,capital city,JLPT JLPT_2 JLPT_3
主婦,しゅふ,名詞,Noun,housewife,JLPT Intermediate_Japanese JLPT_3 JLPT_2 Intermediate_Japanese_Ln.8 Genki_Ln.1 Genki
主要,しゅよう,形状詞,Adjective,"chief, main",JLPT JLPT_2 JLPT_3
需要,じゅよう,名詞,Noun,demand,JLPT JLPT_2 JLPT_3
種類,しゅるい,名詞,Noun,"variety, kind",JLPT JLPT_2 JLPT_3
順,じゅん,名詞,Noun,"order, turn",JLPT JLPT_2 JLPT_3
瞬間,しゅんかん,名詞,Noun,"moment, second",JLPT JLPT_2 JLPT_3
順調,じゅんちょう,形状詞,Adjective,doing well,JLPT JLPT_2 JLPT_3
順番,じゅんばん,名詞,Noun,"turn (in line), order of things",JLPT JLPT_2 JLPT_3
使用,しよう,名詞,Noun,"use (same as 使うこと (つかうこと)), application, employment, utilization",JLPT Intermediate_Japanese JLPT_3 JLPT_2 Intermediate_Japanese_Ln.11
小,しょう,名詞,Noun,small,JLPT JLPT_2 JLPT_3
章,しょう,名詞,Noun,"chapter, section; medal",JLPT JLPT_2 JLPT_3
賞,しょう,名詞,Noun,"prize, award",JLPT JLPT_2 JLPT_3
上,じょう,名詞,Noun,first volume; superior quality; governmental,JLPT JLPT_2 JLPT_3
障害,しょうがい,名詞,Noun,"obstacle, impediment",JLPT JLPT_2 JLPT_3
奨学金,しょうがくきん,名詞,Noun,scholarship,Genki_Ln.16 JLPT JLPT_3 JLPT_2 Genki
乗客,じょうきゃく,名詞,Noun,passenger,JLPT JLPT_2 JLPT_3
上京,じょうきょう,名詞,Noun,proceeding to the capital (Tokyo),JLPT JLPT_2 JLPT_3
状況,じょうきょう,名詞,Noun,"state of affairs, situation",JLPT JLPT_2 JLPT_3
条件,じょうけん,名詞,Noun,"conditions, terms",JLPT JLPT_2 JLPT_3
正午,しょうご,名詞,Noun,"noon, mid-day",JLPT JLPT_2 JLPT_3
正直,しょうじき,副詞,Adverb,"honesty, integrity, frankness",JLPT JLPT_2 JLPT_3
常識,じょうしき,名詞,Noun,common sense,JLPT JLPT_2 JLPT_3
少女,しょうじょ,名詞,Noun,young girl,JLPT JLPT_2 JLPT_3
少々,しょうしょう,名詞,Noun,a little; short (time) (formal for 少し (すこし)),JLPT Intermediate_Japanese JLPT_3 JLPT_2 Intermediate_Japanese_Ln.8 Genki_Ln.20 Genki
症状,しょうじょう,名詞,Noun,"symptoms, condition",JLPT Intermediate_Japanese JLPT_3 JLPT_2 Intermediate_Japanese_Ln.12
生じる,しょうじる,動詞,Verb,"to occur, to arise, to be generated",JLPT JLPT_2 JLPT_3
状態,じょうたい,名詞,Noun,"condition, situation",JLPT JLPT_2 JLPT_3
上達,じょうたつ,名詞,Noun,"improvement, advance",JLPT JLPT_2 JLPT_3
冗談,じょうだん,名詞,Noun,a joke,JLPT Intermediate_Japanese JLPT_3 JLPT_2 Intermediate_Japanese_Ln.10
上等,じょうとう,名詞,Noun,"first class, very good",JLPT JLPT_2 JLPT_3
衝突,しょうとつ,名詞,Noun,"collision, conflict",JLPT JLPT_2 JLPT_3
商人,しょうにん,名詞,Noun,"trader, shopkeeper, merchant",JLPT JLPT_2 JLPT_3
承認,しょうにん,名詞,Noun,"recognition, approval",JLPT JLPT_2 JLPT_3
少年,しょうねん,名詞,Noun,"boys, juveniles",JLPT JLPT_2 JLPT_3
商売,しょうばい,名詞,Noun,"trade, business, commerce",JLPT JLPT_2 JLPT_3
消費,しょうひ,名詞,Noun,"consumption, expenditure",JLPT JLPT_2 JLPT_3
商品,しょうひん,名詞,Noun,"commodity, merchandise",JLPT JLPT_2 JLPT_3
賞品,しょうひん,名詞,Noun,"prize, trophy",JLPT JLPT_2 JLPT_3
消防,しょうぼう,名詞,Noun,"fire fighting, fire department",JLPT JLPT_2 JLPT_3
情報,じょうほう,名詞,Noun,"information, (military) intelligence",JLPT Intermediate_Japanese JLPT_3 JLPT_2 Intermediate_Japanese_Ln.3
証明,しょうめい,名詞,Noun,"proof, verification",JLPT JLPT_2 JLPT_3
省略,しょうりゃく,名詞,Noun,"omission, abbreviation, abridgment",JLPT JLPT_2 JLPT_3
女王,じょおう,名詞,Noun,queen,JLPT JLPT_2 JLPT_3
職,しょく,名詞,Noun,employment,JLPT JLPT_2 JLPT_3
職業,しょくぎょう,名詞,Noun,"occupation, business",JLPT JLPT_2 JLPT_3
食卓,しょくたく,名詞,Noun,dining table,JLPT JLPT_2 JLPT_3
食品,しょくひん,名詞,Noun,foodstuff,JLPT JLPT_2 JLPT_3
植物,しょくぶつ,名詞,Noun,"plant, vegetation",JLPT JLPT_2 JLPT_3
食物,しょくもつ,名詞,Noun,"food, foodstuff",JLPT JLPT_2 JLPT_3
食欲,しょくよく,名詞,Noun,appetite (for food),JLPT Intermediate_Japanese JLPT_3 JLPT_2 Intermediate_Japanese_Ln.12
食料,しょくりょう,名詞,Noun,food,JLPT JLPT_2 JLPT_3
食糧,しょくりょう,名詞,Noun,"provisions, rations",JLPT JLPT_2 JLPT_3
書斎,しょさい,名詞,Noun,"study, den",JLPT JLPT_2 JLPT_3
女子,じょし,名詞,Noun,"woman, girl",JLPT JLPT_2 JLPT_3
助手,じょしゅ,名詞,Noun,"helper, assistant",JLPT JLPT_2 JLPT_3
徐々に,じょじょに,名詞,Noun,"slowly, little by little",JLPT JLPT_2 JLPT_3
署名,しょめい,名詞,Noun,signature,JLPT JLPT_2 JLPT_3
書物,しょもつ,名詞,Noun,books,JLPT JLPT_2 JLPT_3
女優,じょゆう,名詞,Noun,actress,JLPT JLPT_2 JLPT_3
処理,しょり,名詞,Noun,"processing, treatment, disposition",JLPT JLPT_2 JLPT_3
書類,しょるい,名詞,Noun,"documents, official papers",JLPT Intermediate_Japanese JLPT_3 JLPT_2 Intermediate_Japanese_Ln.14 Genki_Ln.22 Genki
知らせ,しらせ,名詞,Noun,notice,JLPT JLPT_2 JLPT_3
尻,しり,名詞,Noun,"buttocks, bottom",JLPT JLPT_2 JLPT_3
知合い,しりあい,名詞,Noun,acquaintance,JLPT JLPT_2 JLPT_3
印,しるし,名詞,Noun,mark; symbol; evidence,JLPT JLPT_2 JLPT_3
城,しろ,名詞,Noun,castle,JLPT JLPT_2 JLPT_3
進学,しんがく,名詞,Noun,going on to university,JLPT JLPT_2 JLPT_3
神経,しんけい,名詞,Noun,"nerve, sensitivity",JLPT JLPT_2 JLPT_3
真剣,しんけん,名詞,Noun,"seriousness, earnestness",JLPT JLPT_2 JLPT_3
信仰,しんこう,名詞,Noun,"(religious) faith, belief",JLPT JLPT_2 JLPT_3
信号,しんごう,名詞,Noun,"traffic lights, signal, semaphore",JLPT JLPT_3 JLPT_2 Genki_Ln.20 Genki
人工,じんこう,名詞,Noun,"artificial, man made, human work,",JLPT JLPT_2 JLPT_3
深刻,しんこく,形状詞,Adjective,serious,JLPT JLPT_2 JLPT_3
診察,しんさつ,名詞,Noun,medical examination (of a patient),JLPT Intermediate_Japanese JLPT_3 JLPT_2 Intermediate_Japanese_Ln.12
人種,じんしゅ,名詞,Noun,race (of people),JLPT JLPT_2 JLPT_3
信じる,しんじる,動詞,Verb,to believe,JLPT JLPT_2 JLPT_3
人生,じんせい,名詞,Noun,"(human) life (e.g., conception to death)",JLPT JLPT_2 JLPT_3
親戚,しんせき,名詞,Noun,relative(s),Genki_Ln.16 JLPT Intermediate_Japanese JLPT_3 JLPT_2 Intermediate_Japanese_Ln.9 Genki
新鮮,しんせん,形状詞,Adjective,fresh,JLPT JLPT_2 JLPT_3
心臓,しんぞう,名詞,Noun,heart,JLPT JLPT_2 JLPT_3
身体,しんたい,名詞,Noun,the body,JLPT JLPT_2 JLPT_3
身長,しんちょう,名詞,Noun,"height (of body), stature",JLPT JLPT_2 JLPT_3
慎重,しんちょう,名詞,Noun,"careful, prudent, cautious",JLPT JLPT_2 JLPT_3
審判,しんぱん,名詞,Noun,"umpire, referee, judgment",JLPT JLPT_2 JLPT_3
人物,じんぶつ,名詞,Noun,"character, personality, talented man",JLPT JLPT_2 JLPT_3
進歩,しんぽ,名詞,Noun,"improvement, progress, development",JLPT Intermediate_Japanese JLPT_3 JLPT_2 Intermediate_Japanese_Ln.13
親友,しんゆう,名詞,Noun,"close friend, buddy",JLPT JLPT_2 JLPT_3
信用,しんよう,名詞,Noun,"confidence, dependence",JLPT JLPT_2 JLPT_3
信頼,しんらい,名詞,Noun,"reliance, trust, confidence",JLPT JLPT_2 JLPT_3
心理,しんり,名詞,Noun,mentality,JLPT JLPT_2 JLPT_3
人類,じんるい,名詞,Noun,"mankind, humanity",JLPT JLPT_2 JLPT_3
巣,す,名詞,Noun,"nest, breeding place",JLPT JLPT_2 JLPT_3
酢,す,名詞,Noun,vinegar,JLPT JLPT_2 JLPT_3
図,ず,名詞,Noun,"figure, drawing, illustration",JLPT JLPT_2 JLPT_3
水準,すいじゅん,名詞,Noun,"level, standard",JLPT JLPT_2 JLPT_3
推薦,すいせん,名詞,Noun,recommendation,JLPT JLPT_2 JLPT_3
スイッチ,スイッチ,名詞,Noun,switch,JLPT Genki_Ln.18 JLPT_3 JLPT_2 Genki
睡眠,すいみん,名詞,Noun,sleep,JLPT JLPT_2 JLPT_3
数,すう,名詞,Noun,"number, figure",JLPT JLPT_2 JLPT_3
数字,すうじ,名詞,Noun,"numeral, figure",JLPT JLPT_2 JLPT_3
スープ,スープ,名詞,Noun,(Western) soup,JLPT JLPT_2 JLPT_3
末,すえ,名詞,Noun,"the end of, powder",JLPT Intermediate_Japanese JLPT_3 JLPT_2 Intermediate_Japanese_Ln.4
姿,すがた,名詞,Noun,"figure, shape, appearance",JLPT JLPT_2 JLPT_3
スキー,スキー,名詞,Noun,ski,JLPT JLPT_3 JLPT_2 Genki_Ln.9 Genki
救う,すくう,動詞,Verb,"to rescue from, to help out of",JLPT JLPT_2 JLPT_3
すくなくとも,すくなくとも,形容詞,Adjective,at least,JLPT JLPT_2 JLPT_3
優れる,すぐれる,動詞,Verb,"to surpass, to outstrip, to excel",JLPT JLPT_2 JLPT_3
スケート,スケート,名詞,Noun,"skate(s), skating",JLPT JLPT_2 JLPT_3
スケジュール,スケジュール,名詞,Noun,schedule,JLPT JLPT_2 JLPT_3
少しも,すこしも,副詞,Adverb,"anything of, not one bit",JLPT JLPT_2 JLPT_3
過ごす,すごす,動詞,Verb,"to pass, to spend (time)",JLPT Intermediate_Japanese JLPT_3 JLPT_2 Intermediate_Japanese_Ln.11
筋,すじ,名詞,Noun,"muscle, string, line",JLPT JLPT_2 JLPT_3
進める,すすめる,動詞,Verb,"to advance, to promote, to hasten",JLPT JLPT_2 JLPT_3
勧める,すすめる,動詞,Verb,"to urge (someone) to do (something), to recommend",JLPT Intermediate_Japanese JLPT_3 JLPT_2 Intermediate_Japanese_Ln.13
スター,スター,名詞,Noun,star,JLPT JLPT_2 JLPT_3
スタイル,スタイル,名詞,Noun,style,JLPT JLPT_2 JLPT_3
スタンド,スタンド,名詞,Noun,stand,JLPT JLPT_2 JLPT_3
頭痛,ずつう,名詞,Noun,headache,JLPT JLPT_2 JLPT_3
ずっと,ずっと,副詞,Adverb,for a long time; all the time; consecutively,JLPT Intermediate_Japanese JLPT_3 JLPT_2 Intermediate_Japanese_Ln.5 Genki_Ln.22 Genki
すっぱい,すっぱい,形容詞,Adjective,"sour, acid",JLPT JLPT_2 JLPT_3
すてき,すてき,形状詞,Adjective,"lovely, great",JLPT JLPT_2 JLPT_3
既に,すでに,副詞,Adverb,already (same as もう),JLPT Intermediate_Japanese JLPT_3 JLPT_2 Intermediate_Japanese_Ln.13
すなわち,すなわち,接続詞,Other,"that is, namely, e.g.",JLPT JLPT_2 JLPT_3
スピーチ,スピーチ,名詞,Noun,speech,JLPT JLPT_3 JLPT_2 Genki Genki_Ln.21
全て,すべて,名詞,Noun,"all, the whole, entirely",JLPT JLPT_2 JLPT_3
済ませる,すませる,動詞,Verb,to be finished,JLPT JLPT_2 JLPT_3
角,すみ,名詞,Noun,corner,JLPT JLPT_2 JLPT_3
墨,すみ,名詞,Noun,ink,JLPT JLPT_2 JLPT_3
すみません (かん),すみません (かん),感動詞,Other,"sorry, excuse me",JLPT JLPT_2 JLPT_3
澄む,すむ,動詞,Verb,"to clear (e.g., weather), to become transparent",JLPT JLPT_2 JLPT_3
清む,すむ,動詞,Verb,"to clear (e.g., weather), to become transparent",JLPT JLPT_2 JLPT_3
刷る,する,動詞,Verb,to print,JLPT JLPT_2 JLPT_3
為る,する,動詞,Verb,"to do, to attempt",JLPT JLPT_2 JLPT_3
鋭い,するどい,形容詞,Adjective,"pointed, sharp",JLPT JLPT_2 JLPT_3
すれ違う,すれちがう,動詞,Verb,to pass by one another,JLPT JLPT_2 JLPT_3
ずれる,ずれる,動詞,Verb,"move, off the point",JLPT JLPT_2 JLPT_3
正,せい,名詞,Noun,"(logical) true, regular",JLPT JLPT_2 JLPT_3
生,せい,名詞,Noun,birth,JLPT JLPT_2 JLPT_3
性,せい,名詞,Noun,"sex, gender",JLPT JLPT_2 JLPT_3
姓,せい,名詞,Noun,"surname, family name",JLPT JLPT_2 JLPT_3
所為,せい,名詞,Noun,"cause, reason, fault",JLPT JLPT_2 JLPT_3
税,ぜい,名詞,Noun,tax,JLPT JLPT_2 JLPT_3
性格,せいかく,名詞,Noun,"character, personality",JLPT Intermediate_Japanese Genki_Ln.19 JLPT_3 JLPT_2 Genki Intermediate_Japanese_Ln.3
正確,せいかく,名詞,Noun,"accurate, punctuality, exact",JLPT JLPT_2 JLPT_3
世紀,せいき,名詞,Noun,century,JLPT JLPT_2 JLPT_3
請求,せいきゅう,名詞,Noun,"claim, demand, request",JLPT JLPT_2 JLPT_3
税金,ぜいきん,名詞,Noun,"tax, duty",Genki_Ln.15 JLPT JLPT_3 JLPT_2 Genki
清潔,せいけつ,名詞,Noun,clean,JLPT JLPT_2 JLPT_3
制限,せいげん,名詞,Noun,"restriction, restraint, limitation",JLPT JLPT_2 JLPT_3
成功,せいこう,名詞,Noun,"success, hit",JLPT Intermediate_Japanese JLPT_3 JLPT_2 Intermediate_Japanese_Ln.12
正式,せいしき,形状詞,Adjective,"official, formal",JLPT JLPT_2 JLPT_3
性質,せいしつ,名詞,Noun,"nature, property, disposition",JLPT JLPT_2 JLPT_3
精神,せいしん,名詞,Noun,"mind, soul, spirit",JLPT JLPT_2 JLPT_3
成人,せいじん,名詞,Noun,adult,JLPT JLPT_2 JLPT_3
精々,せいぜい,副詞,Adverb,"at the most, at best",JLPT JLPT_2 JLPT_3
成績,せいせき,名詞,Noun,"grade (i.e., on a test), academic record",JLPT Genki_Ln.12 Intermediate_Japanese JLPT_3 JLPT_2 Genki Intermediate_Japanese_Ln.3
製造,せいぞう,名詞,Noun,"manufacture, production",JLPT JLPT_2 JLPT_3
贅沢,ぜいたく,名詞,Noun,"luxury, extravagance",JLPT JLPT_2 JLPT_3
成長,せいちょう,名詞,Noun,growth,JLPT JLPT_2 JLPT_3
生長,せいちょう,名詞,Noun,growth,JLPT JLPT_2 JLPT_3
制度,せいど,名詞,Noun,"system, institution",JLPT Intermediate_Japanese JLPT_3 JLPT_2 Intermediate_Japanese_Ln.14
青年,せいねん,名詞,Noun,"youth, young man",JLPT JLPT_2 JLPT_3
生年月日,せいねんがっぴ,名詞,Noun,birth date,JLPT JLPT_2 JLPT_3
製品,せいひん,名詞,Noun,"manufactured goods, finished goods",JLPT JLPT_2 JLPT_3
政府,せいふ,名詞,Noun,"government, administration",JLPT Intermediate_Japanese Genki JLPT_3 JLPT_2 Intermediate_Japanese_Ln.15 Genki_Ln.21
生物,せいぶつ,名詞,Noun,"living thing, organism",JLPT JLPT_2 JLPT_3
生命,せいめい,名詞,Noun,life,JLPT JLPT_2 JLPT_3
整理,せいり,名詞,Noun,"sorting, arrangement",JLPT JLPT_2 JLPT_3
咳,せき,名詞,Noun,cough,JLPT Genki_Ln.12 JLPT_3 JLPT_2 Genki
石炭,せきたん,名詞,Noun,coal,JLPT JLPT_2 JLPT_3
責任,せきにん,名詞,Noun,"duty, responsibility",JLPT JLPT_2 JLPT_3
石油,せきゆ,名詞,Noun,"oil, petroleum, kerosene",JLPT JLPT_2 JLPT_3
世間,せけん,名詞,Noun,"world, society",JLPT JLPT_2 JLPT_3
説,せつ,名詞,Noun,theory,JLPT JLPT_2 JLPT_3
積極的,せっきょくてき,名詞,Noun,"positive, active, proactive",JLPT JLPT_2 JLPT_3
設計,せっけい,名詞,Noun,"plan, design",JLPT JLPT_2 JLPT_3
絶対,ぜったい,名詞,Noun,"definitely, without fail, absoluteness",JLPT Intermediate_Japanese JLPT_3 JLPT_2 Intermediate_Japanese_Ln.7
セット,セット,名詞,Noun,set,JLPT JLPT_2 JLPT_3
愛,あい,名詞,Noun,love,JLPT JLPT_2 JLPT_3
相変わらず,あいかわらず,動詞,Verb,"as ever, as usual",JLPT JLPT_2 JLPT_3
愛情,あいじょう,名詞,Noun,"love, affection",JLPT JLPT_2 JLPT_3
合図,あいず,名詞,Noun,"sign, signal",JLPT JLPT_2 JLPT_3
アイスクリーム,アイスクリーム,名詞,Noun,ice cream,JLPT JLPT_2 JLPT_3
愛する,あいする,動詞,Verb,to love,JLPT JLPT_2 JLPT_3
相手,あいて,名詞,Noun,partner; addressee; the person you are talking to,Genki Genki_Ln.22 Intermediate_Japanese Intermediate_Japanese_Ln.2 JLPT JLPT_2 JLPT_3
あいにく,あいにく,副詞,Adverb,unfortunately,JLPT JLPT_2 JLPT_3
遭う,あう,動詞,Verb,"to meet, to encounter (undesirable nuance)",JLPT JLPT_2 JLPT_3
アウト,アウト,名詞,Noun,out,JLPT JLPT_2 JLPT_3
明かり,あかり,名詞,Noun,"lamplight, light (in general)",JLPT JLPT_2 JLPT_3
空き,あき,動詞,Verb,"vacancy, opening, space",JLPT JLPT_2 JLPT_3
明らか,あきらか,形状詞,Adjective,"obvious, clear",JLPT JLPT_2 JLPT_3
諦める,あきらめる,動詞,Verb,"to give up, to abandon",Genki Genki_Ln.14 Intermediate_Japanese Intermediate_Japanese_Ln.13 JLPT JLPT_2 JLPT_3
飽きる,あきる,動詞,Verb,"to get tired of, to lose interest in",JLPT JLPT_2 JLPT_3
握手,あくしゅ,名詞,Noun,handshake,JLPT JLPT_2 JLPT_3
悪魔,あくま,名詞,Noun,"devil, demon, evil spirit",JLPT JLPT_2 JLPT_3
明ける,あける,動詞,Verb,"to dawn, to become daylight",JLPT JLPT_2 JLPT_3
揚げる,あげる,動詞,Verb,"to lift, to fry",JLPT JLPT_2 JLPT_3
挙げる,あげる,動詞,Verb,"to raise; to list, to cite",JLPT JLPT_2 JLPT_3
預かる,あずかる,動詞,Verb,to keep (something) for (someone),Intermediate_Japanese Intermediate_Japanese_Ln.10 JLPT JLPT_2 JLPT_3
預ける,あずける,動詞,Verb,"to give into custody, to deposit",JLPT JLPT_2 JLPT_3
汗,あせ,名詞,Noun,"sweat, perspiration",JLPT JLPT_2 JLPT_3
与える,あたえる,動詞,Verb,to give,Intermediate_Japanese Intermediate_Japanese_Ln.5 JLPT JLPT_2 JLPT_3
温かい,あたたかい,形容詞,Adjective,warm,JLPT JLPT_2 JLPT_3
暖まる,あたたまる,動詞,Verb,to warm up,JLPT JLPT_2 JLPT_3
温まる,あたたまる,動詞,Verb,"to warm oneself, to get warm",JLPT JLPT_2 JLPT_3
暖める,あたためる,動詞,Verb,"to warm (up to someone/something), to heat (up to someone/something)",JLPT JLPT_2 JLPT_3
温める,あたためる,動詞,Verb,"to warm, to heat",JLPT JLPT_2 JLPT_3
辺り,あたり,名詞,Noun,"vicinity, nearby",Intermediate_Japanese Intermediate_Japanese_Ln.6 JLPT JLPT_2 JLPT_3
当たり前,あたりまえ,形状詞,Adjective,"usual, common, obvious",JLPT JLPT_2 JLPT_3
当たる,あたる,動詞,Verb,"to be hit, to be successful",JLPT JLPT_2 JLPT_3
あちこち,あちこち,代名詞,Noun,here and there,JLPT JLPT_2 JLPT_3
扱う,あつかう,動詞,Verb,"to treat, to handle, to deal with",Intermediate_Japanese Intermediate_Japanese_Ln.14 JLPT JLPT_2 JLPT_3
集まり,あつまり,名詞,Noun,"gathering, meeting, collection",JLPT JLPT_2 JLPT_3
当てる,あてる,動詞,Verb,to hit; to apply to,JLPT JLPT_2 JLPT_3
跡,あと,名詞,Noun,trace; remains; scar,JLPT JLPT_2 JLPT_3
穴,あな,名詞,Noun,hole,JLPT JLPT_2 JLPT_3
油,あぶら,名詞,Noun,oil,JLPT JLPT_2 JLPT_3
脂,あぶら,名詞,Noun,fat,JLPT JLPT_2 JLPT_3
誤り,あやまり,名詞,Noun,error,JLPT JLPT_2 JLPT_3
粗,あら,形容詞,Adjective,"defect, flaw, fault",JLPT JLPT_2 JLPT_3
嵐,あらし,名詞,Noun,storm,JLPT JLPT_2 JLPT_3
争う,あらそう,動詞,Verb,"to dispute, to argue, to fight",JLPT JLPT_2 JLPT_3
新た,あらた,形状詞,Adjective,"new, fresh",JLPT JLPT_2 JLPT_3
あらゆる,あらゆる,連体詞,Other,"all, every",JLPT JLPT_2 JLPT_3
表す,あらわす,動詞,Verb,"to express, to show",JLPT JLPT_2 JLPT_3
現す,あらわす,動詞,Verb,"to show, to appear, to reveal",JLPT JLPT_2 JLPT_3
著す,あらわす,動詞,Verb,"to write, to publish",JLPT JLPT_2 JLPT_3
現れ,あらわれ,名詞,Noun,"expression, indication, sign",JLPT JLPT_2 JLPT_3
現れる,あらわれる,動詞,Verb,"to appear (v.i.), to become visible; to express",JLPT Intermediate_Japanese JLPT_3 JLPT_2 Intermediate_Japanese_Ln.8
ありがとう,ありがとう,感動詞,Other,Thank you,JLPT JLPT_2 JLPT_3
在る; 有る,ある,動詞,Verb,"to live, to be, to exist",JLPT JLPT_2 JLPT_3
或,ある,連体詞,Other,"a certain..., some...",JLPT JLPT_2 JLPT_3
あるいは,あるいは,接続詞,Other,"or, perhaps",JLPT JLPT_2 JLPT_3
アルバム,アルバム,名詞,Noun,album,JLPT JLPT_2 JLPT_3
泡,あわ,名詞,Noun,"bubble, foam",JLPT JLPT_2 JLPT_3
合わせる,あわせる,動詞,Verb,to combine,JLPT Intermediate_Japanese JLPT_3 JLPT_2 Intermediate_Japanese_Ln.14
慌てる,あわてる,動詞,Verb,to become confused、to panic,JLPT JLPT_2 JLPT_3
哀れ,あわれ,名詞,Noun,"helpless, pity, pathetic",JLPT JLPT_2 JLPT_3
案,あん,名詞,Noun,"plan, scheme, proposal",JLPT JLPT_2 JLPT_3
案外,あんがい,副詞,Adverb,unexpectedly,JLPT JLPT_2 JLPT_3
暗記,あんき,名詞,Noun,"memorization, learning by heart",JLPT JLPT_2 JLPT_3
安定,あんてい,名詞,Noun,"stability, equilibrium",JLPT JLPT_2 JLPT_3
あんなに,あんなに,形状詞,Adjective,"to that extent, to that degree",JLPT JLPT_2 JLPT_3
あんまり,あんまり,副詞,Adverb,"not very, not much",JLPT JLPT_2 JLPT_3
胃,い,名詞,Noun,stomach,JLPT Intermediate_Japanese JLPT_3 JLPT_2 Intermediate_Japanese_Ln.12
委員,いいん,名詞,Noun,committee member,JLPT JLPT_2 JLPT_3
意外,いがい,形状詞,Adjective,"unexpected, surprising",JLPT JLPT_2 JLPT_3
行き,いき,動詞,Verb,going,JLPT JLPT_2 JLPT_3
行き,ゆき,動詞,Verb,going,JLPT JLPT_2 JLPT_3
息,いき,名詞,Noun,breath,JLPT JLPT_2 JLPT_3
勢い,いきおい,名詞,Noun,"force, vigor, momentum",JLPT JLPT_2 JLPT_3
生き物,いきもの,名詞,Noun,"living thing, creature",JLPT JLPT_2 JLPT_3
いけない,いけない,動詞,Verb,"must not do, bad, wrong",JLPT JLPT_2 JLPT_3
医師,いし,名詞,Noun,"doctor, physician",JLPT JLPT_2 JLPT_3
意思,いし,名詞,Noun,"intention, purpose",JLPT JLPT_2 JLPT_3
意志,いし,名詞,Noun,"will, volition",JLPT JLPT_2 JLPT_3
維持,いじ,名詞,Noun,"maintenance, preservation",JLPT JLPT_2 JLPT_3
意識,いしき,名詞,Noun,"consciousness, senses",JLPT JLPT_2 JLPT_3
異常,いじょう,名詞,Noun,"strangeness, abnormality, disorder",JLPT JLPT_2 JLPT_3
意地悪,いじわる,形状詞,Adjective,"malicious, mean, unkind",JLPT JLPT_2 JLPT_3
泉,いずみ,名詞,Noun,"spring, fountain",JLPT JLPT_2 JLPT_3
いずれ,いずれ,代名詞,Noun,"where, which, who",JLPT JLPT_2 JLPT_3
以前,いぜん,名詞,Noun,in the past; before,JLPT Intermediate_Japanese JLPT_3 JLPT_2 Intermediate_Japanese_Ln.15
板,いた,名詞,Noun,"board, plank",JLPT JLPT_2 JLPT_3
偉大,いだい,形状詞,Adjective,greatness,JLPT JLPT_2 JLPT_3
抱く,いだく,動詞,Verb,"to hold (v.t.) (written expression), to embrace, to harbor",JLPT Intermediate_Japanese JLPT_3 JLPT_2 Intermediate_Japanese_Ln.8
いたずら,いたずら,名詞,Noun,"trick, practical joke",JLPT JLPT_2 JLPT_3
いただきます,いただきます,動詞,Verb,expression of gratitude before meals,JLPT JLPT_2 JLPT_3
痛み,いたみ,名詞,Noun,"pain, ache, sore",JLPT JLPT_2 JLPT_3
至る,いたる,動詞,Verb,"to come, to arrive",JLPT JLPT_2 JLPT_3
市,いち,名詞,Noun,"market, fair",JLPT_1 JLPT JLPT_2 JLPT_3
位置,いち,名詞,Noun,"place, position",JLPT JLPT_2 JLPT_3
一時,いちじ,名詞,Noun,"for a time, temporarily",JLPT JLPT_2 JLPT_3
一度に,いちどに,副詞,Adverb,all at once,JLPT JLPT_2 JLPT_3
市場,いちば,名詞,Noun,"market, bazaar",JLPT JLPT_2 JLPT_3
いつか,いつか,代名詞,Noun,"sometime, one day",JLPT JLPT_2 JLPT_3
一家,いっか,名詞,Noun,"family, clan",JLPT JLPT_2 JLPT_3
一種,いっしゅ,名詞,Noun,"a species, a kind, a variety",JLPT JLPT_2 JLPT_3
一瞬,いっしゅん,名詞,Noun,"a moment, an instant",JLPT JLPT_2 JLPT_3
一生,いっしょう,名詞,Noun,throughout (one's) life,JLPT Intermediate_Japanese JLPT_3 JLPT_2 Intermediate_Japanese_Ln.8
一層,いっそう,副詞,Adverb,"much more, still more",JLPT JLPT_2 JLPT_3
一体,いったい,名詞,Noun,one object; body; what on earth?; generally,JLPT JLPT_2 JLPT_3
一致,いっち,名詞,Noun,agreement; conformity,JLPT JLPT_2 JLPT_3
いつでも,いつでも,代名詞,Noun,"(at) any time, always",JLPT JLPT_2 JLPT_3
いつのまにか,いつのまにか,副詞,Adverb,before one knows,JLPT JLPT_2 JLPT_3
一般,いっぱん,名詞,Noun,"general, average",JLPT JLPT_2 JLPT_3
一方,いっぽう,接続詞,Other,on the other hand; meanwhile,JLPT JLPT_2 JLPT_3
いつまでも,いつまでも,代名詞,Noun,"forever, for good, eternally",JLPT JLPT_2 JLPT_3
移動,いどう,名詞,Noun,"migration, movement",JLPT JLPT_2 JLPT_3
従兄弟,いとこ,名詞,Noun,cousin (male),JLPT JLPT_2 JLPT_3
従姉妹,いとこ,名詞,Noun,cousin (female),JLPT JLPT_2 JLPT_3
稲,いね,名詞,Noun,rice-plant,JLPT JLPT_2 JLPT_3
居眠り,いねむり,名詞,Noun,"dozing, nodding off",JLPT JLPT_2 JLPT_3
命,いのち,名詞,Noun,life,JLPT JLPT_2 JLPT_3
違反,いはん,名詞,Noun,"violation (of law), infringement",JLPT JLPT_2 JLPT_3
衣服,いふく,名詞,Noun,clothes,JLPT JLPT_2 JLPT_3
居間,いま,名詞,Noun,living room,JLPT JLPT_2 JLPT_3
今に,いまに,名詞,Noun,"before long, soon",JLPT JLPT_2 JLPT_3
今にも,いまにも,名詞,Noun,"at any time, soon",JLPT JLPT_2 JLPT_3
イメージ,イメージ,名詞,Noun,one's image,JLPT JLPT_2 JLPT_3
否,いや,感動詞,Other,"no, the noes",JLPT JLPT_2 JLPT_3
以来,いらい,名詞,Noun,"since, henceforth",JLPT JLPT_2 JLPT_3
依頼,いらい,名詞,Noun,request; dependence,JLPT Intermediate_Japanese JLPT_3 JLPT_2 Intermediate_Japanese_Ln.15
いらいら,いらいら,名詞,Noun,"getting nervous, irritation",JLPT JLPT_2 JLPT_3
いらっしゃい,いらっしゃい,動詞,Verb,welcome,JLPT JLPT_2 JLPT_3
医療,いりょう,名詞,Noun,"medical care, medical treatment",JLPT JLPT_2 JLPT_3
岩,いわ,名詞,Noun,rock,JLPT JLPT_2 JLPT_3
祝い,いわい,名詞,Noun,"celebration, festival",JLPT JLPT_2 JLPT_3
祝う,いわう,動詞,Verb,"to congratulate, to celebrate",JLPT JLPT_2 JLPT_3
言わば,いわば,副詞,Adverb,so to speak,JLPT JLPT_2 JLPT_3
いわゆる,いわゆる,連体詞,Other,"the so-called, so-to-speak",JLPT Intermediate_Japanese JLPT_3 JLPT_2 Intermediate_Japanese_Ln.14
インク,インク,名詞,Noun,ink,JLPT JLPT_2 JLPT_3
印刷,いんさつ,名詞,Noun,printing,JLPT JLPT_2 JLPT_3
印象,いんしょう,名詞,Noun,impression,JLPT JLPT_2 JLPT_3
引退,いんたい,名詞,Noun,retirement,JLPT JLPT_2 JLPT_3
インタビュー,インタビュー,名詞,Noun,interview,JLPT Intermediate_Japanese JLPT_3 JLPT_2 Intermediate_Japanese_Ln.15
引用,いんよう,名詞,Noun,"quotation, citation",JLPT JLPT_2 JLPT_3
ウイスキー,ウイスキー,名詞,Noun,whiskey,JLPT JLPT_2 JLPT_3
上,うわ,名詞,Noun,"upper, outer, surface",JLPT JLPT_2 JLPT_3
魚,うお,名詞,Noun,fish,JLPT JLPT_2 JLPT_3
うがい,うがい,名詞,Noun,gargling,JLPT Intermediate_Japanese JLPT_3 JLPT_2 Intermediate_Japanese_Ln.12
受け取る,うけとる,動詞,Verb,"to receive, to get, to accept",JLPT JLPT_2 JLPT_3
動かす,うごかす,動詞,Verb,"to move, to shift",JLPT JLPT_2 JLPT_3
兎,うさぎ,名詞,Noun,"rabbit, hare",JLPT JLPT_2 JLPT_3
牛,うし,名詞,Noun,"cattle, cow",JLPT Intermediate_Japanese JLPT_3 JLPT_2 Intermediate_Japanese_Ln.10
失う,うしなう,動詞,Verb,"to lose, to part with",JLPT Intermediate_Japanese JLPT_3 JLPT_2 Intermediate_Japanese_Ln.14
疑う,うたがう,動詞,Verb,"to doubt, to distrust",JLPT JLPT_2 JLPT_3
宇宙,うちゅう,名詞,Noun,"universe, cosmos, space",JLPT JLPT_2 JLPT_3
討つ,うつ,動詞,Verb,"to attack, to avenge",JLPT JLPT_2 JLPT_3
撃つ,うつ,動詞,Verb,"to attack, to shoot",JLPT JLPT_2 JLPT_3
うっかり,うっかり,名詞,Noun,carelessly; inadvertently,JLPT Intermediate_Japanese JLPT_3 JLPT_2 Intermediate_Japanese_Ln.15
映す,うつす,動詞,Verb,"to project, to reflect, to cast (shadow)",JLPT JLPT_2 JLPT_3
訴える,うったえる,動詞,Verb,"to complain, to appeal, to sue (a person)",JLPT Intermediate_Japanese JLPT_3 JLPT_2 Intermediate_Japanese_Ln.12
写る,うつる,動詞,Verb,"to be photographed, to be projected",JLPT JLPT_2 JLPT_3
映る,うつる,動詞,Verb,"to be reflected, to come out (photo)",JLPT JLPT_2 JLPT_3
うなる,うなる,動詞,Verb,"to groan, to moan",JLPT JLPT_2 JLPT_3
奪う,うばう,動詞,Verb,"to rob, to deprive",JLPT JLPT_2 JLPT_3
馬,うま,名詞,Noun,horse; promoted bishop (in Japanese chess known as shogi),JLPT Intermediate_Japanese JLPT_3 JLPT_2 Intermediate_Japanese_Ln.10
生まれ,うまれ,名詞,Noun,"birth, birth-place",JLPT JLPT_2 JLPT_3
有無,うむ,名詞,Noun,"yes or no, presence or absence",JLPT JLPT_2 JLPT_3
梅,うめ,名詞,Noun,"plum, lowest (of a three-tier ranking system)",JLPT JLPT_2 JLPT_3
埋める,うめる,動詞,Verb,"to bury, to fill up, to fill (a seat, a vacant position)",JLPT JLPT_2 JLPT_3
裏切る,うらぎる,動詞,Verb,"to betray, to turn traitor",JLPT JLPT_2 JLPT_3
羨ましい,うらやましい,形容詞,Adjective,"envious, enviable",JLPT JLPT_2 JLPT_3
売れる,うれる,動詞,Verb,to be sold,JLPT JLPT_2 JLPT_3
噂,うわさ,名詞,Noun,"rumor, gossip",JLPT JLPT_2 JLPT_3
運,うん,名詞,Noun,"fortune, luck",JLPT JLPT_2 JLPT_3
運転,うんてん,名詞,Noun,"operation, driving",JLPT JLPT_2 JLPT_3
柄,え,名詞,Noun,"handle (of a sword, dagger, etc.), grip",JLPT_1 JLPT JLPT_2 JLPT_3
永遠,えいえん,名詞,Noun,"eternity, perpetuity, immortality",JLPT JLPT_2 JLPT_3
永久,えいきゅう,名詞,Noun,"eternity, perpetuity, immortality",JLPT JLPT_2 JLPT_3
影響,えいきょう,名詞,Noun,"influence, effect",JLPT Intermediate_Japanese JLPT_3 JLPT_2 Intermediate_Japanese_Ln.9
営業,えいぎょう,名詞,Noun,"business, trade, management",JLPT JLPT_2 JLPT_3
衛星,えいせい,名詞,Noun,satellite,JLPT_1 JLPT JLPT_2 JLPT_3
栄養,えいよう,名詞,Noun,"nutrition, nourishment",JLPT JLPT_2 JLPT_3
笑顔,えがお,名詞,Noun,smile (on one's face),JLPT Intermediate_Japanese JLPT_3 JLPT_2 Intermediate_Japanese_Ln.11
描く,えがく,動詞,Verb,"to draw, to depict, to describe",JLPT JLPT_2 JLPT_3
餌,えさ,名詞,Noun,"feed, bait",JLPT JLPT_2 JLPT_3
エネルギー,エネルギー,名詞,Noun,energy (GER: energie),JLPT JLPT_2 JLPT_3
得る,える,動詞,Verb,"to get, to gain, to win, to learn",JLPT Intermediate_Japanese JLPT_3 JLPT_2 Intermediate_Japanese_Ln.11
得る,うる,動詞,Verb,"to get, to gain, to win",JLPT JLPT_2 JLPT_3
円,えん,名詞,Noun,"circle, yen",JLPT JLPT_2 JLPT_3
延期,えんき,名詞,Noun,"postponement, adjournment",JLPT JLPT_2 JLPT_3
演技,えんぎ,名詞,Noun,"acting, performance",JLPT JLPT_2 JLPT_3
援助,えんじょ,名詞,Noun,"assistance, aid, support",JLPT JLPT_2 JLPT_3
エンジン,エンジン,名詞,Noun,engine,JLPT JLPT_2 JLPT_3
演説,えんぜつ,名詞,Noun,"speech, address",JLPT JLPT_2 JLPT_3
演奏,えんそう,名詞,Noun,musical performance,JLPT JLPT_2 JLPT_3
老い,おい,名詞,Noun,"old age, the aged",JLPT JLPT_2 JLPT_3
追い付く,おいつく,動詞,Verb,"to overtake, to catch up (with)",JLPT JLPT_2 JLPT_3
王,おう,名詞,Noun,king,JLPT JLPT_2 JLPT_3
追う,おう,動詞,Verb,"to chase, to run after",JLPT JLPT_2 JLPT_3
応援,おうえん,名詞,Noun,"aid, assistance, help",JLPT JLPT_2 JLPT_3
王様,おうさま,名詞,Noun,king,JLPT JLPT_2 JLPT_3
王子,おうじ,名詞,Noun,prince,JLPT JLPT_2 JLPT_3
応じる,おうじる,動詞,Verb,"to adapt, to respond, to comply with",JLPT Intermediate_Japanese JLPT_3 JLPT_2 Intermediate_Japanese_Ln.14
横断,おうだん,名詞,Noun,crossing,JLPT JLPT_2 JLPT_3
終える,おえる,動詞,Verb,to finish,JLPT JLPT_2 JLPT_3
大いに,おおいに,副詞,Adverb,"much, considerably (same as 大変 (たいへん)), greatly",JLPT Intermediate_Japanese JLPT_3 JLPT_2 Intermediate_Japanese_Ln.13
覆う,おおう,動詞,Verb,"to cover, to hide, to conceal",JLPT JLPT_2 JLPT_3
大家,おおや,名詞,Noun,landlord,JLPT JLPT_2 JLPT_3
丘,おか,名詞,Noun,"hill, height",JLPT JLPT_2 JLPT_3
沖,おき,名詞,Noun,open sea,JLPT JLPT_2 JLPT_3
奥,おく,名詞,Noun,"interior, inner part",JLPT JLPT_2 JLPT_3
贈る,おくる,動詞,Verb,"to present, to give to, to award to",JLPT JLPT_2 JLPT_3
起こる,おこる,動詞,Verb,"to occur, to happen",JLPT JLPT_2 JLPT_3
押える,おさえる,動詞,Verb,"to stop, to restrain, to press down",JLPT JLPT_2 JLPT_3
幼い,おさない,形容詞,Adjective,"very young, childish",JLPT JLPT_2 JLPT_3
収める,おさめる,動詞,Verb,"to store to pay, to supply",JLPT JLPT_2 JLPT_3
納める,おさめる,動詞,Verb,"to store to pay, to supply",JLPT JLPT_2 JLPT_3
治める,おさめる,動詞,Verb,"to govern, to manage; to subdue",JLPT JLPT_2 JLPT_3
お辞儀,おじぎ,名詞,Noun,bow,JLPT JLPT_2 JLPT_3
お洒落,おしゃれ,名詞,Noun,"smartly dressed, fashion-conscious",JLPT JLPT_2 JLPT_3
お喋り,おしゃべり,名詞,Noun,"chattering, talk",JLPT JLPT_2 JLPT_3
汚染,おせん,名詞,Noun,"pollution, contamination",JLPT JLPT_2 JLPT_3
恐らく,おそらく,副詞,Adverb,perhaps,JLPT JLPT_2 JLPT_3
恐れる,おそれる,動詞,Verb,"to fear, to be afraid of",JLPT JLPT_2 JLPT_3
恐ろしい,おそろしい,形容詞,Adjective,"terrible, dreadful",JLPT JLPT_2 JLPT_3
教わる,おそわる,動詞,Verb,to be taught,JLPT JLPT_2 JLPT_3
お互い,おたがい,名詞,Noun,"mutual, reciprocal, each other",JLPT Intermediate_Japanese JLPT_3 JLPT_2 Intermediate_Japanese_Ln.1
穏やか,おだやか,形状詞,Adjective,"calm, gentle, quiet",JLPT JLPT_2 JLPT_3
男の人,おとこのひと,名詞,Noun,man,JLPT JLPT_3 JLPT_2 Genki_Ln.7 Genki
大人しい,おとなしい,形容詞,Adjective,"obedient, docile, quiet",JLPT JLPT_2 JLPT_3
劣る,おとる,動詞,Verb,"to fall behind, to be inferior to",JLPT JLPT_2 JLPT_3
鬼,おに,名詞,Noun,"ogre, demon, 'it' (e.g.,in a game of tag)",JLPT JLPT_2 JLPT_3
帯,おび,名詞,Noun,"band, sash",JLPT JLPT_2 JLPT_3
お昼,おひる,名詞,Noun,"lunch, noon",JLPT JLPT_2 JLPT_3
オフィス,オフィス,名詞,Noun,office,JLPT JLPT_2 JLPT_3
溺れる,おぼれる,動詞,Verb,"to be drowned, to indulge in",JLPT JLPT_2 JLPT_3
お前,おまえ,代名詞,Noun,"you (sing), presence (of a high personage)",JLPT JLPT_2 JLPT_3
おめでとう,おめでとう,形容詞,Adjective,"Congratulations!, an auspicious occasion!",JLPT JLPT_2 JLPT_3
お目に掛かる,おめにかかる,動詞,Verb,"meet ~, see ~",JLPT JLPT_2 JLPT_3
思い付く,おもいつく,動詞,Verb,"to think of, to hit upon",JLPT JLPT_2 JLPT_3
思い出,おもいで,名詞,Noun,"memories, recollections, reminiscence",JLPT JLPT_3 JLPT_2 Genki_Ln.23 Genki
主に,おもに,副詞,Adverb,"mainly, primarily",JLPT JLPT_2 JLPT_3
思わず,おもわず,動詞,Verb,"unintentional, spontaneous",JLPT JLPT_2 JLPT_3
泳ぎ,およぎ,動詞,Verb,swimming,JLPT JLPT_2 JLPT_3
およそ,およそ,副詞,Adverb,"about, roughly, approximately",JLPT JLPT_2 JLPT_3
及ぼす,およぼす,動詞,Verb,"to exert, to cause, to exercise",JLPT JLPT_2 JLPT_3
下す,おろす,動詞,Verb,"to lower, to let go down",JLPT JLPT_2 JLPT_3
降ろす,おろす,動詞,Verb,"to take down, to launch, to drop",JLPT JLPT_2 JLPT_3
卸す,おろす,動詞,Verb,"to sell wholesale, grated (vegetables)",JLPT JLPT_2 JLPT_3
音,おん,名詞,Noun,"sound, note",JLPT JLPT_2 JLPT_3
恩,おん,名詞,Noun,"favor, obligation, debt of gratitude",JLPT JLPT_2 JLPT_3
温暖,おんだん,形状詞,Adjective,warmth,JLPT JLPT_2 JLPT_3
温度,おんど,名詞,Noun,temperature,JLPT JLPT_2 JLPT_3
可,か,名詞,Noun,passable,JLPT JLPT_2 JLPT_3
蚊,か,名詞,Noun,mosquito,JLPT JLPT_3 JLPT_2 Genki Genki_Ln.21
課,か,名詞,Noun,"department, division",JLPT JLPT_2 JLPT_3
カー,カー,名詞,Noun,car,JLPT JLPT_2 JLPT_3
カード,カード,名詞,Noun,"card, curd",JLPT JLPT_2 JLPT_3
貝,かい,名詞,Noun,"shell, shellfish",JLPT JLPT_2 JLPT_3
害,がい,名詞,Noun,"harm, damage",JLPT JLPT_2 JLPT_3
会員,かいいん,名詞,Noun,"member, the membership",JLPT JLPT_2 JLPT_3
絵画,かいが,名詞,Noun,"picture, painting",JLPT JLPT_2 JLPT_3
海外,かいがい,名詞,Noun,"foreign, abroad, overseas",JLPT JLPT_2 JLPT_3
会計,かいけい,名詞,Noun,"account, finance",JLPT JLPT_2 JLPT_3
解決,かいけつ,名詞,Noun,"settlement, solution, resolution",JLPT JLPT_2 JLPT_3
会合,かいごう,名詞,Noun,"meeting, assembly",JLPT JLPT_2 JLPT_3
外交,がいこう,名詞,Noun,diplomacy,JLPT JLPT_2 JLPT_3
開始,かいし,名詞,Noun,"start, commencement, beginning",JLPT JLPT_2 JLPT_3
解釈,かいしゃく,名詞,Noun,"explanation, interpretation",JLPT JLPT_2 JLPT_3
外出,がいしゅつ,名詞,Noun,"outing, going out",JLPT JLPT_2 JLPT_3
改善,かいぜん,名詞,Noun,"betterment, improvement",JLPT JLPT_2 JLPT_3
快適,かいてき,名詞,Noun,"pleasant, agreeable",JLPT JLPT_2 JLPT_3
回復,かいふく,名詞,Noun,"recovery (from illness), rehabilitation, restoration",JLPT JLPT_2 JLPT_3
飼う,かう,動詞,Verb,to keep; to own (a pet); to raise; to feed,JLPT Genki_Ln.11 JLPT_3 JLPT_2 Genki
帰す,かえす,動詞,Verb,to send back,JLPT JLPT_2 JLPT_3
代える,かえる,動詞,Verb,"to exchange, to interchange, to substitute",JLPT JLPT_2 JLPT_3
替える,かえる,動詞,Verb,"to exchange, to interchange, to substitute",JLPT JLPT_2 JLPT_3
換える,かえる,動詞,Verb,"to exchange, to interchange, to substitute",JLPT JLPT_3 JLPT_2 Genki_Ln.23 Genki
反る,かえる,動詞,Verb,"to warp, to be warped, to curve",JLPT JLPT_2 JLPT_3
香り,かおり,名詞,Noun,"aroma, fragrance",JLPT JLPT_2 JLPT_3
画家,がか,名詞,Noun,painter,JLPT JLPT_2 JLPT_3
抱える,かかえる,動詞,Verb,to hold or carry under or in the arms,JLPT JLPT_2 JLPT_3
価格,かかく,名詞,Noun,"price, value",JLPT JLPT_2 JLPT_3
化学,かがく,名詞,Noun,chemistry,JLPT JLPT_2 JLPT_3
輝く,かがやく,動詞,Verb,"to shine, to glitter, to sparkle",JLPT JLPT_2 JLPT_3
係,かかり,名詞,Noun,person in charge,JLPT JLPT_2 JLPT_3
罹る,かかる,動詞,Verb,to suffer from,JLPT JLPT_2 JLPT_3
限る,かぎる,動詞,Verb,"to restrict, to limit, to confine",JLPT JLPT_2 JLPT_3
掻く,かく,動詞,Verb,to scratch,JLPT JLPT_2 JLPT_3
描く,かく,動詞,Verb,"to draw, to depict, to describe",JLPT JLPT_2 JLPT_3
嗅ぐ,かぐ,動詞,Verb,"to sniff, to smell",JLPT JLPT_2 JLPT_3
家具,かぐ,名詞,Noun,furniture,Genki_Ln.15 JLPT JLPT_3 JLPT_2 Genki
学,がく,名詞,Noun,"learning, knowledge",JLPT JLPT_2 JLPT_3
額,がく,名詞,Noun,amount; frame,JLPT JLPT_2 JLPT_3
覚悟,かくご,名詞,Noun,"resolution, resignation, readiness",JLPT JLPT_2 JLPT_3
確実,かくじつ,形状詞,Adjective,"certainty, reliability, soundness",JLPT JLPT_2 JLPT_3
学者,がくしゃ,名詞,Noun,scholar,JLPT JLPT_2 JLPT_3
学習,がくしゅう,名詞,Noun,"study, learning",JLPT JLPT_2 JLPT_3
隠す,かくす,動詞,Verb,"to hide, to conceal",JLPT JLPT_2 JLPT_3
拡大,かくだい,名詞,Noun,"magnification, enlargement",JLPT JLPT_2 JLPT_3
確認,かくにん,名詞,Noun,"affirmation, confirmation",JLPT JLPT_2 JLPT_3
学問,がくもん,名詞,Noun,"scholarship, study, learning",JLPT JLPT_2 JLPT_3
隠れる,かくれる,動詞,Verb,"to hide, to be hidden",JLPT JLPT_2 JLPT_3
影,かげ,名詞,Noun,"shade, shadow, other side",JLPT JLPT_2 JLPT_3
陰,かげ,名詞,Noun,"shade, shadow, other side",JLPT JLPT_2 JLPT_3
欠ける,かける,動詞,Verb,to be lacking,JLPT JLPT_2 JLPT_3
加減,かげん,名詞,Noun,adjustment; addition and subtraction,JLPT JLPT_2 JLPT_3
過去,かこ,名詞,Noun,past,JLPT Intermediate_Japanese JLPT_3 JLPT_2 Intermediate_Japanese_Ln.13
籠,かご,名詞,Noun,"basket, cage",JLPT JLPT_2 JLPT_3
囲む,かこむ,動詞,Verb,"to surround, to encircle",JLPT JLPT_2 JLPT_3
火災,かさい,名詞,Noun,"conflagration, fire",JLPT JLPT_2 JLPT_3
重なる,かさなる,動詞,Verb,"to be piled up, lie on top of one another",JLPT JLPT_2 JLPT_3
重ねる,かさねる,動詞,Verb,"to pile up, to put something on another, to heap up",JLPT JLPT_2 JLPT_3
飾り,かざり,名詞,Noun,decoration,JLPT JLPT_2 JLPT_3
貸し,かし,名詞,Noun,"loan, lending",JLPT JLPT_2 JLPT_3
菓子,かし,名詞,Noun,"confectionery, sweet",JLPT JLPT_2 JLPT_3
家事,かじ,名詞,Noun,household matters; housework (same as 家の仕事 (いえのしごと)),JLPT Intermediate_Japanese JLPT_3 JLPT_2 Intermediate_Japanese_Ln.14 Genki_Ln.22 Genki
賢い,かしこい,形容詞,Adjective,"wise, clever, smart",JLPT JLPT_2 JLPT_3
歌手,かしゅ,名詞,Noun,singer,JLPT Genki_Ln.11 JLPT_3 JLPT_2 Genki
数,かず,名詞,Noun,"number, figure, amount",JLPT Intermediate_Japanese JLPT_3 JLPT_2 Intermediate_Japanese_Ln.3
稼ぐ,かせぐ,動詞,Verb,"to earn income, to labor",JLPT JLPT_2 JLPT_3
数える,かぞえる,動詞,Verb,to count,JLPT JLPT_2 JLPT_3
型,かた,名詞,Noun,"mold, model, style",JLPT JLPT_2 JLPT_3
肩,かた,名詞,Noun,shoulder,JLPT JLPT_2 JLPT_3
堅い,かたい,形容詞,Adjective,"hard, firm, solid",JLPT JLPT_2 JLPT_3
硬い,かたい,形容詞,Adjective,"hard, firm, solid",JLPT JLPT_2 JLPT_3
方々,かたがた,名詞,Noun,persons,JLPT JLPT_2 JLPT_3
片付く,かたづく,動詞,Verb,"to put in order, to solve",JLPT JLPT_2 JLPT_3
刀,かたな,名詞,Noun,"sword, saber",JLPT JLPT_2 JLPT_3
語る,かたる,動詞,Verb,"to talk, to tell, to recite",JLPT JLPT_2 JLPT_3
勝ち,かち,名詞,Noun,"win, victory",JLPT JLPT_2 JLPT_3
価値,かち,名詞,Noun,"value, worth, merit",JLPT JLPT_2 JLPT_3
がっかり,がっかり,副詞,Adverb,"feel disappointed, be dejected, lose heart",JLPT JLPT_2 JLPT_3
活気,かっき,名詞,Noun,vigor; liveliness; vitality; energy,JLPT Intermediate_Japanese JLPT_1 JLPT_3 JLPT_2 Intermediate_Japanese_Ln.10
楽器,がっき,名詞,Noun,musical instrument,JLPT Genki_Ln.13 JLPT_3 JLPT_2 Genki
学期,がっき,名詞,Noun,term (school),JLPT JLPT_2 JLPT_3
活動,かつどう,名詞,Noun,"action, activity",JLPT JLPT_2 JLPT_3
活躍,かつやく,名詞,Noun,activity,JLPT JLPT_2 JLPT_3
活用,かつよう,名詞,Noun,conjugation; practical use,JLPT JLPT_2 JLPT_3
仮定,かてい,名詞,Noun,"assumption, supposition, hypothesis",JLPT JLPT_2 JLPT_3
過程,かてい,名詞,Noun,process,JLPT JLPT_2 JLPT_3
課程,かてい,名詞,Noun,"course, curriculum",JLPT JLPT_2 JLPT_3
悲しむ,かなしむ,動詞,Verb,"to be sad, to mourn for, to regret",JLPT JLPT_2 JLPT_3
必ずしも,かならずしも,副詞,Adverb,"(not) always, (not) necessarily",JLPT JLPT_2 JLPT_3
かなり,かなり,副詞,Adverb,"considerably, fairly, quite",JLPT Intermediate_Japanese JLPT_3 JLPT_2 Intermediate_Japanese_Ln.7
金,かね,名詞,Noun,"gold, metal; money",JLPT JLPT_2 JLPT_3
鐘,かね,名詞,Noun,"bell, chime",JLPT JLPT_2 JLPT_3
可能,かのう,形状詞,Adjective,"possible, practicable, feasible",JLPT JLPT_2 JLPT_3
株,かぶ,名詞,Noun,stock; stump (of tree),JLPT JLPT_2 JLPT_3
被る,かぶる,動詞,Verb,to wear; to be covered with,JLPT JLPT_2 JLPT_3
我慢,がまん,名詞,Noun,"patience, endurance, perseverance",JLPT JLPT_2 JLPT_3
上,かみ,名詞,Noun,first volume; superior quality; governmental,JLPT JLPT_2 JLPT_3
神,かみ,名詞,Noun,god,JLPT JLPT_2 JLPT_3
雷,かみなり,名詞,Noun,thunder,JLPT JLPT_2 JLPT_3
髪の毛,かみのけ,名詞,Noun,hair (head),JLPT JLPT_2 JLPT_3
科目,かもく,名詞,Noun,"(school) subject, curriculum, course",JLPT JLPT_2 JLPT_3
かもしれない,かもしれない,助動詞,Other,"maybe, perhaps",JLPT JLPT_2 JLPT_3
かゆい,かゆい,形容詞,Adjective,"itchy, itching",JLPT JLPT_2 JLPT_3
歌謡,かよう,名詞,Noun,"song, ballad",JLPT JLPT_2 JLPT_3
空,から,名詞,Noun,empty,JLPT JLPT_2 JLPT_3
殻,から,名詞,Noun,"shell, husk, hull",JLPT JLPT_2 JLPT_3
柄,がら,名詞,Noun,pattern; build; character,JLPT JLPT_2 JLPT_3
刈る,かる,動詞,Verb,"to cut (hair), to mow (grass), to harvest",JLPT JLPT_2 JLPT_3
河,かわ,名詞,Noun,"river, stream",JLPT JLPT_2 JLPT_3
皮,かわ,名詞,Noun,"skin, hide, leather",JLPT JLPT_2 JLPT_3
革,かわ,名詞,Noun,leather,JLPT JLPT_2 JLPT_3
可愛そう,かわいそう,形状詞,Adjective,"poor, pitiable, pathetic",JLPT JLPT_2 JLPT_3
可愛らしい,かわいらしい,形容詞,Adjective,"lovely, sweet",JLPT JLPT_2 JLPT_3
乾かす,かわかす,動詞,Verb,to dry,JLPT JLPT_2 JLPT_3
渇く,かわく,動詞,Verb,to be thirsty,JLPT JLPT_2 JLPT_3
代る,かわる,動詞,Verb,"to take the place of, to relieve, to be substituted for",JLPT JLPT_2 JLPT_3
缶,かん,名詞,Noun,"can, tin",JLPT_1 JLPT JLPT_2 JLPT_3
勘,かん,名詞,Noun,"perception, intuition, the sixth sense",JLPT JLPT_2 JLPT_3
考え,かんがえ,名詞,Noun,"thinking, thought, ideas",JLPT JLPT_2 JLPT_3
感覚,かんかく,名詞,Noun,"sense, sensation",JLPT JLPT_2 JLPT_3
間隔,かんかく,名詞,Noun,"space, interval, SPC",JLPT JLPT_2 JLPT_3
観客,かんきゃく,名詞,Noun,"audience, spectator(s)",JLPT Intermediate_Japanese JLPT_3 JLPT_2 Intermediate_Japanese_Ln.7
環境,かんきょう,名詞,Noun,"environment, circumstance",JLPT JLPT_3 JLPT_2 Genki Genki_Ln.21
歓迎,かんげい,名詞,Noun,"welcome, reception",JLPT Intermediate_Japanese JLPT_3 JLPT_2 Intermediate_Japanese_Ln.5
観光,かんこう,名詞,Noun,sightseeing,Genki_Ln.15 JLPT JLPT_3 JLPT_2 Genki
観察,かんさつ,名詞,Noun,"observation, survey",JLPT JLPT_2 JLPT_3
感じ,かんじ,名詞,Noun,"feeling, sense, impression",JLPT JLPT_2 JLPT_3
感謝,かんしゃ,名詞,Noun,"thanks, gratitude",JLPT JLPT_2 JLPT_3
患者,かんじゃ,名詞,Noun,patient,JLPT Intermediate_Japanese JLPT_3 JLPT_2 Intermediate_Japanese_Ln.12
勘定,かんじょう,名詞,Noun,"calculation, counting, consideration",JLPT JLPT_2 JLPT_3
感情,かんじょう,名詞,Noun,"emotion(s), feeling(s), sentiment",JLPT JLPT_2 JLPT_3
感じる,かんじる,動詞,Verb,"to feel, to sense",JLPT JLPT_2 JLPT_3
感心,かんしん,名詞,Noun,admiration,JLPT JLPT_2 JLPT_3
関心,かんしん,名詞,Noun,"concern, interest",JLPT JLPT_2 JLPT_3
関する,かんする,動詞,Verb,"to concern, to be related",JLPT JLPT_2 JLPT_3
完成,かんせい,名詞,Noun,"complete, completion; perfection",JLPT JLPT_2 JLPT_3
完全,かんぜん,形状詞,Adjective,"perfection, completeness",JLPT JLPT_2 JLPT_3
乾燥,かんそう,名詞,Noun,"dry, arid, dehydrated",JLPT JLPT_2 JLPT_3
感想,かんそう,名詞,Noun,"(one's) impressions, (one's) thoughts",JLPT Intermediate_Japanese JLPT_3 JLPT_2 Intermediate_Japanese_Ln.11
感動,かんどう,名詞,Noun,"being deeply moved, excitement",JLPT JLPT_2 JLPT_3
監督,かんとく,名詞,Noun,"supervision, control, (movie) director",JLPT Intermediate_Japanese JLPT_3 JLPT_2 Intermediate_Japanese_Ln.7
管理,かんり,名詞,Noun,"control, management (e.g., of a business)",JLPT JLPT_2 JLPT_3
完了,かんりょう,名詞,Noun,"completion, conclusion",JLPT JLPT_2 JLPT_3
関連,かんれん,名詞,Noun,"relation, connection, relevance",JLPT JLPT_2 JLPT_3
議員,ぎいん,名詞,Noun,"member of the Diet, congress, or parliament",JLPT JLPT_2 JLPT_3
記憶,きおく,名詞,Noun,"memory, recollection, remembrance",JLPT JLPT_2 JLPT_3
気温,きおん,名詞,Noun,temperature (weather - not used for things),JLPT Genki_Ln.12 JLPT_3 JLPT_2 Genki
機械,きかい,名詞,Noun,"machine, machinery",JLPT Intermediate_Japanese JLPT_3 JLPT_2 Intermediate_Japanese_Ln.14
器械,きかい,名詞,Noun,instrument,JLPT JLPT_2 JLPT_3
議会,ぎかい,名詞,Noun,"Diet, congress, parliament",JLPT JLPT_2 JLPT_3
期間,きかん,名詞,Noun,"period, term",JLPT JLPT_2 JLPT_3
機関,きかん,名詞,Noun,"engine; institution, organization",JLPT JLPT_2 JLPT_3
企業,きぎょう,名詞,Noun,"industry, business, undertaking",JLPT Intermediate_Japanese JLPT_3 JLPT_2 Intermediate_Japanese_Ln.14
効く,きく,動詞,Verb,to be effective,JLPT JLPT_2 JLPT_3
期限,きげん,名詞,Noun,"deadline, term",JLPT JLPT_2 JLPT_3
機嫌,きげん,名詞,Noun,"humor, temper, mood",JLPT JLPT_2 JLPT_3
気候,きこう,名詞,Noun,climate,JLPT JLPT_2 JLPT_3
岸,きし,名詞,Noun,"bank, coast, shore",JLPT JLPT_2 JLPT_3
生地,きじ,名詞,Noun,fabric; dough,JLPT JLPT_2 JLPT_3
記事,きじ,名詞,Noun,"article, news story",JLPT JLPT_2 JLPT_3
技師,ぎし,名詞,Noun,"engineer, technician",JLPT JLPT_2 JLPT_3
記者,きしゃ,名詞,Noun,reporter,JLPT Intermediate_Japanese JLPT_3 JLPT_2 Intermediate_Japanese_Ln.15
傷,きず,名詞,Noun,"wound, injury, hurt",JLPT JLPT_2 JLPT_3
期待,きたい,名詞,Noun,"expectation, anticipation, hope",JLPT JLPT_2 JLPT_3
気体,きたい,名詞,Noun,"vapor, gas",JLPT JLPT_2 JLPT_3
帰宅,きたく,名詞,Noun,returning home,JLPT JLPT_2 JLPT_3
貴重,きちょう,形状詞,Adjective,"precious, valuable",JLPT JLPT_2 JLPT_3
議長,ぎちょう,名詞,Noun,chairman,JLPT JLPT_2 JLPT_3
きちんと,きちんと,副詞,Adverb,"precisely, accurately",JLPT JLPT_2 JLPT_3
きつい,きつい,形容詞,Adjective,"tight, close, intense",JLPT JLPT_2 JLPT_3
気付く,きづく,動詞,Verb,"to notice, to recognize, to become aware of",JLPT JLPT_2 JLPT_3
気に入る,きにいる,動詞,Verb,"to like, to be please",JLPT JLPT_2 JLPT_3
記入,きにゅう,名詞,Noun,"entry, filling in of forms",JLPT JLPT_2 JLPT_3
記念,きねん,名詞,Noun,"commemoration, memory",JLPT JLPT_2 JLPT_3
機能,きのう,名詞,Noun,"function, faculty",JLPT JLPT_2 JLPT_3
気の毒,きのどく,形状詞,Adjective,"pitiful, a pity",JLPT JLPT_2 JLPT_3
寄付,きふ,名詞,Noun,"contribution, donation",JLPT JLPT_2 JLPT_3
希望,きぼう,名詞,Noun,"hope, wish, aspiration",JLPT Intermediate_Japanese JLPT_3 JLPT_2 Intermediate_Japanese_Ln.3
基本,きほん,名詞,Noun,"basic, basis",JLPT Intermediate_Japanese JLPT_3 JLPT_2 Intermediate_Japanese_Ln.15
決まり,きまり,名詞,Noun,"settlement, conclusion, rule",JLPT JLPT_2 JLPT_3
気味,きみ,名詞,Noun,"-like, -looking, -looked",JLPT JLPT_2 JLPT_3
奇妙,きみょう,形状詞,Adjective,"strange, queer, curious",JLPT JLPT_2 JLPT_3
義務,ぎむ,名詞,Noun,"duty, obligation, responsibility",JLPT JLPT_2 JLPT_3
疑問,ぎもん,名詞,Noun,"question, problem, doubt",JLPT JLPT_2 JLPT_3
逆,ぎゃく,名詞,Noun,"reverse, opposite",JLPT JLPT_2 JLPT_3
キャプテン,キャプテン,名詞,Noun,captain,JLPT JLPT_2 JLPT_3
キャンプ,キャンプ,名詞,Noun,camp,JLPT Genki_Ln.11 JLPT_3 JLPT_2 Genki
旧,きゅう,名詞,Noun,ex-,JLPT JLPT_2 JLPT_3
級,きゅう,名詞,Noun,"class, grade, rank",JLPT JLPT_2 JLPT_3
球,きゅう,名詞,Noun,"globe, sphere, ball",JLPT JLPT_2 JLPT_3
休暇,きゅうか,名詞,Noun,"vacation, holiday, day off",JLPT Intermediate_Japanese JLPT_3 JLPT_2 Intermediate_Japanese_Ln.1
休憩,きゅうけい,名詞,Noun,"rest, break, intermission",JLPT JLPT_2 JLPT_3
急激,きゅうげき,形状詞,Adjective,"sudden, precipitous, radical",JLPT JLPT_2 JLPT_3
吸収,きゅうしゅう,名詞,Noun,"absorption, suction",JLPT JLPT_2 JLPT_3
救助,きゅうじょ,名詞,Noun,"relief, aid, rescue",JLPT JLPT_2 JLPT_3
急速,きゅうそく,形状詞,Adjective,"rapid (e.g., progress)",JLPT JLPT_2 JLPT_3
休息,きゅうそく,名詞,Noun,"rest, relief, relaxation",JLPT JLPT_2 JLPT_3
急に,きゅうに,名詞,Noun,suddenly,JLPT JLPT_2 JLPT_3
給料,きゅうりょう,名詞,Noun,"salary, wages",Genki_Ln.17 JLPT JLPT_3 JLPT_2 Genki
器用,きよう,形状詞,Adjective,"skillful, handy",JLPT JLPT_2 JLPT_3
教科書,きょうかしょ,名詞,Noun,textbook,JLPT Intermediate_Japanese JLPT_3 JLPT_2 Genki_Ln.6 Intermediate_Japanese_Ln.13 Genki
競技,きょうぎ,名詞,Noun,"game, match, contest",JLPT JLPT_2 JLPT_3
行儀,ぎょうぎ,名詞,Noun,manners,JLPT JLPT_2 JLPT_3
供給,きょうきゅう,名詞,Noun,"supply, provision",JLPT JLPT_2 JLPT_3
教授,きょうじゅ,名詞,Noun,"teaching, instruction; professor",JLPT JLPT_2 JLPT_3
強調,きょうちょう,名詞,Noun,"emphasis, stress, stressed point",JLPT JLPT_2 JLPT_3
共通,きょうつう,名詞,Noun,"commonness, mutual",JLPT JLPT_2 JLPT_3
共同,きょうどう,名詞,Noun,"cooperation, association, collaboration",JLPT JLPT_2 JLPT_3
恐怖,きょうふ,名詞,Noun,"fear, terror",JLPT JLPT_2 JLPT_3
協力,きょうりょく,名詞,Noun,"cooperation, collaboration",JLPT JLPT_2 JLPT_3
強力,きょうりょく,形状詞,Adjective,"powerful, strong",JLPT JLPT_2 JLPT_3
許可,きょか,名詞,Noun,"permission, approval",JLPT Intermediate_Japanese JLPT_3 JLPT_2 Intermediate_Japanese_Ln.4
局,きょく,名詞,Noun,"office, bureau, station(TV, radio)",JLPT JLPT_2 JLPT_3
巨大,きょだい,形状詞,Adjective,"huge, gigantic, enormous",JLPT JLPT_2 JLPT_3
嫌う,きらう,動詞,Verb,"to hate, to dislike, to loathe",JLPT JLPT_2 JLPT_3
霧,きり,名詞,Noun,"fog, mist",JLPT JLPT_2 JLPT_3
切れ,きれ,動詞,Verb,"cloth, piece, cut",JLPT JLPT_2 JLPT_3
切れる,きれる,動詞,Verb,"to cut well, to be sharp; to break (off)",JLPT JLPT_2 JLPT_3
記録,きろく,名詞,Noun,"record, minutes, document",JLPT JLPT_2 JLPT_3
議論,ぎろん,名詞,Noun,"argument, discussion, dispute",JLPT JLPT_2 JLPT_3
金,きん,名詞,Noun,"gold, metal; money",JLPT JLPT_2 JLPT_3
銀,ぎん,名詞,Noun,silver,JLPT JLPT_2 JLPT_3
禁煙,きんえん,名詞,Noun,No Smoking,JLPT JLPT_2 JLPT_3
金額,きんがく,名詞,Noun,amount of money,JLPT JLPT_2 JLPT_3
金庫,きんこ,名詞,Noun,"safe, vault",JLPT JLPT_2 JLPT_3
禁止,きんし,名詞,Noun,"prohibition, ban",JLPT JLPT_2 JLPT_3
金銭,きんせん,名詞,Noun,"money, cash",JLPT JLPT_2 JLPT_3
金属,きんぞく,名詞,Noun,metal,JLPT JLPT_2 JLPT_3
近代,きんだい,名詞,Noun,modern times,JLPT JLPT_2 JLPT_3
緊張,きんちょう,名詞,Noun,"tension, mental strain, nervousness",JLPT JLPT_2 JLPT_3
筋肉,きんにく,名詞,Noun,"muscle, sinews",JLPT JLPT_2 JLPT_3
金融,きんゆう,名詞,Noun,"finance, money and banking",JLPT JLPT_2 JLPT_3
句,く,名詞,Noun,phrase,JLPT JLPT_2 JLPT_3
食う,くう,動詞,Verb,(male) (vulg.) to eat,JLPT JLPT_2 JLPT_3
偶然,ぐうぜん,副詞,Adverb,"(by) chance, unexpectedly",JLPT Intermediate_Japanese JLPT_3 JLPT_2 Intermediate_Japanese_Ln.4
臭い,くさい,形容詞,Adjective,"stinky, smelly, bad-smelling",JLPT JLPT_2 JLPT_3
鎖,くさり,名詞,Noun,chain,JLPT JLPT_2 JLPT_3
腐る,くさる,動詞,Verb,"to rot, to go bad",JLPT JLPT_2 JLPT_3
癖,くせ,名詞,Noun,"a habit (often a bad habit), peculiarity",JLPT JLPT_2 JLPT_3
管,くだ,名詞,Noun,"pipe, tube",JLPT JLPT_2 JLPT_3
具体,ぐたい,名詞,Noun,"concrete, tangible, material",JLPT JLPT_2 JLPT_3
下り,くだり,名詞,Noun,down-train (going away from Tokyo),JLPT JLPT_2 JLPT_3
下る,くだる,動詞,Verb,"to get down, to descend",JLPT JLPT_2 JLPT_3
苦痛,くつう,名詞,Noun,"pain, agony",JLPT JLPT_2 JLPT_3
ぐっすり,ぐっすり,副詞,Adverb,"sound asleep, fast asleep",JLPT JLPT_2 JLPT_3
区別,くべつ,名詞,Noun,"distinction, differentiation, classification",JLPT JLPT_2 JLPT_3
組,くみ,名詞,Noun,"class, team, set",JLPT JLPT_2 JLPT_3
組合,くみあい,名詞,Noun,"association, union",JLPT JLPT_2 JLPT_3
組む,くむ,動詞,Verb,to put together,JLPT JLPT_2 JLPT_3
汲む,くむ,動詞,Verb,"to draw, to scoop, to pump",JLPT JLPT_2 JLPT_3
酌む,くむ,動詞,Verb,to serve sake,JLPT JLPT_2 JLPT_3
悔しい,くやしい,形容詞,Adjective,"regrettable, mortifying, vexing",JLPT JLPT_2 JLPT_3
位,くらい,助詞,Particle,"grade, rank, about",JLPT JLPT_2 JLPT_3
暮らし,くらし,名詞,Noun,living; life style,JLPT Intermediate_Japanese JLPT_3 JLPT_2 Intermediate_Japanese_Ln.13
クラシック,クラシック,名詞,Noun,classic(s),JLPT JLPT_2 JLPT_3
暮らす,くらす,動詞,Verb,"to live, to get along",JLPT Intermediate_Japanese JLPT_3 JLPT_2 Intermediate_Japanese_Ln.11
グラス,グラス,名詞,Noun,glass; grass,JLPT JLPT_2 JLPT_3
グランド,グランド,名詞,Noun,"gland, grand, (electrical) ground",JLPT JLPT_2 JLPT_3
クリーム,クリーム,名詞,Noun,cream,JLPT JLPT_2 JLPT_3
繰り返す,くりかえす,動詞,Verb,"to repeat, to do something over again",JLPT JLPT_2 JLPT_3
クリスマス,クリスマス,名詞,Noun,Christmas,JLPT Genki_Ln.14 JLPT_3 JLPT_2 Genki
狂う,くるう,動詞,Verb,"to go mad, to get out of order",JLPT JLPT_2 JLPT_3
グループ,グループ,名詞,Noun,group,JLPT JLPT_2 JLPT_3
苦しい,くるしい,形容詞,Adjective,tough; physically strenuous,JLPT Intermediate_Japanese JLPT_3 JLPT_2 Intermediate_Japanese_Ln.15
苦しむ,くるしむ,動詞,Verb,"to suffer, to groan, to be worried",JLPT JLPT_2 JLPT_3
暮れ,くれ,名詞,Noun,"year end,",JLPT JLPT_2 JLPT_3
苦労,くろう,名詞,Noun,hardship; suffering,JLPT Intermediate_Japanese JLPT_3 JLPT_2 Intermediate_Japanese_Ln.14
加える,くわえる,動詞,Verb,"to append, to sum up, to add (up)",JLPT JLPT_2 JLPT_3
咥える,くわえる,動詞,Verb,to hold something in the mouth,JLPT JLPT_2 JLPT_3
詳しい,くわしい,形容詞,Adjective,detailed; full; accurate,JLPT Intermediate_Japanese JLPT_3 JLPT_2 Intermediate_Japanese_Ln.8
加わる,くわわる,動詞,Verb,"to join in, to accede to",JLPT JLPT_2 JLPT_3
訓,くん,名詞,Noun,native Japanese reading of a Chinese character,JLPT JLPT_2 JLPT_3
軍,ぐん,名詞,Noun,"army, force, troops",JLPT JLPT_2 JLPT_3
郡,ぐん,名詞,Noun,"country, district",JLPT JLPT_2 JLPT_3
軍隊,ぐんたい,名詞,Noun,"army, troops",JLPT JLPT_2 JLPT_3
訓練,くんれん,名詞,Noun,"practice, training",JLPT JLPT_2 JLPT_3
下,げ,名詞,Noun,"under, below, beneath",JLPT JLPT_2 JLPT_3
計,けい,名詞,Noun,"plan; sum, total",JLPT JLPT_2 JLPT_3
敬意,けいい,名詞,Noun,"respect, honor",JLPT JLPT_2 JLPT_3
経営,けいえい,名詞,Noun,"management, administration",JLPT JLPT_2 JLPT_3
景気,けいき,名詞,Noun,"condition, state, business (condition)",JLPT JLPT_2 JLPT_3
傾向,けいこう,名詞,Noun,"tendency, trend, inclination",JLPT JLPT_2 JLPT_3
警告,けいこく,名詞,Noun,warning,JLPT JLPT_2 JLPT_3
計算,けいさん,名詞,Noun,"calculation, reckoning",JLPT JLPT_2 JLPT_3
掲示,けいじ,名詞,Noun,"notice, bulletin",JLPT JLPT_2 JLPT_3
刑事,けいじ,名詞,Noun,"criminal case, (police) detective",JLPT JLPT_2 JLPT_3
芸術,げいじゅつ,名詞,Noun,"(fine) art, the arts",JLPT Intermediate_Japanese JLPT_3 JLPT_2 Intermediate_Japanese_Ln.10
契約,けいやく,名詞,Noun,"contract, compact, agreement",JLPT JLPT_2 JLPT_3
経由,けいゆ,名詞,Noun,"go by the way, via",JLPT JLPT_2 JLPT_3
ケース,ケース,名詞,Noun,case,JLPT_1 JLPT JLPT_2 JLPT_3
ゲーム,ゲーム,名詞,Noun,game,JLPT JLPT_2 JLPT_3
劇,げき,名詞,Noun,"drama, play",JLPT JLPT_2 JLPT_3
劇場,げきじょう,名詞,Noun,"theater, playhouse",JLPT JLPT_2 JLPT_3
化粧,けしょう,名詞,Noun,make-up (cosmetic),JLPT JLPT_2 JLPT_3
けち,けち,名詞,Noun,"stinginess, miser",JLPT JLPT_2 JLPT_3
血液,けつえき,名詞,Noun,blood,JLPT JLPT_2 JLPT_3
結果,けっか,名詞,Noun,"result, consequence",JLPT Intermediate_Japanese JLPT_3 JLPT_2 Intermediate_Japanese_Ln.5
欠陥,けっかん,名詞,Noun,"defect, fault, deficiency",JLPT JLPT_2 JLPT_3
結局,けっきょく,名詞,Noun,"after all, eventually",JLPT JLPT_2 JLPT_3
決心,けっしん,名詞,Noun,"determination, resolution",JLPT JLPT_2 JLPT_3
欠席,けっせき,名詞,Noun,"absence, non-attendance",JLPT JLPT_2 JLPT_3
決定,けってい,名詞,Noun,"decision, determination",JLPT JLPT_2 JLPT_3
欠点,けってん,名詞,Noun,"faults, defect, weakness",JLPT JLPT_2 JLPT_3
結論,けつろん,名詞,Noun,conclusion,JLPT JLPT_2 JLPT_3
煙,けむり,名詞,Noun,"smoke, fumes",JLPT JLPT_2 JLPT_3
蹴る,ける,動詞,Verb,to kick,JLPT JLPT_3 JLPT_2 Genki Genki_Ln.21
券,けん,名詞,Noun,"ticket, certificate",JLPT JLPT_2 JLPT_3
県,けん,名詞,Noun,prefecture,JLPT Intermediate_Japanese JLPT_3 JLPT_2 Intermediate_Japanese_Ln.7
見解,けんかい,名詞,Noun,"opinion, point of view",JLPT JLPT_2 JLPT_3
限界,げんかい,名詞,Noun,"limit, bound",JLPT JLPT_2 JLPT_3
現金,げんきん,名詞,Noun,cash,JLPT Intermediate_Japanese JLPT_3 JLPT_2 Intermediate_Japanese_Ln.9
言語,げんご,名詞,Noun,language,JLPT JLPT_2 JLPT_3
健康,けんこう,名詞,Noun,health(y),JLPT JLPT_2 JLPT_3
検査,けんさ,名詞,Noun,"inspection, examination",JLPT JLPT_2 JLPT_3
現在,げんざい,名詞,Noun,"now (same as 今 (いま)), present, current",JLPT Intermediate_Japanese JLPT_3 JLPT_2 Intermediate_Japanese_Ln.12
現実,げんじつ,名詞,Noun,reality,JLPT JLPT_2 JLPT_3
現象,げんしょう,名詞,Noun,phenomenon,JLPT JLPT_2 JLPT_3
現状,げんじょう,名詞,Noun,"present condition, status quo",JLPT JLPT_2 JLPT_3
建設,けんせつ,名詞,Noun,"construction, foundation",JLPT JLPT_2 JLPT_3
現代,げんだい,名詞,Noun,"today, present-day",JLPT JLPT_2 JLPT_3
建築,けんちく,名詞,Noun,"construction, architecture",JLPT JLPT_2 JLPT_3
見当,けんとう,名詞,Noun,"estimate, guess",JLPT JLPT_2 JLPT_3
検討,けんとう,名詞,Noun,"consideration, examination, investigation",JLPT JLPT_2 JLPT_3
現場,げんば,名詞,Noun,"actual spot, scene, field",JLPT JLPT_2 JLPT_3
憲法,けんぽう,名詞,Noun,constitution,JLPT JLPT_2 JLPT_3
権利,けんり,名詞,Noun,"right, privilege",JLPT JLPT_2 JLPT_3
後,ご,名詞,Noun,"afterwards, since then",JLPT JLPT_2 JLPT_3
碁,ご,名詞,Noun,Go (board game of capturing territory),JLPT JLPT_2 JLPT_3
恋,こい,名詞,Noun,"love, tender passion",JLPT JLPT_2 JLPT_3
濃い,こい,形容詞,Adjective,"thick (as of color, liquid), dense, strong",JLPT JLPT_2 JLPT_3
恋人,こいびと,名詞,Noun,lover; sweetheart; girlfriend,JLPT Intermediate_Japanese JLPT_3 JLPT_2 Intermediate_Japanese_Ln.9
幸運,こううん,名詞,Noun,"good luck, fortune",JLPT JLPT_2 JLPT_3
講演,こうえん,名詞,Noun,"lecture, talk",JLPT Intermediate_Japanese JLPT_3 JLPT_2 Intermediate_Japanese_Ln.15
効果,こうか,名詞,Noun,"effect, result",JLPT JLPT_2 JLPT_3
硬貨,こうか,名詞,Noun,coin,JLPT JLPT_2 JLPT_3
高価,こうか,名詞,Noun,high price,JLPT JLPT_2 JLPT_3
豪華,ごうか,名詞,Noun,"luxurious, gorgeous, extravagance",JLPT JLPT_2 JLPT_3
合格,ごうかく,名詞,Noun,"success, passing (e.g., exam)",JLPT JLPT_2 JLPT_3
交換,こうかん,名詞,Noun,"exchange, swap",JLPT JLPT_2 JLPT_3
航空,こうくう,名詞,Noun,"aviation, flying",JLPT JLPT_2 JLPT_3
光景,こうけい,名詞,Noun,"scene, spectacle",JLPT JLPT_2 JLPT_3
合計,ごうけい,名詞,Noun,"sum total, total amount",JLPT JLPT_2 JLPT_3
攻撃,こうげき,名詞,Noun,"attack, strike, offensive",JLPT JLPT_2 JLPT_3
貢献,こうけん,名詞,Noun,"contribution, services",JLPT JLPT_2 JLPT_3
広告,こうこく,名詞,Noun,advertisement,JLPT Genki_Ln.13 Intermediate_Japanese JLPT_3 JLPT_2 Intermediate_Japanese_Ln.15 Genki
交際,こうさい,名詞,Noun,"friendship, association, acquaintance",JLPT JLPT_2 JLPT_3
校舎,こうしゃ,名詞,Noun,school building,JLPT JLPT_2 JLPT_3
後者,こうしゃ,名詞,Noun,the latter,JLPT JLPT_2 JLPT_3
工場,こうば,名詞,Noun,"factory, plant",JLPT JLPT_2 JLPT_3
公正,こうせい,名詞,Noun,"justice, fairness, impartiality",JLPT JLPT_2 JLPT_3
構成,こうせい,名詞,Noun,"organization, composition",JLPT JLPT_2 JLPT_3
高速,こうそく,名詞,Noun,"high speed, high gear",JLPT JLPT_2 JLPT_3
行動,こうどう,名詞,Noun,"action, conduct, behavior",JLPT JLPT_2 JLPT_3
強盗,ごうとう,名詞,Noun,"robbery, burglary",JLPT JLPT_2 JLPT_3
後輩,こうはい,名詞,Noun,junior members of a group,JLPT JLPT_3 JLPT_2 Genki_Ln.22 Genki
幸福,こうふく,名詞,Noun,"happiness, blessedness",JLPT JLPT_2 JLPT_3
公平,こうへい,名詞,Noun,"fairness, impartial, justice",JLPT JLPT_2 JLPT_3
候補,こうほ,名詞,Noun,candidacy,JLPT JLPT_2 JLPT_3
考慮,こうりょ,名詞,Noun,"consideration, taking into account",JLPT JLPT_2 JLPT_3
越える,こえる,動詞,Verb,"to exceed, to cross over, to cross",JLPT JLPT_2 JLPT_3
超える,こえる,動詞,Verb,"to exceed, to cross over, to cross",JLPT JLPT_2 JLPT_3
コーチ,コーチ,名詞,Noun,coach,JLPT JLPT_2 JLPT_3
コード,コード,名詞,Noun,code; cord; chord,JLPT JLPT_2 JLPT_3
氷,こおり,名詞,Noun,"ice, hail",JLPT JLPT_2 JLPT_3
凍る,こおる,動詞,Verb,"to freeze, to be frozen over, to congeal",JLPT JLPT_2 JLPT_3
ゴール,ゴール,名詞,Noun,goal,JLPT JLPT_2 JLPT_3
誤解,ごかい,名詞,Noun,misunderstanding,JLPT Intermediate_Japanese JLPT_3 JLPT_2 Intermediate_Japanese_Ln.15
語学,ごがく,名詞,Noun,language study,JLPT Intermediate_Japanese JLPT_3 JLPT_2 Intermediate_Japanese_Ln.8
呼吸,こきゅう,名詞,Noun,"breath, respiration",JLPT JLPT_2 JLPT_3
故郷,こきょう,名詞,Noun,hometown,JLPT JLPT_2 JLPT_3
極,ごく,名詞,Noun,"quite, very",JLPT JLPT_2 JLPT_3
国語,こくご,名詞,Noun,national language,JLPT JLPT_2 JLPT_3
国籍,こくせき,名詞,Noun,nationality,JLPT JLPT_2 JLPT_3
黒板,こくばん,名詞,Noun,blackboard,JLPT Intermediate_Japanese JLPT_3 JLPT_2 Intermediate_Japanese_Ln.13
克服,こくふく,名詞,Noun,"conquest, overcome",JLPT JLPT_2 JLPT_3
国民,こくみん,名詞,Noun,"national, people, citizen",JLPT JLPT_2 JLPT_3
穀物,こくもつ,名詞,Noun,"grain, cereal, corn",JLPT JLPT_2 JLPT_3
腰,こし,名詞,Noun,"hip, waist",JLPT JLPT_2 JLPT_3
胡椒,こしょう,名詞,Noun,pepper,JLPT JLPT_2 JLPT_3
個人,こじん,名詞,Noun,"individual, private person",JLPT Intermediate_Japanese JLPT_3 JLPT_2 Intermediate_Japanese_Ln.14
越す,こす,動詞,Verb,"to go over (e.g., with audience)",JLPT JLPT_2 JLPT_3
超す,こす,動詞,Verb,"to cross, to pass, to tide over",JLPT JLPT_2 JLPT_3
国家,こっか,名詞,Noun,"state, country, nation",JLPT JLPT_2 JLPT_3
国会,こっかい,名詞,Noun,"National Diet, parliament, congress",JLPT JLPT_2 JLPT_3
国境,こっきょう,名詞,Noun,national or state border,JLPT JLPT_2 JLPT_3
骨折,こっせつ,名詞,Noun,bone fracture,JLPT JLPT_2 JLPT_3
小包,こづつみ,名詞,Noun,"parcel, package",JLPT JLPT_2 JLPT_3
琴,こと,名詞,Noun,Japanese harp,JLPT JLPT_2 JLPT_3
異なる,ことなる,動詞,Verb,"to differ, to vary",JLPT JLPT_2 JLPT_3
諺,ことわざ,名詞,Noun,"proverb, saying",JLPT JLPT_2 JLPT_3
断る,ことわる,動詞,Verb,"to refuse, to decline, to dismiss",JLPT JLPT_2 JLPT_3
粉,こな,名詞,Noun,"flour, powder",JLPT JLPT_2 JLPT_3
好み,このみ,名詞,Noun,"liking, taste, choice",JLPT JLPT_2 JLPT_3
好む,このむ,動詞,Verb,"to like, to prefer",JLPT JLPT_2 JLPT_3
こぼす,こぼす,動詞,Verb,to spill,JLPT JLPT_2 JLPT_3
こぼれる,こぼれる,動詞,Verb,"to overflow, to spill",JLPT JLPT_2 JLPT_3
塵,ごみ,名詞,Noun,"garbage, litter",JLPT JLPT_2 JLPT_3
小麦,こむぎ,名詞,Noun,wheat,JLPT JLPT_2 JLPT_3
ごめんなさい,ごめんなさい,感動詞,Other,"I beg your pardon, excuse me, I'm sorry",JLPT JLPT_3 JLPT_2 Genki_Ln.4 Genki
小屋,こや,名詞,Noun,"hut, cabin, shed",JLPT JLPT_2 JLPT_3
これら,これら,代名詞,Noun,these,JLPT JLPT_2 JLPT_3
殺す,ころす,動詞,Verb,to kill,JLPT JLPT_2 JLPT_3
転ぶ,ころぶ,動詞,Verb,"to fall down, to fall over",JLPT Genki_Ln.18 JLPT_3 JLPT_2 Genki
今回,こんかい,名詞,Noun,"now, this time, lately",JLPT JLPT_2 JLPT_3
今後,こんご,名詞,Noun,"from now on, hereafter",JLPT JLPT_2 JLPT_3
混雑,こんざつ,名詞,Noun,"confusion, congestion",JLPT JLPT_2 JLPT_3
こんなに,こんなに,形状詞,Adjective,"so, like this, in this way",JLPT JLPT_2 JLPT_3
困難,こんなん,名詞,Noun,"difficulty, distress",JLPT JLPT_2 JLPT_3
今日,こんにち,名詞,Noun,"today, this day",JLPT JLPT_2 JLPT_3
こんにちは,こんにちは,感動詞,Other,"hello, good day (daytime greeting)",JLPT JLPT_2 JLPT_3
婚約,こんやく,名詞,Noun,"engagement, betrothal",JLPT JLPT_2 JLPT_3
混乱,こんらん,名詞,Noun,"chaos, confusion, mayhem",JLPT JLPT_2 JLPT_3
差,さ,名詞,Noun,"difference, variation",JLPT JLPT_2 JLPT_3
サービス,サービス,名詞,Noun,"service, support system; goods or services without charge",JLPT JLPT_2 JLPT_3
際,さい,名詞,Noun,"on the occasion of, circumstances",JLPT JLPT_2 JLPT_3
最高,さいこう,名詞,Noun,"highest, supreme, the most",JLPT JLPT_2 JLPT_3
財産,ざいさん,名詞,Noun,"property, fortune, assets",JLPT JLPT_2 JLPT_3
最終,さいしゅう,名詞,Noun,"last, closing",JLPT JLPT_2 JLPT_3
最中,さいちゅう,名詞,Noun,in the middle of,JLPT JLPT_2 JLPT_3
最低,さいてい,名詞,Noun,"least, lowest, worst",Genki_Ln.17 JLPT JLPT_3 JLPT_2 Genki
才能,さいのう,名詞,Noun,"talent, ability",JLPT JLPT_2 JLPT_3
裁判,さいばん,名詞,Noun,"trial, judgment",JLPT JLPT_2 JLPT_3
材料,ざいりょう,名詞,Noun,"ingredients, material",JLPT JLPT_2 JLPT_3
幸い,さいわい,副詞,Adverb,fortunately; luckily,JLPT Intermediate_Japanese JLPT_3 JLPT_2 Intermediate_Japanese_Ln.8
サイン,サイン,名詞,Noun,autograph; sign; sine,JLPT JLPT_2 JLPT_3
境,さかい,名詞,Noun,"border, boundary, mental state",JLPT JLPT_2 JLPT_3
逆らう,さからう,動詞,Verb,"to go against, to oppose, to disobey",JLPT JLPT_2 JLPT_3
盛り,さかり,名詞,Noun,"helping, serving",JLPT JLPT_2 JLPT_3
作業,さぎょう,名詞,Noun,"work, operation, manufacturing",JLPT JLPT_2 JLPT_3
裂く,さく,動詞,Verb,"to tear, to split",JLPT JLPT_2 JLPT_3
昨,さく,接頭辞,Other,"last (year), yesterday",JLPT JLPT_2 JLPT_3
作品,さくひん,名詞,Noun,"work, opus, production",JLPT JLPT_2 JLPT_3
作物,さくもつ,名詞,Noun,"produce (e.g., agricultural), crops",JLPT JLPT_2 JLPT_3
桜,さくら,名詞,Noun,"cherry blossom, cherry tree",JLPT JLPT_2 JLPT_3
酒,さけ,名詞,Noun,"alcohol, sake",JLPT JLPT_2 JLPT_3
叫ぶ,さけぶ,動詞,Verb,"to shout, to cry",JLPT JLPT_2 JLPT_3
避ける,さける,動詞,Verb,"to avoid (physical contact); to ward off, to avert",JLPT Intermediate_Japanese JLPT_3 JLPT_2 Intermediate_Japanese_Ln.15
支える,ささえる,動詞,Verb,"support, hold, sustain",JLPT JLPT_2 JLPT_3
刺さる,ささる,動詞,Verb,"to stick, to be stuck",JLPT JLPT_2 JLPT_3
刺す,さす,動詞,Verb,"to sting, to bite (e.g., bug), to prick, to stab",JLPT JLPT_3 JLPT_2 Genki Genki_Ln.21
指す,さす,動詞,Verb,"to point,",JLPT JLPT_2 JLPT_3
挿す,さす,動詞,Verb,"to insert, to put in, to graft",JLPT JLPT_2 JLPT_3
注す,さす,動詞,Verb,"to pour (drink), to serve (drinks)",JLPT JLPT_2 JLPT_3
射す,さす,動詞,Verb,"to shine, to strike",JLPT JLPT_2 JLPT_3
座席,ざせき,名詞,Noun,seat,JLPT Intermediate_Japanese JLPT_3 JLPT_2 Intermediate_Japanese_Ln.10
誘う,さそう,動詞,Verb,"to invite (someone to do something with you); to tempt, to lure",Genki_Ln.15 Intermediate_Japanese JLPT JLPT_3 JLPT_2 Intermediate_Japanese_Ln.7 Genki
札,さつ,名詞,Noun,"bill, note",JLPT JLPT_2 JLPT_3
作家,さっか,名詞,Noun,"author, writer, novelist",JLPT JLPT_2 JLPT_3
作曲,さっきょく,名詞,Noun,composition (of music),JLPT JLPT_2 JLPT_3
ざっと,ざっと,副詞,Adverb,"roughly, in round numbers",JLPT JLPT_2 JLPT_3
さっぱり,さっぱり,形状詞,Adjective,"feeling refreshed, neat",JLPT JLPT_2 JLPT_3
さて,さて,接続詞,Other,"well; now (typically used when switching to a new, usually more important topic)",JLPT Intermediate_Japanese JLPT_3 JLPT_2 Intermediate_Japanese_Ln.12
砂漠,さばく,名詞,Noun,desert,JLPT JLPT_2 JLPT_3
差別,さべつ,名詞,Noun,"discrimination, differentiation",JLPT JLPT_2 JLPT_3
ママ,ママ,名詞,Noun,Mama,JLPT JLPT_2 JLPT_3
豆,まめ,名詞,Noun,"beans, peas",JLPT JLPT_2 JLPT_3
守る,まもる,動詞,Verb,to protect; to abide (by the rules),JLPT JLPT_2 JLPT_3
迷う,まよう,動詞,Verb,"to be puzzled, to be perplexed, to lose one's way",JLPT JLPT_2 JLPT_3
丸,まる,名詞,Noun,"circle, full (month)",JLPT JLPT_2 JLPT_3
円,まる,名詞,Noun,circle,JLPT JLPT_2 JLPT_3
まるで,まるで,副詞,Adverb,just like,JLPT JLPT_2 JLPT_3
万一,まんいち,名詞,Noun,"by some chance, if by any chance",JLPT JLPT_2 JLPT_3
満足,まんぞく,名詞,Noun,satisfaction,JLPT JLPT_2 JLPT_3
身,み,名詞,Noun,"body, main part",JLPT JLPT_2 JLPT_3
実,み,名詞,Noun,"fruit, seed, good result",JLPT JLPT_2 JLPT_3
見送り,みおくり,名詞,Noun,seeing one off,JLPT JLPT_2 JLPT_3
味方,みかた,名詞,Noun,"ally, supporter",JLPT JLPT_2 JLPT_3
見事,みごと,形状詞,Adjective,"splendid, magnificent",JLPT JLPT_2 JLPT_3
ミス,ミス,名詞,Noun,"miss (mistake, error, failure), Miss",JLPT_1 JLPT JLPT_2 JLPT_3
満ちる,みちる,動詞,Verb,"to be full, to mature",JLPT JLPT_2 JLPT_3
密,みつ,形状詞,Adjective,"thick, close",JLPT JLPT_2 JLPT_3
認める,みとめる,動詞,Verb,"to recognize, to notice; to approve",JLPT Intermediate_Japanese JLPT_3 JLPT_2 Intermediate_Japanese_Ln.13 Intermediate_Japanese_Ln.3
見舞い,みまい,名詞,Noun,"expression of sympathy, expression of concern",JLPT JLPT_2 JLPT_3
土産,みやげ,名詞,Noun,souvenir,JLPT JLPT_2 JLPT_3
都,みやこ,名詞,Noun,city; capital,JLPT Intermediate_Japanese JLPT_3 JLPT_2 Intermediate_Japanese_Ln.10
妙,みょう,名詞,Noun,"strange, unusual",JLPT JLPT_2 JLPT_3
明後日,みょうごにち,名詞,Noun,day after tomorrow,JLPT JLPT_2 JLPT_3
未来,みらい,名詞,Noun,future (life tense),JLPT JLPT_2 JLPT_3
魅力,みりょく,名詞,Noun,"charm, fascination, appeal",JLPT JLPT_2 JLPT_3
診る,みる,動詞,Verb,to examine (a patient),JLPT Intermediate_Japanese JLPT_3 JLPT_2 Intermediate_Japanese_Ln.12
ミルク,ミルク,名詞,Noun,milk,JLPT JLPT_2 JLPT_3
無,む,名詞,Noun,"nothing, naught, zero",JLPT JLPT_2 JLPT_3
向かい,むかい,名詞,Noun,"facing, opposite, across",JLPT JLPT_2 JLPT_3
迎え,むかえ,動詞,Verb,"meeting, person sent to pick up an arrival",JLPT JLPT_2 JLPT_3
向く,むく,動詞,Verb,to face,JLPT JLPT_2 JLPT_3
剥く,むく,動詞,Verb,"to peel, to skin",JLPT JLPT_2 JLPT_3
向ける,むける,動詞,Verb,"to turn towards, to point",JLPT JLPT_2 JLPT_3
無視,むし,名詞,Noun,"disregard, ignore",JLPT JLPT_2 JLPT_3
蒸し暑い,むしあつい,形容詞,Adjective,"humid, sultry",JLPT JLPT_2 JLPT_3
虫歯,むしば,名詞,Noun,"cavity, tooth decay",JLPT JLPT_2 JLPT_3
寧ろ,むしろ,副詞,Adverb,"rather, better, instead",JLPT JLPT_2 JLPT_3
蒸す,むす,動詞,Verb,"to steam, to poultice, to be sultry",JLPT JLPT_2 JLPT_3
結ぶ,むすぶ,動詞,Verb,"to tie, to bind, to link",JLPT JLPT_2 JLPT_3
無駄,むだ,名詞,Noun,"futility, uselessness",JLPT JLPT_2 JLPT_3
夢中,むちゅう,形状詞,Adjective,"crush, crazy, be hooked on",JLPT JLPT_2 JLPT_3
胸,むね,名詞,Noun,"breast, chest",JLPT JLPT_2 JLPT_3
無料,むりょう,名詞,Noun,"free, no charge",JLPT JLPT_2 JLPT_3
芽,め,名詞,Noun,sprout,JLPT JLPT_2 JLPT_3
明確,めいかく,形状詞,Adjective,"clear, definite",JLPT JLPT_2 JLPT_3
名刺,めいし,名詞,Noun,(name) card; business card,JLPT Intermediate_Japanese JLPT_3 JLPT_2 Intermediate_Japanese_Ln.1
名詞,めいし,名詞,Noun,noun,JLPT JLPT_2 JLPT_3
命じる,めいじる,動詞,Verb,"to order, to command, to appoint",JLPT JLPT_2 JLPT_3
名人,めいじん,名詞,Noun,"master, expert",JLPT JLPT_2 JLPT_3
命令,めいれい,名詞,Noun,"order, command, decree",JLPT JLPT_2 JLPT_3
迷惑,めいわく,名詞,Noun,"trouble, bother, annoyance",JLPT JLPT_2 JLPT_3
目上,めうえ,名詞,Noun,person of higher status; one's senior,JLPT Intermediate_Japanese JLPT_3 JLPT_2 Intermediate_Japanese_Ln.2
飯,めし,名詞,Noun,"meals, food",JLPT JLPT_2 JLPT_3
滅多に,めったに,形状詞,Adjective,"rarely (with neg. verb), seldom",JLPT JLPT_2 JLPT_3
メモ,メモ,名詞,Noun,"memorandum, note",JLPT JLPT_2 JLPT_3
面,めん,名詞,Noun,"face, mug, surface, side or facet, corner, page",JLPT JLPT_2 JLPT_3
綿,めん,名詞,Noun,cotton,JLPT JLPT_2 JLPT_3
免許,めんきょ,名詞,Noun,"license, permit, certificate",JLPT JLPT_3 JLPT_2 Genki_Ln.22 Genki
面接,めんせつ,名詞,Noun,interview,JLPT Intermediate_Japanese JLPT_3 JLPT_2 Genki Genki_Ln.23 Intermediate_Japanese_Ln.3
面倒,めんどう,名詞,Noun,"trouble, attention",JLPT JLPT_2 JLPT_3
メンバー,メンバー,名詞,Noun,member,JLPT JLPT_2 JLPT_3
申し込む,もうしこむ,動詞,Verb,"to apply for, to make an application",JLPT Intermediate_Japanese JLPT_3 JLPT_2 Intermediate_Japanese_Ln.3
申し訳,もうしわけ,名詞,Noun,"apology, excuse",JLPT JLPT_2 JLPT_3
毛布,もうふ,名詞,Noun,blanket,JLPT JLPT_2 JLPT_3
燃える,もえる,動詞,Verb,to burn,JLPT JLPT_2 JLPT_3
目的,もくてき,名詞,Noun,"purpose, goal, aim",JLPT Intermediate_Japanese JLPT_3 JLPT_2 Intermediate_Japanese_Ln.3
目標,もくひょう,名詞,Noun,"mark, objective, target",JLPT JLPT_2 JLPT_3
文字,もじ,名詞,Noun,"letter (of alphabet), character",JLPT JLPT_2 JLPT_3
文字,もんじ,名詞,Noun,"letter (of alphabet), character",JLPT JLPT_2 JLPT_3
もしかすると,もしかすると,副詞,Adverb,"perhaps, maybe, by some chance",JLPT JLPT_2 JLPT_3
もしも,もしも,副詞,Adverb,if,JLPT JLPT_2 JLPT_3
持ち上げる,もちあげる,動詞,Verb,"to raise, to lift up, to flatter",JLPT JLPT_2 JLPT_3
用いる,もちいる,動詞,Verb,"to use, to make use of",JLPT JLPT_2 JLPT_3
もったいない,もったいない,形容詞,Adjective,"wasteful; more than one deserves, unworthy of",JLPT JLPT_2 JLPT_3
尤も,もっとも,形状詞,Adjective,"quite right, plausible, natural",JLPT JLPT_2 JLPT_3
元,もと,名詞,Noun,"origin, original; former",JLPT JLPT_2 JLPT_3
基,もと,名詞,Noun,basis,JLPT JLPT_2 JLPT_3
素,もと,名詞,Noun,prime,JLPT JLPT_2 JLPT_3
戻す,もどす,動詞,Verb,"to restore, to put back, to return",JLPT JLPT_2 JLPT_3
基づく,もとづく,動詞,Verb,"to be grounded on, to be based on",JLPT JLPT_2 JLPT_3
求める,もとめる,動詞,Verb,"to request, to ask for; to seek, to search for",JLPT Intermediate_Japanese JLPT_3 JLPT_2 Intermediate_Japanese_Ln.4
者,もの,名詞,Noun,person (same as 人 (ひと)),JLPT Intermediate_Japanese JLPT_3 JLPT_2 Intermediate_Japanese_Ln.3
物音,ものおと,名詞,Noun,sounds,JLPT JLPT_2 JLPT_3
物語,ものがたり,名詞,Noun,"tale, story, legend",JLPT JLPT_2 JLPT_3
物事,ものごと,名詞,Noun,"things, everything",JLPT JLPT_2 JLPT_3
燃やす,もやす,動詞,Verb,to burn,JLPT JLPT_2 JLPT_3
模様,もよう,名詞,Noun,"pattern, figure, design",JLPT JLPT_2 JLPT_3
文句,もんく,名詞,Noun,a complaint,JLPT Intermediate_Japanese Genki JLPT_3 JLPT_2 Intermediate_Japanese_Ln.14 Genki_Ln.21 Intermediate_Japanese_Ln.11
やがて,やがて,副詞,Adverb,"before long, soon, at length",JLPT Intermediate_Japanese JLPT_3 JLPT_2 Intermediate_Japanese_Ln.8
役,やく,名詞,Noun,"role, position",JLPT JLPT_2 JLPT_3
約,やく,接頭辞,Other,"approximately, about, some",JLPT Intermediate_Japanese JLPT_3 JLPT_2 Intermediate_Japanese_Ln.11
訳,やく,名詞,Noun,translation,JLPT JLPT_2 JLPT_3
訳す,やくす,動詞,Verb,to translate,JLPT Intermediate_Japanese JLPT_3 JLPT_2 Intermediate_Japanese_Ln.2
役割,やくわり,名詞,Noun,"assigning (allotment of) parts, role, duties",JLPT JLPT_2 JLPT_3
家賃,やちん,名詞,Noun,rent,JLPT Genki_Ln.18 JLPT_3 JLPT_2 Genki
厄介,やっかい,名詞,Noun,"trouble, burden, care",JLPT JLPT_2 JLPT_3
宿,やど,名詞,Noun,"inn, lodging",JLPT JLPT_2 JLPT_3
雇う,やとう,動詞,Verb,"to employ, to hire",JLPT Intermediate_Japanese JLPT_3 JLPT_2 Intermediate_Japanese_Ln.8
屋根,やね,名詞,Noun,roof,JLPT JLPT_2 JLPT_3
破る,やぶる,動詞,Verb,to tear; to violate; to defeat,JLPT JLPT_2 JLPT_3
破れる,やぶれる,動詞,Verb,"to get torn, to wear out",JLPT JLPT_2 JLPT_3
辞める,やめる,動詞,Verb,to retire,JLPT JLPT_2 JLPT_3
やや,やや,副詞,Adverb,"a little, partially, somewhat",JLPT JLPT_2 JLPT_3
唯一,ゆいいつ,名詞,Noun,"only, sole, unique",JLPT JLPT_2 JLPT_3
勇気,ゆうき,名詞,Noun,"courage, bravery, boldness",JLPT JLPT_2 JLPT_3
友好,ゆうこう,名詞,Noun,friendship,JLPT JLPT_2 JLPT_3
有効,ゆうこう,形状詞,Adjective,"valid, effectual",JLPT Intermediate_Japanese JLPT_3 JLPT_2 Intermediate_Japanese_Ln.10
優秀,ゆうしゅう,形状詞,Adjective,"superiority, excellence",JLPT JLPT_2 JLPT_3
優勝,ゆうしょう,名詞,Noun,"overall victory, championship",JLPT Intermediate_Japanese JLPT_3 JLPT_2 Intermediate_Japanese_Ln.7
友情,ゆうじょう,名詞,Noun,"friendship, fellowship",JLPT JLPT_2 JLPT_3
友人,ゆうじん,名詞,Noun,friend (formal),JLPT Intermediate_Japanese JLPT_3 JLPT_2 Intermediate_Japanese_Ln.15 Intermediate_Japanese_Ln.2
有能,ゆうのう,名詞,Noun,"able, capable, efficient",JLPT JLPT_2 JLPT_3
郵便,ゆうびん,名詞,Noun,"mail, postal service",JLPT JLPT_2 JLPT_3
ユーモア,ユーモア,名詞,Noun,humor,JLPT JLPT_2 JLPT_3
有利,ゆうり,形状詞,Adjective,"advantageous, better",JLPT JLPT_2 JLPT_3
床,ゆか,名詞,Noun,floor,JLPT JLPT_2 JLPT_3
愉快,ゆかい,名詞,Noun,"pleasant, happy",JLPT JLPT_2 JLPT_3
譲る,ゆずる,動詞,Verb,"to turn over, to assign, to hand over",JLPT JLPT_2 JLPT_3
豊か,ゆたか,形状詞,Adjective,"abundant, wealthy, plentiful, rich",JLPT JLPT_2 JLPT_3
茹でる,ゆでる,動詞,Verb,to boil,JLPT JLPT_2 JLPT_3
許す,ゆるす,動詞,Verb,"to permit, to allow, to approve",JLPT Intermediate_Japanese JLPT_3 JLPT_2 Intermediate_Japanese_Ln.8
夜,よ,名詞,Noun,"evening, night",JLPT JLPT_2 JLPT_3
夜明け,よあけ,名詞,Noun,"dawn, daybreak",JLPT JLPT_2 JLPT_3
酔う,よう,動詞,Verb,to get drunk,JLPT JLPT_2 JLPT_3
容易,ようい,形状詞,Adjective,"easy, simple, plain",JLPT JLPT_2 JLPT_3
容器,ようき,名詞,Noun,"container, vessel",JLPT JLPT_2 JLPT_3
陽気,ようき,名詞,Noun,"season, weather, cheerfulness",JLPT JLPT_2 JLPT_3
要求,ようきゅう,名詞,Noun,"request, demand",JLPT JLPT_2 JLPT_3
用心,ようじん,名詞,Noun,"care, precaution, caution",JLPT JLPT_2 JLPT_3
様子,ようす,名詞,Noun,"aspect, state, appearance",JLPT JLPT_2 JLPT_3
要するに,ようするに,動詞,Verb,"in a word, after all, in short …",JLPT JLPT_2 JLPT_3
要素,ようそ,名詞,Noun,element,JLPT JLPT_2 JLPT_3
要点,ようてん,名詞,Noun,"gist, main point",JLPT JLPT_2 JLPT_3
曜日,ようび,名詞,Noun,day of the week,JLPT JLPT_2 JLPT_3
ヨーロッパ,ヨーロッパ,名詞,Noun,Europe,JLPT JLPT_2 JLPT_3
予期,よき,名詞,Noun,"expectation, forecast",JLPT JLPT_2 JLPT_3
横切る,よこぎる,動詞,Verb,"to cross (e.g., arms), to traverse",JLPT JLPT_2 JLPT_3
汚す,よごす,動詞,Verb,"to pollute, to make dirty",JLPT JLPT_2 JLPT_3
予算,よさん,名詞,Noun,"estimate, budget",JLPT JLPT_2 JLPT_3
止す,よす,動詞,Verb,"to cease, to give up",JLPT JLPT_2 JLPT_3
寄せる,よせる,動詞,Verb,"to collect, to gather, to put aside",JLPT JLPT_2 JLPT_3
予測,よそく,名詞,Noun,"prediction, estimation",JLPT JLPT_2 JLPT_3
ヨット,ヨット,名詞,Noun,yacht,JLPT JLPT_2 JLPT_3
夜中,よなか,名詞,Noun,"midnight, dead of night",JLPT JLPT_2 JLPT_3
世の中,よのなか,名詞,Noun,"society, the world",JLPT Intermediate_Japanese JLPT_3 JLPT_2 Intermediate_Japanese_Ln.14
余分,よぶん,名詞,Noun,"extra, excess, surplus",JLPT JLPT_2 JLPT_3
予報,よほう,名詞,Noun,"forecast, prediction",JLPT JLPT_2 JLPT_3
予防,よぼう,名詞,Noun,"prevention, protection against",JLPT JLPT_2 JLPT_3
読み,よみ,名詞,Noun,reading,JLPT JLPT_2 JLPT_3
嫁,よめ,名詞,Noun,"bride, daughter-in-law",JLPT JLPT_2 JLPT_3
余裕,よゆう,名詞,Noun,excess; surplus,JLPT Intermediate_Japanese JLPT_3 JLPT_2 Intermediate_Japanese_Ln.15
より,より,副詞,Adverb,"twist, ply",JLPT JLPT_2 JLPT_3
因る,よる,動詞,Verb,to come from,JLPT JLPT_2 JLPT_3
喜び,よろこび,名詞,Noun,"joy, pleasure, rejoicing",JLPT JLPT_2 JLPT_3
よろしく (かん),よろしく (かん),副詞,Adverb,"best regards, please remember me",JLPT JLPT_2 JLPT_3
四,よん,名詞,Noun,four,JLPT JLPT_2 JLPT_3
来,らい～,動詞,Verb,next ~,JLPT JLPT_2 JLPT_3
ライター,ライター,名詞,Noun,lighter; writer,JLPT JLPT_2 JLPT_3
楽,らく,名詞,Noun,"comfort, ease",JLPT JLPT_2 JLPT_3
ラケット,ラケット,名詞,Noun,racket,JLPT JLPT_2 JLPT_3
利益,りえき,名詞,Noun,"profits, gains",JLPT JLPT_2 JLPT_3
理解,りかい,名詞,Noun,"understanding, comprehension",JLPT JLPT_2 JLPT_3
陸,りく,名詞,Noun,"land, shore",JLPT JLPT_2 JLPT_3
利口,りこう,形状詞,Adjective,"clever, shrewd, bright",JLPT JLPT_2 JLPT_3
離婚,りこん,名詞,Noun,divorce,JLPT JLPT_2 JLPT_3
理想,りそう,名詞,Noun,ideal,JLPT JLPT_3 JLPT_2 Genki_Ln.23 Genki
率,りつ,名詞,Noun,"rate, ratio, percentage",JLPT JLPT_2 JLPT_3
留学,りゅうがく,名詞,Noun,studying abroad,JLPT JLPT_2 JLPT_3
流行,りゅうこう,名詞,Noun,"fashionable, fad, prevailing",JLPT JLPT_2 JLPT_3
量,りょう,名詞,Noun,"quantity, amount",JLPT JLPT_2 JLPT_3
寮,りょう,名詞,Noun,"hostel, dormitory",Genki_Ln.17 JLPT Intermediate_Japanese JLPT_3 JLPT_2 Intermediate_Japanese_Ln.2 Genki
両替,りょうがえ,名詞,Noun,"change, money exchange",JLPT JLPT_2 JLPT_3
料金,りょうきん,名詞,Noun,"fee, charge, fare",JLPT Intermediate_Japanese JLPT_3 JLPT_2 Intermediate_Japanese_Ln.10
例,れい,名詞,Noun,"instance, example, case",JLPT Intermediate_Japanese JLPT_3 JLPT_2 Intermediate_Japanese_Ln.2
礼,れい,名詞,Noun,expression of gratitude; bow,JLPT JLPT_2 JLPT_3
例外,れいがい,名詞,Noun,exception,JLPT JLPT_2 JLPT_3
礼儀,れいぎ,名詞,Noun,"manners, courtesy, etiquette",JLPT JLPT_2 JLPT_3
冷静,れいせい,名詞,Noun,"calm, coolness",JLPT JLPT_2 JLPT_3
列,れつ,名詞,Noun,"queue, line, row",JLPT JLPT_2 JLPT_3
列車,れっしゃ,名詞,Noun,train (ordinary),JLPT JLPT_2 JLPT_3
レベル,レベル,名詞,Noun,level,JLPT Intermediate_Japanese JLPT_3 JLPT_2 Intermediate_Japanese_Ln.5
連想,れんそう,名詞,Noun,"association (of ideas), suggestion",JLPT JLPT_2 JLPT_3
連続,れんぞく,名詞,Noun,"consecutive, continuity, continuing",JLPT JLPT_2 JLPT_3
老人,ろうじん,名詞,Noun,"the aged, old person",JLPT JLPT_2 JLPT_3
労働,ろうどう,名詞,Noun,"labor, work",JLPT JLPT_2 JLPT_3
ロケット,ロケット,名詞,Noun,"locket, rocket",JLPT JLPT_2 JLPT_3
論じる,ろんじる,動詞,Verb,"to argue, to discuss",JLPT JLPT_2 JLPT_3
論争,ろんそう,名詞,Noun,"controversy, dispute",JLPT JLPT_2 JLPT_3
論文,ろんぶん,名詞,Noun,"thesis, paper",JLPT JLPT_2 JLPT_3
輪,わ,名詞,Noun,"ring, hoop, circle",JLPT JLPT_2 JLPT_3
ワイン,ワイン,名詞,Noun,wine,JLPT Intermediate_Japanese JLPT_3 JLPT_2 Intermediate_Japanese_Ln.9
わがまま,わがまま,名詞,Noun,"selfishness, egoism, willfulness",JLPT JLPT_2 JLPT_3
別れ,わかれ,名詞,Noun,"parting, separation, farewell",JLPT JLPT_2 JLPT_3
分かれる,わかれる,動詞,Verb,"to branch off, to diverge from",JLPT JLPT_2 JLPT_3
脇,わき,名詞,Noun,side,JLPT JLPT_2 JLPT_3
湧く,わく,動詞,Verb,"to boil, to grow hot",JLPT JLPT_2 JLPT_3
分ける,わける,動詞,Verb,"to divide, to separate",JLPT JLPT_2 JLPT_3
わざと,わざと,副詞,Adverb,on purpose,JLPT JLPT_2 JLPT_3
僅か,わずか,形状詞,Adjective,"only, merely, a little",JLPT JLPT_2 JLPT_3
綿,わた,名詞,Noun,cotton,JLPT JLPT_2 JLPT_3
話題,わだい,名詞,Noun,"topic, subject",JLPT JLPT_2 JLPT_3
笑い,わらい,名詞,Noun,"laugh, laughter, smile",JLPT JLPT_2 JLPT_3
割る,わる,動詞,Verb,"to divide, to break",JLPT JLPT_2 JLPT_3
悪口,わるくち,名詞,Noun,"abuse, insult",JLPT JLPT_2 JLPT_3
我々,われわれ,代名詞,Noun,we,JLPT JLPT_2 JLPT_3
湾,わん,名詞,Noun,"bay, gulf, inlet",JLPT JLPT_2 JLPT_3
椀,わん,名詞,Noun,bowl,JLPT JLPT_2 JLPT_3
碗,わん,名詞,Noun,bowl,JLPT JLPT_2 JLPT_3
悪,あく,形容詞,Adjective,"evil, vice",JLPT_1 JLPT JLPT_3
当り,あたり,名詞,Noun,"hit, success, reaching the mark",JLPT_1 JLPT JLPT_3
アップ,アップ,名詞,Noun,up,JLPT_1 JLPT JLPT_3
宛てる,あてる,動詞,Verb,"to address, to put",JLPT_1 JLPT JLPT_3
アンケート,アンケート,名詞,Noun,"questionnaire (FRE: enquete), survey",JLPT_1 JLPT JLPT_3
異,い,名詞,Noun,objection,JLPT_1 JLPT JLPT_3
意,い,名詞,Noun,will,JLPT_1 JLPT JLPT_3
医院,いいん,名詞,Noun,"doctor's office (surgery), clinic",JLPT_1 JLPT JLPT_3
怒り,いかり,名詞,Noun,anger,JLPT_1 JLPT JLPT_3
粋,いき,名詞,Noun,"chic, style, purity",JLPT_1 JLPT JLPT_3
意地,いじ,名詞,Noun,"disposition, spirit, obstinacy, appetite",JLPT_1 JLPT JLPT_3
依然,いぜん,副詞,Adverb,"still, as yet",JLPT_1 JLPT JLPT_3
傷める,いためる,動詞,Verb,"to damage, to impair, to spoil",JLPT_1 JLPT JLPT_3
炒める,いためる,動詞,Verb,to stir-fry,JLPT_1 JLPT JLPT_3
一帯,いったい,名詞,Noun,"a region, the whole place",JLPT_1 JLPT JLPT_3
異動,いどう,名詞,Noun,"a change, transfer",JLPT_1 JLPT JLPT_3
衣料,いりょう,名詞,Noun,clothing,JLPT_1 JLPT JLPT_3
渦,うず,名詞,Noun,swirl,JLPT_1 JLPT JLPT_3
埋まる,うまる,動詞,Verb,"to be buried, to be filled",JLPT_1 JLPT JLPT_3
産む,うむ,動詞,Verb,"to give birth (v.t.), to deliver, to produce",JLPT Intermediate_Japanese JLPT_1 JLPT_3 Intermediate_Japanese_Ln.14
縁,えん,名詞,Noun,"chance, tie, relationship",JLPT_1 JLPT JLPT_3
尾,お,名詞,Noun,"tail, ridge",JLPT_1 JLPT JLPT_3
負う,おう,動詞,Verb,"to bear, to owe",JLPT_1 JLPT JLPT_3
遅れ,おくれ,名詞,Noun,"delay, lag",JLPT Intermediate_Japanese JLPT_1 JLPT_3 Intermediate_Japanese_Ln.14
教え,おしえ,名詞,Noun,"teachings, doctrine",JLPT_1 JLPT JLPT_3
驚き,おどろき,名詞,Noun,"surprise, astonishment, wonder",JLPT_1 JLPT JLPT_3
織る,おる,動詞,Verb,to weave,JLPT_1 JLPT JLPT_3
欠く,かく,動詞,Verb,"to lack, to crack",JLPT_1 JLPT JLPT_3
角,かく,名詞,Noun,angle,JLPT_1 JLPT JLPT_3
核,かく,名詞,Noun,"nucleus, kernel",JLPT_1 JLPT JLPT_3
格,かく,名詞,Noun,"status, character, case",JLPT_1 JLPT JLPT_3
学歴,がくれき,名詞,Noun,academic background,JLPT_1 JLPT JLPT_3
駆ける,かける,動詞,Verb,to run,JLPT_1 JLPT JLPT_3
賭ける,かける,動詞,Verb,"to bet, to risk, to gamble",JLPT_1 JLPT JLPT_3
課題,かだい,名詞,Noun,"subject, theme, task",JLPT_1 JLPT JLPT_3
片付け,かたづけ,名詞,Noun,"tidying up, finishing",JLPT_1 JLPT JLPT_3
加味,かみ,名詞,Noun,"seasoning, flavoring",JLPT_1 JLPT JLPT_3
借り,かり,動詞,Verb,"borrowing, debt, loan",JLPT_1 JLPT JLPT_3
狩り,かり,名詞,Noun,hunting,JLPT_1 JLPT JLPT_3
管,かん,名詞,Noun,"pipe, tube",JLPT_1 JLPT JLPT_3
～観,かん,名詞,Noun,"feeling, view",JLPT_1 JLPT JLPT_3
癌,がん,名詞,Noun,cancer,JLPT_1 JLPT JLPT_3
刊行,かんこう,名詞,Noun,"publication, issue",JLPT_1 JLPT JLPT_3
慣行,かんこう,名詞,Noun,"customary practice, habit, traditional event",JLPT_1 JLPT JLPT_3
歓声,かんせい,名詞,Noun,"cheer, shout of joy",JLPT_1 JLPT JLPT_3
官僚,かんりょう,名詞,Noun,"bureaucrat, bureaucracy",JLPT_1 JLPT JLPT_3
器官,きかん,名詞,Noun,"organ (of body, instrument)",JLPT_1 JLPT JLPT_3
季刊,きかん,名詞,Noun,"quarterly (e.g., magazine)",JLPT_1 JLPT JLPT_3
起源,きげん,名詞,Noun,"origin, beginning, rise",JLPT_1 JLPT JLPT_3
機構,きこう,名詞,Noun,"mechanism, organization",JLPT_1 JLPT JLPT_3
築く,きずく,動詞,Verb,"to build, to establish",JLPT_1 JLPT JLPT_3
規制,きせい,名詞,Noun,regulation,JLPT_1 JLPT JLPT_3
丘陵,きゅうりょう,名詞,Noun,hill,JLPT_1 JLPT JLPT_3
協議,きょうぎ,名詞,Noun,"conference, discussion, negotiation",JLPT_1 JLPT JLPT_3
享受,きょうじゅ,名詞,Noun,"enjoyment, being given",JLPT_1 JLPT JLPT_3
協調,きょうちょう,名詞,Noun,"co-operation, conciliation, harmony",JLPT_1 JLPT JLPT_3
切り,きり,名詞,Noun,"limits, place to leave off",JLPT_1 JLPT JLPT_3
菌,きん,名詞,Noun,"germ, bacterium",JLPT_1 JLPT JLPT_3
近視,きんし,名詞,Noun,nearsightedness,JLPT_1 JLPT JLPT_3
苦,く,名詞,Noun,"trouble, worry, difficulty",JLPT_1 JLPT JLPT_3
群,ぐん,名詞,Noun,group,JLPT_1 JLPT JLPT_3
刑,けい,名詞,Noun,"penalty, sentence, punishment",JLPT_1 JLPT JLPT_3
経緯,けいい,名詞,Noun,"sequence of events, course",JLPT_1 JLPT JLPT_3
計器,けいき,名詞,Noun,"meter, gauge",JLPT_1 JLPT JLPT_3
契機,けいき,名詞,Noun,"opportunity, chance",JLPT_1 JLPT JLPT_3
携帯,けいたい,名詞,Noun,carrying something; mobile telephone,JLPT_1 JLPT JLPT_3
形態,けいたい,名詞,Noun,"form, shape, figure",JLPT_1 JLPT JLPT_3
血管,けっかん,名詞,Noun,blood vessel,JLPT_1 JLPT JLPT_3
決行,けっこう,名詞,Noun,"doing (with resolve), carrying out (e.g., a plan)",JLPT_1 JLPT JLPT_3
件,けん,名詞,Noun,"matter, case, item",JLPT_1 JLPT JLPT_3
減少,げんしょう,名詞,Noun,"decrease, reduction, decline",JLPT_1 JLPT JLPT_3
公演,こうえん,名詞,Noun,public performance,JLPT_1 JLPT JLPT_3
後悔,こうかい,名詞,Noun,"regret, repentance",JLPT_1 JLPT JLPT_3
航海,こうかい,名詞,Noun,"sail, voyage",JLPT_1 JLPT JLPT_3
拘束,こうそく,名詞,Noun,"restriction, restraint",JLPT_1 JLPT JLPT_3
荒廃,こうはい,名詞,Noun,ruin,JLPT_1 JLPT JLPT_3
降伏,こうふく,名詞,Noun,"capitulation, surrender, submission",JLPT_1 JLPT JLPT_3
興奮,こうふん,名詞,Noun,"excitement, stimulation",JLPT_1 JLPT JLPT_3
語句,ごく,名詞,Noun,"words, phrases",JLPT_1 JLPT JLPT_3
個々,ここ,名詞,Noun,"individual, one by one",JLPT_1 JLPT JLPT_3
故人,こじん,名詞,Noun,the deceased,JLPT_1 JLPT JLPT_3
小銭,こぜに,名詞,Noun,"coins, small change",JLPT_1 JLPT JLPT_3
ことによると,ことによると,副詞,Adverb,(depending on the circumstances),JLPT_1 JLPT JLPT_3
コンテスト,コンテスト,名詞,Noun,contest,JLPT_1 JLPT JLPT_3
採集,さいしゅう,名詞,Noun,"collecting, gathering",JLPT_1 JLPT JLPT_3
作,さく,名詞,Noun,"a work, a harvest",JLPT_1 JLPT JLPT_3
策,さく,名詞,Noun,"plan, policy",JLPT_1 JLPT JLPT_3
設備,せつび,名詞,Noun,"equipment, device, facilities",JLPT JLPT_2 JLPT_3
絶滅,ぜつめつ,名詞,Noun,"destruction, extinction",JLPT JLPT_2 JLPT_3
節約,せつやく,名詞,Noun,"economizing, saving",JLPT JLPT_2 JLPT_3
攻める,せめる,動詞,Verb,"to attack, to assault",JLPT JLPT_2 JLPT_3
責める,せめる,動詞,Verb,"to condemn, to blame, to criticize",JLPT JLPT_2 JLPT_3
善,ぜん,名詞,Noun,"good, virtue",JLPT JLPT_2 JLPT_3
全,ぜん,名詞,Noun,"all, whole, entire",JLPT JLPT_2 JLPT_3
全員,ぜんいん,名詞,Noun,all members,JLPT JLPT_2 JLPT_3
専攻,せんこう,名詞,Noun,"major subject, special study",JLPT JLPT_2 JLPT_3
全国,ぜんこく,名詞,Noun,"the entire nation, country-wide, nation-wide",JLPT Intermediate_Japanese JLPT_3 JLPT_2 Intermediate_Japanese_Ln.7
洗剤,せんざい,名詞,Noun,detergent,JLPT JLPT_2 JLPT_3
先日,せんじつ,名詞,Noun,"the other day, a few days ago",JLPT Intermediate_Japanese JLPT_3 JLPT_2 Intermediate_Japanese_Ln.2
前者,ぜんしゃ,名詞,Noun,the former,JLPT JLPT_2 JLPT_3
選手,せんしゅ,名詞,Noun,player selected for a team (usually athletic),JLPT Intermediate_Japanese JLPT_3 JLPT_2 Intermediate_Japanese_Ln.7
全身,ぜんしん,名詞,Noun,"the whole body, full-length (portrait)",JLPT JLPT_2 JLPT_3
前進,ぜんしん,名詞,Noun,"advance, drive, progress",JLPT JLPT_2 JLPT_3
センター,センター,名詞,Noun,center,JLPT JLPT_2 JLPT_3
全体,ぜんたい,名詞,Noun,"whole, entirety, whatever (is the matter)",JLPT JLPT_2 JLPT_3
選択,せんたく,名詞,Noun,"selection, choice",JLPT JLPT_2 JLPT_3
宣伝,せんでん,名詞,Noun,"advertisement, publicity",JLPT JLPT_2 JLPT_3
象,ぞう,名詞,Noun,elephant,JLPT Genki_Ln.13 JLPT_3 JLPT_2 Genki
騒音,そうおん,名詞,Noun,noise,JLPT JLPT_2 JLPT_3
増加,ぞうか,名詞,Noun,"increase, addition",JLPT JLPT_2 JLPT_3
操作,そうさ,名詞,Noun,"operation, management, processing",JLPT JLPT_2 JLPT_3
想像,そうぞう,名詞,Noun,"imagination, guess",JLPT JLPT_2 JLPT_3
相続,そうぞく,名詞,Noun,"succession, inheritance",JLPT JLPT_2 JLPT_3
装置,そうち,名詞,Noun,"equipment, installation, apparatus",JLPT JLPT_2 JLPT_3
相当,そうとう,名詞,Noun,"considerably, fairly; worth ~",JLPT JLPT_2 JLPT_3
速度,そくど,名詞,Noun,"speed, velocity, rate",JLPT JLPT_2 JLPT_3
底,そこ,名詞,Noun,"bottom, sole",JLPT JLPT_2 JLPT_3
そこで,そこで,代名詞,Noun,"so (conj.), accordingly",JLPT JLPT_2 JLPT_3
組織,そしき,名詞,Noun,organization; structure; tissue,JLPT JLPT_2 JLPT_3
そして,そして,接続詞,Other,and then,JLPT Genki_Ln.11 JLPT_3 JLPT_2 Genki
注ぐ,そそぐ,動詞,Verb,to pour (into),JLPT JLPT_2 JLPT_3
育つ,そだつ,動詞,Verb,"to be brought up, to grow (up)",JLPT JLPT_2 JLPT_3
そっくり,そっくり,形状詞,Adjective,the splitting image of; entirely,JLPT JLPT_2 JLPT_3
そっと,そっと,副詞,Adverb,"softly, gently",JLPT JLPT_2 JLPT_3
袖,そで,名詞,Noun,sleeve,JLPT JLPT_2 JLPT_3
備える,そなえる,動詞,Verb,"to prepare, to furnish, to store",JLPT JLPT_2 JLPT_3
具える,そなえる,動詞,Verb,to be furnished with,JLPT JLPT_2 JLPT_3
そのうえ,そのうえ,接続詞,Other,"in addition, furthermore",JLPT JLPT_2 JLPT_3
そのうち,そのうち,副詞,Adverb,"before long, eventually, sooner or later",JLPT Intermediate_Japanese JLPT_3 JLPT_2 Intermediate_Japanese_Ln.1
そのまま,そのまま,副詞,Adverb,"without change, as it is (e.g., now)",JLPT JLPT_2 JLPT_3
蕎麦,そば,名詞,Noun,soba (buckwheat noodles),JLPT JLPT_2 JLPT_3
ソファー,ソファー,名詞,Noun,"sofa, couch",JLPT Intermediate_Japanese JLPT_3 JLPT_2 Intermediate_Japanese_Ln.12
粗末,そまつ,形状詞,Adjective,"humble, miserable, crude",JLPT JLPT_2 JLPT_3
それぞれ,それぞれ,名詞,Noun,"each, every, respectively",JLPT JLPT_2 JLPT_3
それでも,それでも,代名詞,Noun,"but (still), and yet, nevertheless",JLPT JLPT_2 JLPT_3
それと,それと,代名詞,Noun,and,JLPT JLPT_2 JLPT_3
それとも,それとも,代名詞,Noun,"or, or else",JLPT JLPT_2 JLPT_3
揃う,そろう,動詞,Verb,"to become complete, to be equal",JLPT JLPT_2 JLPT_3
揃える,そろえる,動詞,Verb,"to put things in order, to arrange",JLPT JLPT_2 JLPT_3
損,そん,名詞,Noun,"loss, disadvantage",JLPT JLPT_2 JLPT_3
損害,そんがい,名詞,Noun,"damage, loss",JLPT JLPT_2 JLPT_3
尊敬,そんけい,名詞,Noun,"respect, reverence, honor",JLPT JLPT_2 JLPT_3
存在,そんざい,名詞,Noun,"existence, being",JLPT JLPT_2 JLPT_3
尊重,そんちょう,名詞,Noun,"respect, esteem, regard",JLPT JLPT_2 JLPT_3
田,た,名詞,Noun,rice field,JLPT JLPT_2 JLPT_3
他,た,名詞,Noun,other (esp. places and things),JLPT JLPT_2 JLPT_3
対,たい,名詞,Noun,"pair, couple, set",JLPT JLPT_2 JLPT_3
大,だい,接頭辞,Other,"big, great",JLPT JLPT_2 JLPT_3
題,だい,名詞,Noun,"title, subject, theme",JLPT JLPT_2 JLPT_3
体育,たいいく,名詞,Noun,"physical education, gymnastics, athletics",JLPT JLPT_2 JLPT_3
体温,たいおん,名詞,Noun,temperature (body),JLPT JLPT_2 JLPT_3
大会,たいかい,名詞,Noun,"convention, (big) tournament, mass meeting",JLPT Intermediate_Japanese JLPT_3 JLPT_2 Intermediate_Japanese_Ln.7
大気,たいき,名詞,Noun,atmosphere,JLPT JLPT_2 JLPT_3
代金,だいきん,名詞,Noun,"price, cost",JLPT JLPT_2 JLPT_3
退屈,たいくつ,名詞,Noun,"tedium, boring",JLPT JLPT_2 JLPT_3
滞在,たいざい,名詞,Noun,"stay, sojourn",JLPT JLPT_2 JLPT_3
大使,たいし,名詞,Noun,ambassador,JLPT JLPT_2 JLPT_3
大した,たいした,連体詞,Other,"significant, great, considerable",JLPT Intermediate_Japanese JLPT_3 JLPT_2 Intermediate_Japanese_Ln.13
体重,たいじゅう,名詞,Noun,(body) weight,JLPT Intermediate_Japanese JLPT_3 JLPT_2 Intermediate_Japanese_Ln.4
対象,たいしょう,名詞,Noun,"target; object (of worship, study, etc.); subject (i.e., of taxation)",JLPT Intermediate_Japanese JLPT_3 JLPT_2 Intermediate_Japanese_Ln.8
対照,たいしょう,名詞,Noun,"contrast, antithesis, comparison",JLPT JLPT_2 JLPT_3
大臣,だいじん,名詞,Noun,cabinet minister,JLPT JLPT_2 JLPT_3
対する,たいする,動詞,Verb,"to face, to confront, to oppose",JLPT JLPT_2 JLPT_3
大戦,たいせん,名詞,Noun,"great war, great battle",JLPT JLPT_2 JLPT_3
態度,たいど,名詞,Noun,"attitude, manner",JLPT Intermediate_Japanese JLPT_3 JLPT_2 Intermediate_Japanese_Ln.3
大統領,だいとうりょう,名詞,Noun,president,JLPT JLPT_2 JLPT_3
大半,たいはん,名詞,Noun,"most of, majority, mostly",JLPT Intermediate_Japanese JLPT_3 JLPT_2 Intermediate_Japanese_Ln.13
代表,だいひょう,名詞,Noun,"representative, delegation",JLPT Intermediate_Japanese JLPT_3 JLPT_2 Intermediate_Japanese_Ln.7
大部分,だいぶぶん,名詞,Noun,"most part, majority",JLPT JLPT_2 JLPT_3
タイプライター,タイプライター,名詞,Noun,typewriter,JLPT JLPT_2 JLPT_3
逮捕,たいほ,名詞,Noun,"arrest, apprehension, capture",JLPT JLPT_2 JLPT_3
題名,だいめい,名詞,Noun,title,JLPT JLPT_2 JLPT_3
ダイヤ,ダイヤ,名詞,Noun,(railway) schedule; diamond,JLPT JLPT_2 JLPT_3
太陽,たいよう,名詞,Noun,sun,JLPT JLPT_2 JLPT_3
平ら,たいら,形状詞,Adjective,"flatness, level, smooth",JLPT JLPT_2 JLPT_3
代理,だいり,名詞,Noun,"representation, proxy, deputy",JLPT JLPT_2 JLPT_3
大陸,たいりく,名詞,Noun,continent,JLPT Intermediate_Japanese JLPT_3 JLPT_2 Intermediate_Japanese_Ln.8
倒す,たおす,動詞,Verb,"to throw down, to beat",JLPT JLPT_2 JLPT_3
タオル,タオル,名詞,Noun,(hand) towel,JLPT Genki_Ln.18 JLPT_3 JLPT_2 Genki
だが,だが,接続詞,Other,"but, however",JLPT JLPT_2 JLPT_3
互い,たがい,名詞,Noun,"mutual, each other",JLPT JLPT_2 JLPT_3
高める,たかめる,動詞,Verb,"to raise, to lift, to boost",JLPT JLPT_2 JLPT_3
宝,たから,名詞,Noun,treasure,JLPT JLPT_2 JLPT_3
宅,たく,名詞,Noun,"house, home",JLPT JLPT_2 JLPT_3
炊く,たく,動詞,Verb,"to boil, to cook",JLPT JLPT_2 JLPT_3
焚く,たく,動詞,Verb,"to burn, to kindle, to build a fire",JLPT JLPT_2 JLPT_3
抱く,だく,動詞,Verb,"to embrace, to hug",JLPT JLPT_2 JLPT_3
だけど,だけど,接続詞,Other,however,JLPT JLPT_2 JLPT_3
たしか,たしか,形状詞,Adjective,"certain, sure, if I remember correctly",JLPT JLPT_2 JLPT_3
確かめる,たしかめる,動詞,Verb,"to ascertain, to make sure",JLPT JLPT_2 JLPT_3
多少,たしょう,名詞,Noun,a little (same as 少し (すこし)),JLPT Intermediate_Japanese JLPT_3 JLPT_2 Intermediate_Japanese_Ln.13
助かる,たすかる,動詞,Verb,to be saved; (something) helps (v.i.),JLPT Intermediate_Japanese Genki_Ln.18 JLPT_3 JLPT_2 Intermediate_Japanese_Ln.4 Genki
助ける,たすける,動詞,Verb,"to help (v.t.), to save, to rescue",JLPT Intermediate_Japanese JLPT_3 JLPT_2 Genki Genki_Ln.22 Intermediate_Japanese_Ln.3
ただ,ただ,副詞,Adverb,free of charge; just (~); only (~),JLPT Intermediate_Japanese JLPT_3 JLPT_2 Intermediate_Japanese_Ln.9 Genki_Ln.23 Genki
只,ただ,副詞,Adverb,"free of charge, mere, only",JLPT JLPT_2 JLPT_3
唯,ただ,副詞,Adverb,"mere, sole, plain",JLPT JLPT_2 JLPT_3
戦い,たたかい,名詞,Noun,"battle, fight",JLPT JLPT_2 JLPT_3
戦う,たたかう,動詞,Verb,"to fight, to compete, to battle",JLPT Intermediate_Japanese JLPT_3 JLPT_2 Intermediate_Japanese_Ln.7
叩く,たたく,動詞,Verb,"to strike, to beat",JLPT JLPT_2 JLPT_3
直ちに,ただちに,副詞,Adverb,"at once, immediately",JLPT JLPT_2 JLPT_3
畳む,たたむ,動詞,Verb,to fold (clothes),JLPT JLPT_2 JLPT_3
立ち上がる,たちあがる,動詞,Verb,to stand up,JLPT JLPT_2 JLPT_3
立場,たちば,名詞,Noun,"standpoint, position, situation",JLPT JLPT_2 JLPT_3
建つ,たつ,動詞,Verb,"to stand; to be built (v.i.), to erect, to be erected",JLPT Intermediate_Japanese JLPT_3 JLPT_2 Intermediate_Japanese_Ln.10
経つ,たつ,動詞,Verb,(time) passes,JLPT Intermediate_Japanese JLPT_3 JLPT_2 Intermediate_Japanese_Ln.4
達する,たっする,動詞,Verb,"to reach, to get to",JLPT JLPT_2 JLPT_3
唯,たった,副詞,Adverb,"only, just",JLPT JLPT_2 JLPT_3
だって,だって,接続詞,Other,"but, because, even",JLPT JLPT_2 JLPT_3
たっぷり,たっぷり,副詞,Adverb,"full, in plenty, ample",JLPT JLPT_2 JLPT_3
たとえ,たとえ,副詞,Adverb,"even if, no matter, though",JLPT JLPT_2 JLPT_3
谷,たに,名詞,Noun,valley,JLPT JLPT_2 JLPT_3
他人,たにん,名詞,Noun,"unrelated person, stranger",JLPT JLPT_2 JLPT_3
種,たね,名詞,Noun,seed; material; cause,JLPT JLPT_2 JLPT_3
束,たば,名詞,Noun,"bunch, bundle",JLPT JLPT_2 JLPT_3
足袋,たび,名詞,Noun,Japanese socks (with split toe),JLPT JLPT_2 JLPT_3
度,たび,名詞,Noun,counter for occurrences,JLPT JLPT_2 JLPT_3
旅,たび,名詞,Noun,"travel, trip, journey",JLPT JLPT_2 JLPT_3
たびたび,たびたび,副詞,Adverb,"often, repeatedly, frequently",JLPT JLPT_2 JLPT_3
玉,たま,名詞,Noun,"ball, sphere, coin",JLPT JLPT_2 JLPT_3
球,たま,名詞,Noun,"globe, sphere, ball",JLPT JLPT_2 JLPT_3
弾,たま,名詞,Noun,"bullet, shot",JLPT JLPT_2 JLPT_3
偶,たま,副詞,Adverb,"even number, couple, friend",JLPT JLPT_2 JLPT_3
騙す,だます,動詞,Verb,"to trick, to cheat, to deceive",JLPT JLPT_2 JLPT_3
偶々,たまたま,副詞,Adverb,"unexpectedly, accidentally, by chance",JLPT JLPT_2 JLPT_3
たまらない,たまらない,動詞,Verb,"intolerable, unbearable, unendurable",JLPT JLPT_2 JLPT_3
溜まる,たまる,動詞,Verb,"to collect, to gather, to accumulate",JLPT JLPT_2 JLPT_3
黙る,だまる,動詞,Verb,to be silent,JLPT JLPT_2 JLPT_3
試し,ためし,名詞,Noun,"trial, test",JLPT JLPT_2 JLPT_3
試す,ためす,動詞,Verb,"to attempt, to test",JLPT JLPT_2 JLPT_3
溜める,ためる,動詞,Verb,"to accumulate, to collect",JLPT JLPT_2 JLPT_3
便り,たより,名詞,Noun,"news, correspondence, letter",JLPT JLPT_2 JLPT_3
頼る,たよる,動詞,Verb,"to rely on, to have recourse to, to depend on",JLPT JLPT_2 JLPT_3
段,だん,名詞,Noun,"step, stair, grade",JLPT JLPT_2 JLPT_3
単位,たんい,名詞,Noun,"credit (for a course in school); unit, denomination",JLPT Intermediate_Japanese JLPT_3 JLPT_2 Intermediate_Japanese_Ln.3
単語,たんご,名詞,Noun,word; vocabulary,JLPT JLPT_3 JLPT_2 Genki_Ln.9 Genki
男子,だんし,名詞,Noun,young man,JLPT JLPT_2 JLPT_3
単純,たんじゅん,形状詞,Adjective,simplicity,JLPT JLPT_2 JLPT_3
誕生,たんじょう,名詞,Noun,birth,JLPT JLPT_2 JLPT_3
ダンス,ダンス,名詞,Noun,dance,JLPT JLPT_2 JLPT_3
団体,だんたい,名詞,Noun,"organization, association",JLPT JLPT_2 JLPT_3
担当,たんとう,名詞,Noun,(in) charge,JLPT JLPT_2 JLPT_3
単なる,たんなる,連体詞,Other,"mere, simple, sheer",JLPT Intermediate_Japanese JLPT_3 JLPT_2 Intermediate_Japanese_Ln.15
単に,たんに,副詞,Adverb,"simply, merely",JLPT JLPT_2 JLPT_3
地,ち,名詞,Noun,earth,JLPT JLPT_2 JLPT_3
地位,ちい,名詞,Noun,"(social) position, status",JLPT JLPT_2 JLPT_3
地域,ちいき,名詞,Noun,"area, region",JLPT JLPT_2 JLPT_3
チーズ,チーズ,名詞,Noun,cheese,JLPT Intermediate_Japanese JLPT_3 JLPT_2 Intermediate_Japanese_Ln.9
チーム,チーム,名詞,Noun,team,JLPT Intermediate_Japanese JLPT_3 JLPT_2 Intermediate_Japanese_Ln.7
知恵,ちえ,名詞,Noun,"wisdom, wit, intelligence",JLPT JLPT_2 JLPT_3
地下,ちか,名詞,Noun,"basement, underground",JLPT JLPT_2 JLPT_3
違い,ちがい,名詞,Noun,"difference, discrepancy",Genki_Ln.17 JLPT JLPT_3 JLPT_2 Genki
違いない,ちがいない,助動詞,Other,"(phrase) sure, no mistaking it, for certain",JLPT JLPT_2 JLPT_3
近頃,ちかごろ,名詞,Noun,"lately, recently, nowadays",JLPT JLPT_2 JLPT_3
地球,ちきゅう,名詞,Noun,the earth,JLPT JLPT_2 JLPT_3
地区,ちく,名詞,Noun,"district, section",JLPT JLPT_2 JLPT_3
遅刻,ちこく,名詞,Noun,"lateness, late coming",JLPT JLPT_2 JLPT_3
知事,ちじ,名詞,Noun,prefectural governor,JLPT Intermediate_Japanese JLPT_3 JLPT_2 Intermediate_Japanese_Ln.4
知識,ちしき,名詞,Noun,"knowledge, information",JLPT Intermediate_Japanese JLPT_3 JLPT_2 Intermediate_Japanese_Ln.1
父親,ちちおや,名詞,Noun,father,JLPT JLPT_2 JLPT_3
知能,ちのう,名詞,Noun,"intelligence, brains",JLPT JLPT_2 JLPT_3
地平線,ちへいせん,名詞,Noun,horizon,JLPT JLPT_2 JLPT_3
地方,ちほう,名詞,Noun,"area, locality, region",JLPT JLPT_2 JLPT_3
茶,ちゃ,名詞,Noun,tea,JLPT JLPT_2 JLPT_3
チャンス,チャンス,名詞,Noun,"chance, opportunity",JLPT JLPT_2 JLPT_3
ちゃんと,ちゃんと,副詞,Adverb,"perfectly, properly, exactly",JLPT JLPT_2 JLPT_3
中,ちゅう,名詞,Noun,"inside, middle, among",JLPT JLPT_2 JLPT_3
注,ちゅう,名詞,Noun,"annotation, explanatory note",JLPT JLPT_2 JLPT_3
中央,ちゅうおう,名詞,Noun,"central, center, middle",JLPT JLPT_2 JLPT_3
中学,ちゅうがく,名詞,Noun,"middle school, junior high school",JLPT Intermediate_Japanese JLPT_3 JLPT_2 Intermediate_Japanese_Ln.1
中古,ちゅうこ,名詞,Noun,"used, second-hand",JLPT JLPT_2 JLPT_3
中止,ちゅうし,名詞,Noun,"suspension, stoppage, discontinuance",JLPT JLPT_2 JLPT_3
駐車,ちゅうしゃ,名詞,Noun,"parking (e.g., car)",JLPT JLPT_2 JLPT_3
昼食,ちゅうしょく,名詞,Noun,lunch (same as 昼ご飯 (ひるごはん)),JLPT Intermediate_Japanese JLPT_3 JLPT_2 Intermediate_Japanese_Ln.6
中心,ちゅうしん,名詞,Noun,"center, core",JLPT Intermediate_Japanese JLPT_3 JLPT_2 Intermediate_Japanese_Ln.10
注目,ちゅうもく,名詞,Noun,"notice, attention, observation",JLPT JLPT_2 JLPT_3
注文,ちゅうもん,名詞,Noun,"order, request",JLPT JLPT_2 JLPT_3
長期,ちょうき,名詞,Noun,long time period,JLPT JLPT_2 JLPT_3
調査,ちょうさ,名詞,Noun,survey; investigation,JLPT Intermediate_Japanese JLPT_3 JLPT_2 Intermediate_Japanese_Ln.5
調子,ちょうし,名詞,Noun,"condition, state, tune, tone",JLPT Intermediate_Japanese JLPT_3 JLPT_2 Intermediate_Japanese_Ln.5
頂上,ちょうじょう,名詞,Noun,"top, summit, peak",JLPT JLPT_2 JLPT_3
ちょうだい,ちょうだい,名詞,Noun,-- colloquial form of ください please give me; typically used by children or women --,JLPT Intermediate_Japanese JLPT_3 JLPT_2 Intermediate_Japanese_Ln.11
貯金,ちょきん,名詞,Noun,(bank) savings,JLPT JLPT_2 JLPT_3
直接,ちょくせつ,名詞,Noun,"direct, immediate, firsthand",JLPT JLPT_2 JLPT_3
著者,ちょしゃ,名詞,Noun,"author, writer",JLPT JLPT_2 JLPT_3
散らす,ちらす,動詞,Verb,"to scatter, to disperse, to distribute",JLPT JLPT_2 JLPT_3
散る,ちる,動詞,Verb,"to fall, to scatter (e.g., blossoms)",JLPT JLPT_2 JLPT_3
遂に,ついに,副詞,Adverb,"finally, at last",JLPT JLPT_2 JLPT_3
通過,つうか,名詞,Noun,"passage through, passing",JLPT JLPT_2 JLPT_3
通貨,つうか,名詞,Noun,currency,JLPT JLPT_2 JLPT_3
通学,つうがく,名詞,Noun,commuting to school,JLPT JLPT_2 JLPT_3
通勤,つうきん,名詞,Noun,commuting to work,JLPT JLPT_2 JLPT_3
通行,つうこう,名詞,Noun,"passage, passing",JLPT JLPT_2 JLPT_3
通じる,つうじる,動詞,Verb,"to run to, to lead to, to communicate",JLPT JLPT_2 JLPT_3
通信,つうしん,名詞,Noun,"correspondence, communications",JLPT JLPT_2 JLPT_3
通訳,つうやく,名詞,Noun,interpretation; interpreter,JLPT Intermediate_Japanese JLPT_3 JLPT_2 Intermediate_Japanese_Ln.8
捕まる,つかまる,動詞,Verb,to be arrested; to be caught,JLPT JLPT_3 JLPT_2 Genki Genki_Ln.21
掴む,つかむ,動詞,Verb,"to seize, to catch, to grasp",JLPT JLPT_2 JLPT_3
疲れ,つかれ,名詞,Noun,"tiredness, fatigue",JLPT JLPT_2 JLPT_3
付き合い,つきあい,名詞,Noun,socialization; friendship; association,JLPT Intermediate_Japanese JLPT_3 JLPT_2 Intermediate_Japanese_Ln.5
付合う,つきあう,動詞,Verb,"to associate with, to keep company with, to get on with",JLPT JLPT_2 JLPT_3
次々,つぎつぎ,副詞,Adverb,"in succession, one by one",JLPT JLPT_2 JLPT_3
付く,つく,動詞,Verb,"to adjoin, to be attached, to adhere",JLPT JLPT_2 JLPT_3
就く,つく,動詞,Verb,"to settle in (place), to take (seat position), to study (under teacher)",JLPT JLPT_2 JLPT_3
突く,つく,動詞,Verb,"to thrust, to strike; to poke",JLPT JLPT_2 JLPT_3
次ぐ,つぐ,動詞,Verb,"to rank next to, to come after",JLPT JLPT_2 JLPT_3
注ぐ,つぐ,動詞,Verb,to pour (into),JLPT JLPT_2 JLPT_3
付ける,つける,動詞,Verb,"to attach, to join, to add",JLPT JLPT_2 JLPT_3
着ける,つける,動詞,Verb,"to put on, to wear; to draw up",JLPT JLPT_2 JLPT_3
伝わる,つたわる,動詞,Verb,"to be handed down, to be transmitted",JLPT JLPT_2 JLPT_3
土,つち,名詞,Noun,"earth, soil",JLPT JLPT_2 JLPT_3
続き,つづき,動詞,Verb,"sequel, continuation",JLPT JLPT_2 JLPT_3
包み,つつみ,名詞,Noun,"bundle, package",JLPT JLPT_2 JLPT_3
勤め,つとめ,名詞,Noun,"work, employment",JLPT JLPT_2 JLPT_3
務め,つとめ,名詞,Noun,duty,JLPT JLPT_2 JLPT_3
繋がる,つながる,動詞,Verb,"to be connected to, to be related to",JLPT JLPT_2 JLPT_3
繋ぐ,つなぐ,動詞,Verb,"to tie, to fasten, to connect",JLPT JLPT_2 JLPT_3
繋げる,つなげる,動詞,Verb,to connect,JLPT JLPT_2 JLPT_3
常に,つねに,名詞,Noun,always (same as いつも) (written expression),JLPT Intermediate_Japanese JLPT_3 JLPT_2 Intermediate_Japanese_Ln.11
翼,つばさ,名詞,Noun,wings,JLPT JLPT_2 JLPT_3
つまり,つまり,副詞,Adverb,namely; in other words; in short,JLPT Intermediate_Japanese JLPT_3 JLPT_2 Intermediate_Japanese_Ln.2
罪,つみ,名詞,Noun,"crime, fault, indiscretion",JLPT JLPT_2 JLPT_3
積む,つむ,動詞,Verb,"to pile up, to stack",JLPT JLPT_2 JLPT_3
詰める,つめる,動詞,Verb,"to pack, to shorten, to work out (details)",JLPT JLPT_2 JLPT_3
積もる,つもる,動詞,Verb,to pile up,JLPT JLPT_2 JLPT_3
梅雨,つゆ,名詞,Noun,rainy season,JLPT JLPT_2 JLPT_3
辛い,つらい,形容詞,Adjective,"painful, heart-breaking",JLPT JLPT_2 JLPT_3
釣,つり,名詞,Noun,fishing,JLPT JLPT_2 JLPT_3
連れ,つれ,名詞,Noun,"companion, company",JLPT JLPT_2 JLPT_3
出,で,名詞,Noun,"outflow, coming (going) out, graduate (of)",JLPT JLPT_2 JLPT_3
出会い,であい,名詞,Noun,"meeting, rendezvous, encounter",JLPT JLPT_2 JLPT_3
出合い,であい,名詞,Noun,an encounter,JLPT JLPT_2 JLPT_3
出会う,であう,動詞,Verb,"to meet by chance, to come across, to happen to encounter",JLPT JLPT_2 JLPT_3
提案,ていあん,名詞,Noun,"proposal, proposition, suggestion",JLPT JLPT_2 JLPT_3
定期,ていき,名詞,Noun,fixed term,JLPT JLPT_2 JLPT_3
抵抗,ていこう,名詞,Noun,"resistance, opposition",JLPT JLPT_2 JLPT_3
提出,ていしゅつ,名詞,Noun,"presentation, submission, filing",JLPT JLPT_2 JLPT_3
停電,ていでん,名詞,Noun,failure of electricity,JLPT JLPT_2 JLPT_3
程度,ていど,名詞,Noun,"degree, amount, level",JLPT JLPT_2 JLPT_3
停留所,ていりゅうじょ,名詞,Noun,bus or tram stop,JLPT JLPT_2 JLPT_3
デート,デート,名詞,Noun,date (in the sense of 'social engagement' only),JLPT Intermediate_Japanese JLPT_3 JLPT_2 Intermediate_Japanese_Ln.5 Genki_Ln.3 Genki
敵,てき,名詞,Noun,"enemy, rival",JLPT JLPT_2 JLPT_3
出来事,できごと,名詞,Noun,"incident happening, event",JLPT JLPT_2 JLPT_3
適する,てきする,動詞,Verb,"to fit, to suit",JLPT JLPT_2 JLPT_3
適切,てきせつ,形状詞,Adjective,"appropriate, adequate, relevance",JLPT JLPT_2 JLPT_3
適度,てきど,形状詞,Adjective,moderate,JLPT JLPT_2 JLPT_3
適用,てきよう,名詞,Noun,applying,JLPT JLPT_2 JLPT_3
できれば,できれば,動詞,Verb,if possible…,JLPT JLPT_2 JLPT_3
手品,てじな,名詞,Noun,"conjuring trick, magic",JLPT JLPT_2 JLPT_3
ですから,ですから,接続詞,Other,therefore,JLPT JLPT_2 JLPT_3
鉄,てつ,名詞,Noun,iron,JLPT JLPT_2 JLPT_3
哲学,てつがく,名詞,Noun,philosophy,JLPT JLPT_2 JLPT_3
手伝い,てつだい,名詞,Noun,"help, helper, assistant",JLPT JLPT_2 JLPT_3
徹底,てってい,名詞,Noun,"thoroughness, completeness",JLPT JLPT_2 JLPT_3
鉄道,てつどう,名詞,Noun,railway; railroad,JLPT Intermediate_Japanese JLPT_3 JLPT_2 Intermediate_Japanese_Ln.10
徹夜,てつや,名詞,Noun,"staying up all night, sleepless night",JLPT Intermediate_Japanese JLPT_3 JLPT_2 Intermediate_Japanese_Ln.7
手間,てま,名詞,Noun,"time, labor",JLPT JLPT_2 JLPT_3
デモ,デモ,名詞,Noun,"demo, demonstration",JLPT JLPT_2 JLPT_3
典型,てんけい,名詞,Noun,"type, pattern, archetypal",JLPT JLPT_2 JLPT_3
天候,てんこう,名詞,Noun,weather,JLPT JLPT_2 JLPT_3
電子,でんし,名詞,Noun,electron; electronic,JLPT JLPT_2 JLPT_3
テント,テント,名詞,Noun,tent,JLPT JLPT_2 JLPT_3
伝統,でんとう,名詞,Noun,"tradition, convention",JLPT JLPT_2 JLPT_3
天然,てんねん,名詞,Noun,"nature, spontaneity",JLPT JLPT_2 JLPT_3
問い,とい,名詞,Noun,"question, query",JLPT JLPT_2 JLPT_3
党,とう,名詞,Noun,party (political),JLPT JLPT_2 JLPT_3
塔,とう,名詞,Noun,"tower, pagoda",JLPT JLPT_2 JLPT_3
答案,とうあん,名詞,Noun,"examination paper, examination script",JLPT JLPT_2 JLPT_3
同一,どういつ,形状詞,Adjective,"identity, sameness, similarity",JLPT JLPT_2 JLPT_3
銅貨,どうか,名詞,Noun,copper coin,JLPT JLPT_2 JLPT_3
当時,とうじ,名詞,Noun,"at that time, in those days (same as そのころ)",JLPT Intermediate_Japanese JLPT_3 JLPT_2 Intermediate_Japanese_Ln.13
動詞,どうし,名詞,Noun,verb,JLPT JLPT_2 JLPT_3
同時,どうじ,名詞,Noun,"simultaneous(ly), same time",JLPT JLPT_2 JLPT_3
どうしても,どうしても,副詞,Adverb,"at any cost, no matter what, no matter how hard one tries",JLPT Intermediate_Japanese JLPT_3 JLPT_2 Intermediate_Japanese_Ln.11
どうぞよろしく,どうぞよろしく,感動詞,Other,pleased to meet you,JLPT JLPT_2 JLPT_3
到着,とうちゃく,名詞,Noun,arrival,JLPT JLPT_2 JLPT_3
道徳,どうとく,名詞,Noun,morals,JLPT JLPT_2 JLPT_3
投票,とうひょう,名詞,Noun,"voting, poll",JLPT JLPT_2 JLPT_3
東洋,とうよう,名詞,Noun,Orient,JLPT JLPT_2 JLPT_3
同様,どうよう,形状詞,Adjective,"identical, same (kind), like",JLPT JLPT_2 JLPT_3
童謡,どうよう,名詞,Noun,"children's song, nursery rhyme",JLPT JLPT_2 JLPT_3
同僚,どうりょう,名詞,Noun,colleague; co-worker,JLPT Intermediate_Japanese JLPT_3 JLPT_2 Intermediate_Japanese_Ln.6 Genki Genki_Ln.21
道路,どうろ,名詞,Noun,road,JLPT JLPT_2 JLPT_3
通す,とおす,動詞,Verb,"to let pass, to overlook, to continue",JLPT JLPT_2 JLPT_3
通り過ぎる,とおりすぎる,動詞,Verb,"to pass, to pass through",JLPT JLPT_2 JLPT_3
都会,とかい,名詞,Noun,city,JLPT JLPT_2 JLPT_3
溶く,とく,動詞,Verb,to dissolve (paint),JLPT JLPT_2 JLPT_3
解く,とく,動詞,Verb,"to unfasten; answer, solve",JLPT JLPT_2 JLPT_3
退く,どく,動詞,Verb,"to retreat, to recede, to withdraw",JLPT JLPT_2 JLPT_3
毒,どく,名詞,Noun,"poison, toxicant",JLPT JLPT_2 JLPT_3
得意,とくい,名詞,Noun,"pride, triumph, prosperity",JLPT JLPT_2 JLPT_3
読書,どくしょ,名詞,Noun,reading,JLPT JLPT_2 JLPT_3
独身,どくしん,名詞,Noun,"single, unmarried",JLPT Intermediate_Japanese JLPT_3 JLPT_2 Intermediate_Japanese_Ln.14
特徴,とくちょう,名詞,Noun,characteristic(s); feature(s); trait(s),JLPT Intermediate_Japanese JLPT_3 JLPT_2 Intermediate_Japanese_Ln.10
特長,とくちょう,名詞,Noun,"forte, merit",JLPT JLPT_2 JLPT_3
独特,どくとく,形状詞,Adjective,"peculiarity, uniqueness, characteristic",JLPT JLPT_2 JLPT_3
独立,どくりつ,名詞,Noun,"independence (e.g., Ind. Day), self-support",JLPT JLPT_2 JLPT_3
溶ける,とける,動詞,Verb,"to melt, to thaw, to dissolve",JLPT JLPT_2 JLPT_3
解ける,とける,動詞,Verb,"to come untied, to come apart",JLPT JLPT_2 JLPT_3
どこか,どこか,代名詞,Noun,"somewhere, anywhere",JLPT JLPT_2 JLPT_3
ところが,ところが,名詞,Noun,"however, while, even if",JLPT JLPT_2 JLPT_3
ところで,ところで,名詞,Noun,by the way; even if,JLPT Intermediate_Japanese JLPT_3 JLPT_2 Intermediate_Japanese_Ln.1
登山,とざん,名詞,Noun,mountain-climbing,JLPT JLPT_2 JLPT_3
都市,とし,名詞,Noun,"town, city, urban",JLPT JLPT_2 JLPT_3
年月,としつき,名詞,Noun,months and years,JLPT JLPT_2 JLPT_3
図書,としょ,名詞,Noun,books,JLPT JLPT_2 JLPT_3
年寄,としより,名詞,Noun,"old people, the aged",JLPT JLPT_2 JLPT_3
閉じる,とじる,動詞,Verb,"to close (e.g., book, eyes), to shut",JLPT JLPT_2 JLPT_3
途端,とたん,名詞,Noun,"just (now, at the moment, etc.)",JLPT JLPT_2 JLPT_3
土地,とち,名詞,Noun,"plot of land, lot, soil",JLPT JLPT_2 JLPT_3
突然,とつぜん,副詞,Adverb,"abruptly, suddenly, unexpectedly",JLPT JLPT_2 JLPT_3
トップ,トップ,名詞,Noun,top,JLPT JLPT_2 JLPT_3
届く,とどく,動詞,Verb,to reach,JLPT JLPT_2 JLPT_3
とにかく,とにかく,副詞,Adverb,"anyhow, at any rate, anyway",JLPT JLPT_3 JLPT_2 Genki Genki_Ln.21
飛ばす,とばす,動詞,Verb,"to skip over, to omit",JLPT JLPT_2 JLPT_3
飛び出す,とびだす,動詞,Verb,"to jump out, to rush out, to fly out",JLPT JLPT_2 JLPT_3
留める,とめる,動詞,Verb,"to fasten, to turn off, to detain",JLPT JLPT_2 JLPT_3
泊める,とめる,動詞,Verb,to have someone stay (over night) (v.t.),JLPT Intermediate_Japanese JLPT_3 JLPT_2 Intermediate_Japanese_Ln.1
友,とも,名詞,Noun,"friend, companion, pal",JLPT JLPT_2 JLPT_3
共に,ともに,名詞,Noun,"sharing with, participate in",JLPT JLPT_2 JLPT_3
虎,とら,名詞,Noun,tiger,JLPT JLPT_2 JLPT_3
ドライブ,ドライブ,名詞,Noun,"drive, driving",JLPT Genki_Ln.11 JLPT_3 JLPT_2 Genki
トラック,トラック,名詞,Noun,truck; (running) track,JLPT JLPT_2 JLPT_3
ドラマ,ドラマ,名詞,Noun,drama,JLPT JLPT_2 JLPT_3
トランプ,トランプ,名詞,Noun,playing cards (lit: trump),JLPT JLPT_2 JLPT_3
取り上げる,とりあげる,動詞,Verb,"to take up, to pick up; to confiscate",JLPT JLPT_2 JLPT_3
努力,どりょく,名詞,Noun,"great effort, exertion, endeavor",JLPT Intermediate_Japanese JLPT_3 JLPT_2 Intermediate_Japanese_Ln.14
トレーニング,トレーニング,名詞,Noun,training,JLPT JLPT_2 JLPT_3
ドレス,ドレス,名詞,Noun,dress,JLPT JLPT_2 JLPT_3
取れる,とれる,動詞,Verb,"to come off, to be taken off",JLPT JLPT_2 JLPT_3
泥,どろ,名詞,Noun,mud,JLPT JLPT_2 JLPT_3
トン,トン,副詞,Adverb,ton (1000 lbs.),JLPT JLPT_2 JLPT_3
とんでもない,とんでもない,形容詞,Adjective,"outrageous, No way!",JLPT JLPT_2 JLPT_3
どんなに,どんなに,形状詞,Adjective,"how, how much",JLPT JLPT_2 JLPT_3
トンネル,トンネル,名詞,Noun,tunnel,JLPT JLPT_2 JLPT_3
名,な,名詞,Noun,"name, reputation",JLPT JLPT_2 JLPT_3
内容,ないよう,名詞,Noun,"subject, contents, detail",JLPT JLPT_2 JLPT_3
なお,なお,副詞,Adverb,"still, yet",JLPT JLPT_2 JLPT_3
仲,なか,名詞,Noun,"relation, relationship",JLPT JLPT_2 JLPT_3
流す,ながす,動詞,Verb,"to drain, to float, to shed (e.g., blood, tears)",JLPT JLPT_2 JLPT_3
半ば,なかば,名詞,Noun,"middle, halfway",JLPT JLPT_2 JLPT_3
仲間,なかま,名詞,Noun,"company, fellow, colleague, associate",JLPT JLPT_2 JLPT_3
中身,なかみ,名詞,Noun,content(s); substance,JLPT Intermediate_Japanese JLPT_3 JLPT_2 Intermediate_Japanese_Ln.13
中味,なかみ,名詞,Noun,"contents, interior, filling",JLPT JLPT_2 JLPT_3
眺め,ながめ,動詞,Verb,scene; view; prospect; outlook,JLPT Intermediate_Japanese JLPT_3 JLPT_2 Intermediate_Japanese_Ln.10
眺める,ながめる,動詞,Verb,"to view, to gaze at",JLPT JLPT_2 JLPT_3
流れ,ながれ,名詞,Noun,"stream, current",JLPT JLPT_2 JLPT_3
流れる,ながれる,動詞,Verb,"to flow, to be washed away",JLPT JLPT_2 JLPT_3
亡くす,なくす,動詞,Verb,to lose someone,JLPT JLPT_2 JLPT_3
殴る,なぐる,動詞,Verb,to strike; to hit; to punch,JLPT JLPT_3 JLPT_2 Genki Genki_Ln.21
無し,なし,名詞,Noun,without,JLPT JLPT_2 JLPT_3
なぜなら,なぜなら,副詞,Adverb,because,JLPT JLPT_2 JLPT_3
謎,なぞ,名詞,Noun,"riddle, puzzle, enigma",JLPT JLPT_2 JLPT_3
納得,なっとく,名詞,Noun,"consent, assent, understanding",JLPT JLPT_2 JLPT_3
何か,なにか,代名詞,Noun,something,JLPT JLPT_3 JLPT_2 Genki_Ln.8 Genki
なにも,なにも,代名詞,Noun,nothing,JLPT JLPT_2 JLPT_3
鍋,なべ,名詞,Noun,"saucepan, pot",JLPT JLPT_2 JLPT_3
生,なま,名詞,Noun,"raw, unprocessed",JLPT JLPT_2 JLPT_3
怠ける,なまける,動詞,Verb,"to be idle, to neglect",JLPT JLPT_2 JLPT_3
波,なみ,名詞,Noun,wave,JLPT JLPT_2 JLPT_3
涙,なみだ,名詞,Noun,tear,JLPT JLPT_2 JLPT_3
悩む,なやむ,動詞,Verb,"to agonize, to be troubled",JLPT Intermediate_Japanese JLPT_3 JLPT_2 Intermediate_Japanese_Ln.14
鳴らす,ならす,動詞,Verb,"to ring, to sound",JLPT JLPT_2 JLPT_3
為る,なる,動詞,Verb,"to change, to be of use, to reach to",JLPT JLPT_2 JLPT_3
生る,なる,動詞,Verb,to bear fruit,JLPT JLPT_2 JLPT_3
馴れる,なれる,動詞,Verb,"to become domesticated, to become tame",JLPT JLPT_2 JLPT_3
縄,なわ,名詞,Noun,rope,JLPT JLPT_2 JLPT_3
何で,なんで,代名詞,Noun,"Why, What for",JLPT JLPT_2 JLPT_3
何でも,なんでも,代名詞,Noun,"by all means, everything",JLPT JLPT_2 JLPT_3
何とか,なんとか,代名詞,Noun,"somehow, anyhow, one way or another",JLPT JLPT_2 JLPT_3
似合う,にあう,動詞,Verb,"to suit (a person), to match (clothing), (something) becomes (someone)",JLPT Intermediate_Japanese JLPT_3 JLPT_2 Intermediate_Japanese_Ln.11
煮える,にえる,動詞,Verb,"to boil, to cook, to be cooked",JLPT JLPT_2 JLPT_3
苦手,にがて,名詞,Noun,"poor (at), weak (in), dislike (of)",JLPT JLPT_2 JLPT_3
握る,にぎる,動詞,Verb,"to grasp, to seize, to mold sushi",JLPT JLPT_2 JLPT_3
日,にち,名詞,Noun,day,JLPT JLPT_2 JLPT_3
日常,にちじょう,名詞,Noun,"ordinary, regular, everyday",JLPT JLPT_2 JLPT_3
日光,にっこう,名詞,Noun,sunlight,JLPT JLPT_2 JLPT_3
日中,にっちゅう,名詞,Noun,"daytime, broad daylight",JLPT JLPT_2 JLPT_3
にっこり,にっこり,副詞,Adverb,"smile sweetly, smile, grin",JLPT JLPT_2 JLPT_3
日本,にっぽん,名詞,Noun,Japan,JLPT JLPT_2 JLPT_3
日本,にほん,名詞,Noun,Japan,JLPT JLPT_3 JLPT_2 Genki_Ln.1 Genki
入場,にゅうじょう,名詞,Noun,"entrance, admission, entering",JLPT JLPT_2 JLPT_3
煮る,にる,動詞,Verb,"to boil, to cook",JLPT JLPT_2 JLPT_3
人気,にんき,名詞,Noun,popularity,JLPT JLPT_2 JLPT_3
人間,にんげん,名詞,Noun,"human being, person",JLPT Intermediate_Japanese JLPT_3 JLPT_2 Intermediate_Japanese_Ln.11
抜く,ぬく,動詞,Verb,"to extract, to omit, to unplug",JLPT JLPT_2 JLPT_3
抜ける,ぬける,動詞,Verb,"to come out, to fall out, to be omitted",JLPT JLPT_2 JLPT_3
布,ぬの,名詞,Noun,cloth,JLPT JLPT_2 JLPT_3
濡らす,ぬらす,動詞,Verb,"to wet, to soak",JLPT JLPT_2 JLPT_3
根,ね,名詞,Noun,root,JLPT JLPT_2 JLPT_3
値,ね,名詞,Noun,"value, price, cost",JLPT JLPT_2 JLPT_3
願い,ねがい,名詞,Noun,"desire, wish, request",JLPT JLPT_2 JLPT_3
願う,ねがう,動詞,Verb,"to desire, to wish, to request",JLPT JLPT_2 JLPT_3
鼠,ねずみ,名詞,Noun,"mouse, rat",JLPT JLPT_2 JLPT_3
熱帯,ねったい,名詞,Noun,tropics,JLPT JLPT_2 JLPT_3
熱中,ねっちゅう,名詞,Noun,"enthusiasm, zeal, mania",JLPT JLPT_2 JLPT_3
年間,ねんかん,名詞,Noun,year,JLPT JLPT_2 JLPT_3
年月,ねんげつ,名詞,Noun,months and years,JLPT JLPT_2 JLPT_3
年中,ねんじゅう,名詞,Noun,"whole year, always, everyday",JLPT JLPT_2 JLPT_3
年代,ねんだい,名詞,Noun,"age, era, period",JLPT JLPT_2 JLPT_3
年齢,ねんれい,名詞,Noun,"age, years",JLPT JLPT_2 JLPT_3
野,の,名詞,Noun,field,JLPT JLPT_2 JLPT_3
能,のう,名詞,Noun,"being skilled in, nicely, properly",JLPT JLPT_2 JLPT_3
農家,のうか,名詞,Noun,"farmer, farm family",JLPT JLPT_2 JLPT_3
農業,のうぎょう,名詞,Noun,agriculture,JLPT Intermediate_Japanese JLPT_3 JLPT_2 Intermediate_Japanese_Ln.10
農民,のうみん,名詞,Noun,"farmers, peasants",JLPT JLPT_2 JLPT_3
能力,のうりょく,名詞,Noun,"ability, faculty",JLPT JLPT_2 JLPT_3
ノー,ノー,名詞,Noun,no,JLPT JLPT_2 JLPT_3
軒,のき,名詞,Noun,eaves,JLPT JLPT_2 JLPT_3
残す,のこす,動詞,Verb,"to leave (behind, over), to save, to reserve",JLPT JLPT_2 JLPT_3
残り,のこり,名詞,Noun,"remaining, left-over",JLPT JLPT_2 JLPT_3
乗せる,のせる,動詞,Verb,"to place on (something), to take on board",JLPT JLPT_2 JLPT_3
載せる,のせる,動詞,Verb,to place on (something); to publish,JLPT JLPT_2 JLPT_3
覗く,のぞく,動詞,Verb,"to peek in, to look in",JLPT JLPT_2 JLPT_3
除く,のぞく,動詞,Verb,"to remove, to exclude, to except",JLPT JLPT_2 JLPT_3
望み,のぞみ,名詞,Noun,"wish, desire, (a) hope",JLPT JLPT_2 JLPT_3
望む,のぞむ,動詞,Verb,"to desire, to wish for; to view",JLPT JLPT_2 JLPT_3
後,のち,名詞,Noun,"afterwards, since then",JLPT JLPT_2 JLPT_3
ノック,ノック,名詞,Noun,knock; fungo (baseball),JLPT JLPT_2 JLPT_3
伸ばす,のばす,動詞,Verb,"to extend, to stretch, to reach out",JLPT JLPT_2 JLPT_3
延ばす,のばす,動詞,Verb,"to extend, to stretch, to reach out",JLPT JLPT_2 JLPT_3
伸びる,のびる,動詞,Verb,"to extend, to make progress, to grow",JLPT JLPT_2 JLPT_3
延びる,のびる,動詞,Verb,to be prolonged,JLPT JLPT_2 JLPT_3
述べる,のべる,動詞,Verb,"to state, to express, to mention",JLPT Intermediate_Japanese JLPT_3 JLPT_2 Intermediate_Japanese_Ln.13
上る,のぼる,動詞,Verb,"to ascend, to go up, to climb",JLPT JLPT_2 JLPT_3
昇る,のぼる,動詞,Verb,"to arise, to ascend, to go up",JLPT JLPT_2 JLPT_3
載る,のる,動詞,Verb,"to appear (in print), to be recorded",JLPT JLPT_2 JLPT_3
のんびり,のんびり,副詞,Adverb,"carefree, at leisure",JLPT JLPT_3 JLPT_2 Genki_Ln.22 Genki
場,ば,名詞,Noun,"place, field (physics)",JLPT JLPT_2 JLPT_3
はあ (かん),はあ (かん),感動詞,Other,(sigh),JLPT JLPT_2 JLPT_3
パーセント,パーセント,名詞,Noun,percent,JLPT JLPT_2 JLPT_3
灰,はい,名詞,Noun,ash,JLPT JLPT_2 JLPT_3
梅雨,ばいう,名詞,Noun,rainy season,JLPT JLPT_2 JLPT_3
バイオリン,バイオリン,名詞,Noun,violin,JLPT Genki_Ln.13 JLPT_3 JLPT_2 Genki
ハイキング,ハイキング,名詞,Noun,hiking,JLPT JLPT_2 JLPT_3
配達,はいたつ,名詞,Noun,"delivery, distribution",JLPT JLPT_2 JLPT_3
パイプ,パイプ,名詞,Noun,pipe; channels official or otherwise,JLPT JLPT_2 JLPT_3
俳優,はいゆう,名詞,Noun,"actor, actress, performer",JLPT Intermediate_Japanese JLPT_3 JLPT_2 Intermediate_Japanese_Ln.13
パイロット,パイロット,名詞,Noun,pilot,JLPT JLPT_2 JLPT_3
生える,はえる,動詞,Verb,"to grow, to spring up; to cut (teeth)",JLPT JLPT_2 JLPT_3
墓,はか,名詞,Noun,"grave, tomb",JLPT JLPT_2 JLPT_3
馬鹿,ばか,名詞,Noun,"fool, idiot",JLPT JLPT_2 JLPT_3
博士,はかせ,名詞,Noun,"doctorate, PhD., doctor",JLPT JLPT_2 JLPT_3
計る,はかる,動詞,Verb,"to measure, to weigh, to survey",JLPT JLPT_2 JLPT_3
量る,はかる,動詞,Verb,"to measure, to weigh, to survey",JLPT JLPT_2 JLPT_3
測る,はかる,動詞,Verb,"to measure, to weigh, to survey",JLPT JLPT_2 JLPT_3
掃く,はく,動詞,Verb,"to sweep, to brush, to gather up",JLPT JLPT_2 JLPT_3
吐く,はく,動詞,Verb,"to throw up, to vomit",JLPT Intermediate_Japanese JLPT_3 JLPT_2 Intermediate_Japanese_Ln.12
拍手,はくしゅ,名詞,Noun,"clapping hands, applause",JLPT JLPT_2 JLPT_3
莫大,ばくだい,名詞,Noun,"enormous, vast",JLPT JLPT_2 JLPT_3
爆発,ばくはつ,名詞,Noun,"explosion, detonation, eruption",JLPT JLPT_2 JLPT_3
博物館,はくぶつかん,名詞,Noun,museum,JLPT JLPT_2 JLPT_3
激しい,はげしい,形容詞,Adjective,"violent, vehement, intense",JLPT JLPT_2 JLPT_3
はさみ,はさみ,名詞,Noun,scissors,JLPT JLPT_2 JLPT_3
破産,はさん,名詞,Noun,(personal) bankruptcy,JLPT JLPT_2 JLPT_3
端,はし,名詞,Noun,"end (e.g., of street), edge, margin",JLPT JLPT_2 JLPT_3
始まり,はじまり,名詞,Noun,"origin, beginning",JLPT JLPT_2 JLPT_3
パス,パス,名詞,Noun,"path, pass (in games)",JLPT Intermediate_Japanese JLPT_3 JLPT_2 Intermediate_Japanese_Ln.10
外す,はずす,動詞,Verb,"to unfasten, to remove",JLPT JLPT_2 JLPT_3
パスポート,パスポート,名詞,Noun,passport,JLPT JLPT_2 JLPT_3
外れる,はずれる,動詞,Verb,"to be disconnected, to be out (e.g., of gear)",JLPT JLPT_2 JLPT_3
旗,はた,名詞,Noun,flag,JLPT JLPT_2 JLPT_3
肌,はだ,名詞,Noun,skin,JLPT JLPT_2 JLPT_3
裸,はだか,名詞,Noun,"naked, nude",JLPT JLPT_2 JLPT_3
畑,はたけ,名詞,Noun,"field, patch",JLPT JLPT_2 JLPT_3
働き,はたらき,名詞,Noun,"work, labor",JLPT JLPT_2 JLPT_3
バッグ,バッグ,名詞,Noun,bag,JLPT JLPT_2 JLPT_3
発見,はっけん,名詞,Noun,"discovery, detection, finding",JLPT JLPT_2 JLPT_3
発行,はっこう,名詞,Noun,issue (publications),JLPT JLPT_2 JLPT_3
発車,はっしゃ,名詞,Noun,departure of a vehicle,JLPT JLPT_2 JLPT_3
発射,はっしゃ,名詞,Noun,"firing, shooting, discharge",JLPT JLPT_2 JLPT_3
罰する,ばっする,動詞,Verb,"to punish, to penalize",JLPT JLPT_2 JLPT_3
発達,はったつ,名詞,Noun,"development, growth",JLPT JLPT_2 JLPT_3
ばったり,ばったり,副詞,Adverb,(to meet) by chance,JLPT Intermediate_Japanese JLPT_3 JLPT_2 Intermediate_Japanese_Ln.11
発展,はってん,名詞,Noun,"development, growth, progress",JLPT JLPT_2 JLPT_3
発表,はっぴょう,名詞,Noun,announcement; publication; presentation,Genki_Ln.15 JLPT JLPT_3 JLPT_2 Genki
発明,はつめい,名詞,Noun,invention,JLPT JLPT_2 JLPT_3
派手,はで,名詞,Noun,"showy, flashy, gaudy",JLPT JLPT_2 JLPT_3
話し合う,はなしあう,動詞,Verb,"to discuss, to talk together",JLPT JLPT_2 JLPT_3
離す,はなす,動詞,Verb,"to part, to separate",JLPT JLPT_2 JLPT_3
放す,はなす,動詞,Verb,"to separate, to set free",JLPT JLPT_2 JLPT_3
離れる,はなれる,動詞,Verb,"(something, someone) separates; parts from; to be apart",JLPT Intermediate_Japanese JLPT_3 JLPT_2 Intermediate_Japanese_Ln.15 Genki_Ln.23 Genki
放れる,はなれる,動詞,Verb,"to leave, to get free, to cut oneself off",JLPT JLPT_2 JLPT_3
羽,はね,名詞,Noun,wing,JLPT JLPT_2 JLPT_3
羽根,はね,名詞,Noun,feather,JLPT JLPT_2 JLPT_3
幅,はば,名詞,Noun,"width, breadth",JLPT JLPT_2 JLPT_3
母親,ははおや,名詞,Noun,mother,JLPT JLPT_2 JLPT_3
省く,はぶく,動詞,Verb,"to omit, to eliminate",JLPT JLPT_2 JLPT_3
場面,ばめん,名詞,Noun,"scene, setting (e.g., of novel)",JLPT JLPT_2 JLPT_3
流行る,はやる,動詞,Verb,"to be popular, to come into fashion",JLPT JLPT_2 JLPT_3
腹,はら,名詞,Noun,"abdomen, belly, stomach",JLPT JLPT_2 JLPT_3
原,はら,名詞,Noun,"field, plain",JLPT JLPT_2 JLPT_3
バランス,バランス,名詞,Noun,balance,JLPT JLPT_2 JLPT_3
針,はり,名詞,Noun,"needle, hand (e.g., clock)",JLPT JLPT_2 JLPT_3
範囲,はんい,名詞,Noun,"extent, scope, range",JLPT JLPT_2 JLPT_3
反抗,はんこう,名詞,Noun,"opposition, resistance",JLPT JLPT_2 JLPT_3
犯罪,はんざい,名詞,Noun,crime,JLPT Intermediate_Japanese JLPT_3 JLPT_2 Intermediate_Japanese_Ln.10
ハンサム,ハンサム,形状詞,Adjective,handsome,JLPT JLPT_2 JLPT_3
反省,はんせい,名詞,Noun,"reflection, reconsideration, regret",JLPT JLPT_2 JLPT_3
判断,はんだん,名詞,Noun,"judgment, decision",JLPT JLPT_2 JLPT_3
犯人,はんにん,名詞,Noun,"offender, criminal",JLPT JLPT_3 JLPT_2 Genki Genki_Ln.21
販売,はんばい,名詞,Noun,"sale, selling, marketing",JLPT JLPT_2 JLPT_3
灯,ひ,名詞,Noun,light,JLPT JLPT_2 JLPT_3
ビール,ビール,名詞,Noun,beer,JLPT Genki_Ln.11 JLPT_3 JLPT_2 Genki
被害,ひがい,名詞,Noun,damage,JLPT Intermediate_Japanese JLPT_3 JLPT_2 Intermediate_Japanese_Ln.10
比較,ひかく,名詞,Noun,comparison,JLPT JLPT_2 JLPT_3
ピクニック,ピクニック,名詞,Noun,picnic,JLPT JLPT_2 JLPT_3
悲劇,ひげき,名詞,Noun,tragedy,JLPT JLPT_2 JLPT_3
飛行,ひこう,名詞,Noun,"aviation, flight",JLPT JLPT_2 JLPT_3
膝,ひざ,名詞,Noun,"knee, lap",JLPT JLPT_2 JLPT_3
非常,ひじょう,形状詞,Adjective,"emergency, extraordinary, unusual",JLPT JLPT_2 JLPT_3
美人,びじん,名詞,Noun,beautiful person (woman),JLPT JLPT_2 JLPT_3
額,ひたい,名詞,Noun,"forehead, brow",JLPT JLPT_2 JLPT_3
日付,ひづけ,名詞,Noun,"date, dating",JLPT JLPT_2 JLPT_3
引越し,ひっこし,名詞,Noun,"moving, changing residence",JLPT JLPT_2 JLPT_3
必死,ひっし,形状詞,Adjective,"desperation, frantic, inevitable result",JLPT JLPT_2 JLPT_3
ぴったり,ぴったり,形状詞,Adjective,"exactly, neatly, sharp",JLPT JLPT_2 JLPT_3
引っ張る,ひっぱる,動詞,Verb,"to pull, to stretch, to drag",JLPT JLPT_2 JLPT_3
否定,ひてい,名詞,Noun,"negation, denial",JLPT JLPT_2 JLPT_3
ビデオ,ビデオ,名詞,Noun,video tape; VCR,JLPT JLPT_3 JLPT_2 Genki_Ln.3 Genki
一言,ひとこと,名詞,Noun,one word,JLPT Intermediate_Japanese JLPT_3 JLPT_2 Intermediate_Japanese_Ln.12
人込み,ひとごみ,名詞,Noun,crowd of people,JLPT JLPT_2 JLPT_3
等しい,ひとしい,形容詞,Adjective,equal,JLPT JLPT_2 JLPT_3
独り,ひとり,名詞,Noun,"alone, unmarried",JLPT JLPT_2 JLPT_3
一人一人,ひとりひとり,名詞,Noun,"one by one, each",JLPT JLPT_2 JLPT_3
批判,ひはん,名詞,Noun,criticism,JLPT JLPT_2 JLPT_3
批評,ひひょう,名詞,Noun,"criticism, review, commentary",JLPT JLPT_2 JLPT_3
秘密,ひみつ,名詞,Noun,"secret, secrecy",Genki_Ln.17 JLPT JLPT_3 JLPT_2 Genki
微妙,びみょう,形状詞,Adjective,"delicate, subtle",JLPT JLPT_2 JLPT_3
紐,ひも,名詞,Noun,"string, cord",JLPT JLPT_2 JLPT_3
冷やす,ひやす,動詞,Verb,"to cool, to refrigerate",JLPT JLPT_2 JLPT_3
費用,ひよう,名詞,Noun,"cost, expense",JLPT JLPT_2 JLPT_3
表,ひょう,名詞,Noun,"table (e.g., Tab 1), chart, list",JLPT JLPT_2 JLPT_3
秒,びょう,名詞,Noun,second (60th min),JLPT JLPT_2 JLPT_3
評価,ひょうか,名詞,Noun,"assessment, evaluation",JLPT JLPT_2 JLPT_3
表現,ひょうげん,名詞,Noun,"expression, presentation",JLPT JLPT_2 JLPT_3
表情,ひょうじょう,名詞,Noun,facial expression,JLPT JLPT_2 JLPT_3
平等,びょうどう,名詞,Noun,"equality, impartiality, evenness",JLPT JLPT_2 JLPT_3
評判,ひょうばん,名詞,Noun,"fame, reputation",JLPT JLPT_2 JLPT_3
表面,ひょうめん,名詞,Noun,"surface, outside, face",JLPT JLPT_2 JLPT_3
広がる,ひろがる,動詞,Verb,"to spread (out), to extend, to stretch, to reach to, to get around",JLPT JLPT_2 JLPT_3
広げる,ひろげる,動詞,Verb,"to spread, to extend, to expand, to enlarge",JLPT JLPT_2 JLPT_3
広める,ひろめる,動詞,Verb,"to broaden, to propagate",JLPT JLPT_2 JLPT_3
品,ひん,名詞,Noun,"goods; taste, elegance",JLPT JLPT_2 JLPT_3
瓶,びん,名詞,Noun,bottle,JLPT JLPT_2 JLPT_3
便,びん,名詞,Noun,"way, means; flight",JLPT Genki_Ln.10 JLPT_3 JLPT_2 Genki
ピン,ピン,副詞,Adverb,pin,JLPT JLPT_2 JLPT_3
不,ふ,接頭辞,Other,"un(~), non(~), negative prefix",JLPT JLPT_2 JLPT_3
不,ぶ,接頭辞,Other,"un(~), non(~), negative prefix",JLPT JLPT_2 JLPT_3
無,ぶ,名詞,Noun,"nothing, naught, nil, zero",JLPT JLPT_2 JLPT_3
分,ぶ,名詞,Noun,"dividing, part",JLPT JLPT_2 JLPT_3
不安,ふあん,名詞,Noun,"anxiety, uneasiness",JLPT JLPT_2 JLPT_3
風景,ふうけい,名詞,Noun,scenery,JLPT JLPT_2 JLPT_3
夫婦,ふうふ,名詞,Noun,"married couple, husband and wife",JLPT Genki_Ln.14 Intermediate_Japanese JLPT_3 JLPT_2 Intermediate_Japanese_Ln.14 Genki
笛,ふえ,名詞,Noun,"flute, whistle",JLPT JLPT_2 JLPT_3
不可,ふか,名詞,Noun,"wrong, bad, impossible",JLPT JLPT_2 JLPT_3
深まる,ふかまる,動詞,Verb,to deepen,JLPT JLPT_2 JLPT_3
武器,ぶき,名詞,Noun,"weapon, arms",JLPT JLPT_2 JLPT_3
拭く,ふく,動詞,Verb,"to wipe, to dry",JLPT JLPT_2 JLPT_3
服装,ふくそう,名詞,Noun,"clothes, attire",JLPT JLPT_2 JLPT_3
含む,ふくむ,動詞,Verb,"to contain, to include",JLPT JLPT_2 JLPT_3
含める,ふくめる,動詞,Verb,to include,JLPT JLPT_2 JLPT_3
袋,ふくろ,名詞,Noun,"bag, sack",JLPT JLPT_2 JLPT_3
不幸,ふこう,名詞,Noun,"unhappiness, sorrow, misfortune",JLPT JLPT_2 JLPT_3
節,ふし,名詞,Noun,"tune, tone, knob",JLPT JLPT_2 JLPT_3
無事,ぶじ,形状詞,Adjective,"safety, peace",JLPT JLPT_2 JLPT_3
不思議,ふしぎ,名詞,Noun,"mystery, curiosity",JLPT JLPT_2 JLPT_3
不自由,ふじゆう,名詞,Noun,"discomfort, disability, inconvenience",JLPT JLPT_2 JLPT_3
夫人,ふじん,名詞,Noun,"wife, Mrs, madam",JLPT JLPT_2 JLPT_3
婦人,ふじん,名詞,Noun,woman (same as 女性 (じょせい)、女の人 (おんなのひと)),JLPT Intermediate_Japanese JLPT_3 JLPT_2 Intermediate_Japanese_Ln.13
不正,ふせい,名詞,Noun,"injustice, unfairness",JLPT JLPT_2 JLPT_3
防ぐ,ふせぐ,動詞,Verb,"to defend (against), to protect, to prevent",JLPT JLPT_2 JLPT_3
不足,ふそく,名詞,Noun,"insufficiency, shortage",JLPT JLPT_2 JLPT_3
舞台,ぶたい,名詞,Noun,stage (theater),JLPT JLPT_2 JLPT_3
双子,ふたご,名詞,Noun,"twins, a twin",JLPT JLPT_2 JLPT_3
再び,ふたたび,副詞,Adverb,"again, once more, a second time",JLPT Intermediate_Japanese JLPT_3 JLPT_2 Intermediate_Japanese_Ln.13
普段,ふだん,名詞,Noun,"in everyday situations, usually, ordinarily",JLPT Intermediate_Japanese JLPT_3 JLPT_2 Intermediate_Japanese_Ln.15
縁,ふち,名詞,Noun,"edge, rim",JLPT JLPT_2 JLPT_3
打つ,ぶつ,動詞,Verb,"to hit, to strike",JLPT JLPT_2 JLPT_3
不通,ふつう,名詞,Noun,"blockade, interruption, stoppage",JLPT JLPT_2 JLPT_3
物価,ぶっか,名詞,Noun,(commodity/consumer) prices,JLPT Genki_Ln.13 Intermediate_Japanese JLPT_3 JLPT_2 Intermediate_Japanese_Ln.6 Genki
ぶつかる,ぶつかる,動詞,Verb,"to strike, to collide with",JLPT JLPT_2 JLPT_3
ぶつける,ぶつける,動詞,Verb,"to knock, to strike hard, to hit and attack",JLPT JLPT_2 JLPT_3
物質,ぶっしつ,名詞,Noun,"material, substance",JLPT JLPT_2 JLPT_3
物理,ぶつり,名詞,Noun,physics,JLPT JLPT_2 JLPT_3
筆,ふで,名詞,Noun,writing brush,JLPT JLPT_2 JLPT_3
ふと,ふと,副詞,Adverb,"suddenly, accidentally, incidentally",JLPT JLPT_2 JLPT_3
部分,ぶぶん,名詞,Noun,"portion, section, part",JLPT Intermediate_Japanese JLPT_3 JLPT_2 Intermediate_Japanese_Ln.12
不平,ふへい,名詞,Noun,"complaint, discontent, dissatisfaction",JLPT JLPT_2 JLPT_3
不満,ふまん,名詞,Noun,"dissatisfaction, discontent, complaints",JLPT JLPT_2 JLPT_3
増やす,ふやす,動詞,Verb,"to increase (v.t.), to add to",JLPT Intermediate_Japanese JLPT_3 JLPT_2 Intermediate_Japanese_Ln.14
殖やす,ふやす,動詞,Verb,"to increase, to add to",JLPT JLPT_2 JLPT_3
プラス,プラス,名詞,Noun,plus,JLPT JLPT_2 JLPT_3
プラスチック,プラスチック,名詞,Noun,plastic,JLPT JLPT_2 JLPT_3
プラン,プラン,名詞,Noun,plan,JLPT JLPT_2 JLPT_3
不利,ふり,名詞,Noun,"disadvantage, drawback",JLPT JLPT_2 JLPT_3
振る,ふる,動詞,Verb,"to wave, to shake; to sprinkle; to cast (actor)",JLPT JLPT_2 JLPT_3
震える,ふるえる,動詞,Verb,"to shiver, to shake, to quake",JLPT JLPT_2 JLPT_3
ブレーキ,ブレーキ,名詞,Noun,a brake,JLPT JLPT_2 JLPT_3
触れる,ふれる,動詞,Verb,"to touch, to feel, to violate",JLPT JLPT_2 JLPT_3
プロ,プロ,名詞,Noun,professional,JLPT JLPT_2 JLPT_3
分,ぶん,名詞,Noun,"dividing, part, segment",JLPT JLPT_2 JLPT_3
文,ぶん,名詞,Noun,sentence,JLPT JLPT_2 JLPT_3
雰囲気,ふんいき,名詞,Noun,"atmosphere (e.g., musical), mood, ambiance",JLPT Intermediate_Japanese JLPT_3 JLPT_2 Intermediate_Japanese_Ln.12
分析,ぶんせき,名詞,Noun,analysis,JLPT JLPT_2 JLPT_3
文明,ぶんめい,名詞,Noun,civilization,JLPT JLPT_2 JLPT_3
分野,ぶんや,名詞,Noun,"field, sphere",JLPT JLPT_2 JLPT_3
塀,へい,名詞,Noun,"wall, fence",JLPT JLPT_2 JLPT_3
平均,へいきん,名詞,Noun,"equilibrium, balance, average",JLPT Intermediate_Japanese JLPT_3 JLPT_2 Intermediate_Japanese_Ln.5
平和,へいわ,名詞,Noun,peace,JLPT JLPT_2 JLPT_3
別に,べつに,名詞,Noun,"(not) particularly, nothing",JLPT JLPT_2 JLPT_3
減らす,へらす,動詞,Verb,"to decrease, to diminish",JLPT JLPT_2 JLPT_3
減る,へる,動詞,Verb,"to decrease (in size or number), to diminish",JLPT JLPT_2 JLPT_3
ベルト,ベルト,名詞,Noun,Belt for western clothes,JLPT JLPT_2 JLPT_3
変化,へんか,名詞,Noun,"change, variation, shift",JLPT JLPT_2 JLPT_3
ペンキ,ペンキ,名詞,Noun,paint,JLPT JLPT_2 JLPT_3
変更,へんこう,名詞,Noun,"change, modification, alteration",JLPT JLPT_2 JLPT_3
ベンチ,ベンチ,名詞,Noun,bench,JLPT JLPT_2 JLPT_3
弁当,べんとう,名詞,Noun,box lunch,JLPT JLPT_2 JLPT_3
方,ほう,名詞,Noun,side,JLPT JLPT_2 JLPT_3
法,ほう,名詞,Noun,Act (law: the X Act),JLPT JLPT_2 JLPT_3
棒,ぼう,名詞,Noun,"pole, rod, stick",JLPT JLPT_2 JLPT_3
冒険,ぼうけん,名詞,Noun,"risk, venture, adventure",JLPT JLPT_2 JLPT_3
方向,ほうこう,名詞,Noun,"direction, course, way",JLPT JLPT_2 JLPT_3
報告,ほうこく,名詞,Noun,"report, information",JLPT JLPT_2 JLPT_3
宝石,ほうせき,名詞,Noun,"gem, jewel",JLPT JLPT_2 JLPT_3
包装,ほうそう,名詞,Noun,"packing, wrapping",JLPT JLPT_2 JLPT_3
豊富,ほうふ,形状詞,Adjective,"abundance, plenty",JLPT JLPT_2 JLPT_3
方法,ほうほう,名詞,Noun,"method, means, technique",JLPT Intermediate_Japanese JLPT_3 JLPT_2 Intermediate_Japanese_Ln.8
方々,ほうぼう,名詞,Noun,"here and there, everywhere",JLPT JLPT_2 JLPT_3
訪問,ほうもん,名詞,Noun,"call, visit",JLPT JLPT_2 JLPT_3
吠える,ほえる,動詞,Verb,"to bark, to howl",JLPT JLPT_2 JLPT_3
ボーイ,ボーイ,名詞,Noun,porter; boy,JLPT Intermediate_Japanese JLPT_3 JLPT_2 Intermediate_Japanese_Ln.6
ボート,ボート,名詞,Noun,rowing boat,JLPT JLPT_2 JLPT_3
ホーム,ホーム,名詞,Noun,platform; home,JLPT JLPT_2 JLPT_3
ボール,ボール,名詞,Noun,ball; bowl,JLPT JLPT_3 JLPT_2 Genki_Ln.22 Genki
他,ほか,名詞,Noun,other (esp. places and things),JLPT JLPT_2 JLPT_3
誇り,ほこり,名詞,Noun,pride,JLPT JLPT_2 JLPT_3
埃,ほこり,名詞,Noun,dust,JLPT JLPT_2 JLPT_3
保証,ほしょう,名詞,Noun,"guarantee, assurance, warranty",JLPT JLPT_2 JLPT_3
保存,ほぞん,名詞,Noun,"preservation, conservation",JLPT JLPT_2 JLPT_3
歩道,ほどう,名詞,Noun,walkway,JLPT JLPT_2 JLPT_3
仏,ほとけ,名詞,Noun,Buddha,JLPT JLPT_2 JLPT_3
骨,ほね,名詞,Noun,bone,JLPT JLPT_2 JLPT_3
炎,ほのお,名詞,Noun,flame,JLPT JLPT_2 JLPT_3
頬,ほほ,名詞,Noun,cheek (of face),JLPT JLPT_2 JLPT_3
頬,ほお,名詞,Noun,cheek (of face),JLPT JLPT_2 JLPT_3
ほぼ,ほぼ,副詞,Adverb,"almost, roughly",JLPT JLPT_2 JLPT_3
微笑む,ほほえむ,動詞,Verb,to smile,JLPT JLPT_2 JLPT_3
堀,ほり,名詞,Noun,"moat, canal",JLPT JLPT_2 JLPT_3
濠,ほり,名詞,Noun,moat,JLPT JLPT_2 JLPT_3
本当,ほんと,名詞,Noun,"truth, reality",JLPT JLPT_2 JLPT_3
本人,ほんにん,名詞,Noun,the person himself,JLPT JLPT_2 JLPT_3
本物,ほんもの,名詞,Noun,genuine article,JLPT JLPT_2 JLPT_3
ぼんやり,ぼんやり,副詞,Adverb,"dim, faint, vague",JLPT JLPT_2 JLPT_3
間,ま,名詞,Noun,"space, room, pause",JLPT JLPT_2 JLPT_3
まあ,まあ,副詞,Adverb,well (used when making a modest or hesitant statement),JLPT Intermediate_Japanese JLPT_3 JLPT_2 Intermediate_Japanese_Ln.13
マーケット,マーケット,名詞,Noun,market,JLPT JLPT_2 JLPT_3
マイク,マイク,名詞,Noun,mic,JLPT JLPT_2 JLPT_3
迷子,まいご,名詞,Noun,lost (stray) child,JLPT JLPT_2 JLPT_3
マイナス,マイナス,名詞,Noun,minus,JLPT JLPT_2 JLPT_3
任せる,まかせる,動詞,Verb,"to entrust to another, to leave to",JLPT JLPT_2 JLPT_3
巻く,まく,動詞,Verb,"to wind, to coil, to roll",JLPT JLPT_2 JLPT_3
蒔く,まく,動詞,Verb,to sow (seeds),JLPT JLPT_2 JLPT_3
撒く,まく,動詞,Verb,"to scatter, to sprinkle, to sow",JLPT JLPT_2 JLPT_3
幕,まく,名詞,Noun,"curtain, act (in play)",JLPT JLPT_2 JLPT_3
負け,まけ,名詞,Noun,"defeat, loss",JLPT JLPT_2 JLPT_3
孫,まご,名詞,Noun,grandchild,JLPT JLPT_2 JLPT_3
まさか,まさか,副詞,Adverb,by no means,JLPT JLPT_2 JLPT_3
まさに,まさに,副詞,Adverb,"correctly, surely",JLPT JLPT_2 JLPT_3
混ざる,まざる,動詞,Verb,"to be mixed, to mingle with",JLPT JLPT_2 JLPT_3
交ざる,まざる,動詞,Verb,"to be mixed, to mingle with",JLPT JLPT_2 JLPT_3
混じる,まじる,動詞,Verb,"to be mixed, to mingle with",JLPT JLPT_2 JLPT_3
交じる,まじる,動詞,Verb,"to be mixed, to mingle with",JLPT JLPT_2 JLPT_3
増す,ます,動詞,Verb,"to increase, to gain",JLPT JLPT_2 JLPT_3
貧しい,まずしい,形容詞,Adjective,"poor, needy",JLPT JLPT_2 JLPT_3
マスター,マスター,名詞,Noun,"bar owner, master (e.g., arts, science)",JLPT JLPT_2 JLPT_3
ますます,ますます,副詞,Adverb,"increasingly (same as もっと), more and more",JLPT Intermediate_Japanese JLPT_3 JLPT_2 Intermediate_Japanese_Ln.9
混ぜる,まぜる,動詞,Verb,"to mix, to stir",JLPT JLPT_2 JLPT_3
交ぜる,まぜる,動詞,Verb,"to be mixed, to be blended with",JLPT JLPT_2 JLPT_3
街,まち,名詞,Noun,"town; street, road",JLPT JLPT_2 JLPT_3
間違い,まちがい,名詞,Noun,mistake,JLPT Genki_Ln.19 JLPT_3 JLPT_2 Genki
松,まつ,名詞,Noun,pine tree,JLPT JLPT_2 JLPT_3
真っ赤,まっか,形状詞,Adjective,"deep red, flushed (of face)",JLPT JLPT_2 JLPT_3
全く,まったく,副詞,Adverb,"really, completely",JLPT JLPT_2 JLPT_3
祭,まつり,名詞,Noun,"festival, feast",JLPT JLPT_2 JLPT_3
まとまる,まとまる,動詞,Verb,"to be collected, to be settled, to be in order",JLPT JLPT_2 JLPT_3
まとめる,まとめる,動詞,Verb,"to put in order, to collect, to bring to a conclusion",JLPT JLPT_2 JLPT_3
学ぶ,まなぶ,動詞,Verb,to learn; to study,JLPT Intermediate_Japanese JLPT_3 JLPT_2 Intermediate_Japanese_Ln.8
真似,まね,名詞,Noun,"mimicry, imitation, behavior",JLPT JLPT_2 JLPT_3
招く,まねく,動詞,Verb,to invite,JLPT Intermediate_Japanese JLPT_3 JLPT_2 Intermediate_Japanese_Ln.13
まぶしい,まぶしい,形容詞,Adjective,"dazzling, radiant",JLPT JLPT_2 JLPT_3
柵,さく,名詞,Noun,"fence, paling",JLPT_1 JLPT JLPT_3
裂ける,さける,動詞,Verb,"to split, to tear, to burst",JLPT_1 JLPT JLPT_3
裁く,さばく,動詞,Verb,to judge,JLPT_1 JLPT JLPT_3
酸化,さんか,名詞,Noun,oxidation,JLPT_1 JLPT JLPT_3
死,し,名詞,Noun,"death, decease",JLPT_1 JLPT JLPT_3
資格,しかく,名詞,Noun,"qualifications, requirements, capabilities",JLPT_1 JLPT JLPT_3
視覚,しかく,名詞,Noun,"sense of sight, vision",JLPT_1 JLPT JLPT_3
指揮,しき,名詞,Noun,"command, direction",JLPT_1 JLPT JLPT_3
磁気,じき,名詞,Noun,magnetism,JLPT_1 JLPT JLPT_3
磁器,じき,名詞,Noun,"porcelain, china",JLPT_1 JLPT JLPT_3
自己,じこ,名詞,Noun,"self, oneself",JLPT_1 JLPT JLPT_3
字体,じたい,名詞,Noun,"font, lettering",JLPT_1 JLPT JLPT_3
辞退,じたい,名詞,Noun,refusal,JLPT_1 JLPT JLPT_3
視点,してん,名詞,Noun,"opinion, point of view, visual point",JLPT_1 JLPT JLPT_3
脂肪,しぼう,名詞,Noun,"fat, grease",JLPT_1 JLPT JLPT_3
志望,しぼう,名詞,Noun,"wish, desire, ambition",JLPT_1 JLPT JLPT_3
衆,しゅう,名詞,Noun,"masses, people",JLPT_1 JLPT JLPT_3
住,じゅう,名詞,Noun,"dwelling, living",JLPT_1 JLPT JLPT_3
修飾,しゅうしょく,名詞,Noun,ornamentation; modification (gram),JLPT_1 JLPT JLPT_3
私用,しよう,名詞,Noun,"personal use, private business",JLPT_1 JLPT JLPT_3
仕様,しよう,名詞,Noun,"way, method, specification",JLPT_1 JLPT JLPT_3
情,じょう,名詞,Noun,"feelings, emotion, passion",JLPT_1 JLPT JLPT_3
生涯,しょうがい,名詞,Noun,one's lifetime,JLPT_1 JLPT JLPT_3
上司,じょうし,名詞,Noun,one's superior,JLPT Intermediate_Japanese JLPT_1 JLPT_3 Intermediate_Japanese_Ln.9
正体,しょうたい,名詞,Noun,"natural shape, one's true colors, true character",JLPT_1 JLPT JLPT_3
照明,しょうめい,名詞,Noun,illumination,JLPT_1 JLPT JLPT_3
女史,じょし,名詞,Noun,Ms.,JLPT_1 JLPT JLPT_3
助詞,じょし,名詞,Noun,"(gram) particle(s), postposition",JLPT Intermediate_Japanese JLPT_1 JLPT_3 Intermediate_Japanese_Ln.13
ショック,ショック,名詞,Noun,shock,JLPT Intermediate_Japanese JLPT_1 JLPT_3 Intermediate_Japanese_Ln.4
進行,しんこう,名詞,Noun,advance,JLPT_1 JLPT JLPT_3
新興,しんこう,名詞,Noun,"rising, developing, emergent",JLPT_1 JLPT JLPT_3
振興,しんこう,名詞,Noun,"promotion, encouragement",JLPT_1 JLPT JLPT_3
申告,しんこく,名詞,Noun,"report, statement",JLPT_1 JLPT JLPT_3
真理,しんり,名詞,Noun,truth,JLPT_1 JLPT JLPT_3
水洗,すいせん,名詞,Noun,flushing,JLPT_1 JLPT JLPT_3
ストレス,ストレス,名詞,Noun,stress,JLPT_1 JLPT JLPT_3
擦る,する,動詞,Verb,"to rub, to chafe",JLPT_1 JLPT JLPT_3
正規,せいき,名詞,Noun,"regular, legitimate",JLPT_1 JLPT JLPT_3
精巧,せいこう,名詞,Noun,"elaborate, delicate, exquisite",JLPT_1 JLPT JLPT_3
精算,せいさん,名詞,Noun,"exact calculation, adjustment",JLPT_1 JLPT JLPT_3
成年,せいねん,名詞,Noun,"majority, adult age",JLPT_1 JLPT JLPT_3
声明,せいめい,名詞,Noun,"declaration, statement, proclamation",JLPT_1 JLPT JLPT_3
姓名,せいめい,名詞,Noun,full name,JLPT_1 JLPT JLPT_3
生理,せいり,名詞,Noun,"physiology, menses",JLPT_1 JLPT JLPT_3
節,せつ,名詞,Noun,"when, if; section; clause",JLPT_1 JLPT JLPT_3
膳,ぜん,名詞,Noun,"(small) table, tray, meal",JLPT_1 JLPT JLPT_3
禅,ぜん,名詞,Noun,Zen (Buddhism),JLPT_1 JLPT JLPT_3
選挙,せんきょ,名詞,Noun,election,JLPT JLPT_1 JLPT_3 Genki_Ln.23 Genki
先行,せんこう,名詞,Noun,"preceding, going first",JLPT_1 JLPT JLPT_3
選考,せんこう,名詞,Noun,"selection, screening",JLPT_1 JLPT JLPT_3
相,そう,名詞,Noun,"aspect, phase, countenance",JLPT_1 JLPT JLPT_3
沿う,そう,動詞,Verb,"to run along, to follow",JLPT_1 JLPT JLPT_3
添う,そう,動詞,Verb,"to accompany, to comply with",JLPT_1 JLPT JLPT_3
僧,そう,名詞,Noun,"monk, priest",JLPT_1 JLPT JLPT_3
像,ぞう,名詞,Noun,"statue, image",JLPT_1 JLPT JLPT_3
捜査,そうさ,名詞,Noun,"search (esp. in criminal investigations, investigation)",JLPT_1 JLPT JLPT_3
操縦,そうじゅう,名詞,Noun,"management, control, manipulation",JLPT_1 JLPT JLPT_3
創造,そうぞう,名詞,Noun,creation,JLPT_1 JLPT JLPT_3
隊,たい,名詞,Noun,"party, troops",JLPT_1 JLPT JLPT_3
退学,たいがく,名詞,Noun,dropping out of school,JLPT_1 JLPT JLPT_3
タイトル,タイトル,名詞,Noun,title,JLPT_1 JLPT JLPT_3
ダウン,ダウン,名詞,Noun,down,JLPT_1 JLPT JLPT_3
高まる,たかまる,動詞,Verb,to rise; to grow; to mount (v.i.),JLPT Intermediate_Japanese JLPT_1 JLPT_3 Intermediate_Japanese_Ln.14
断つ,たつ,動詞,Verb,"to sever, to cut off",JLPT_1 JLPT JLPT_3
盾,たて,名詞,Noun,shield,JLPT_1 JLPT JLPT_3
例え,たとえ,副詞,Adverb,example; even though,JLPT_1 JLPT JLPT_3
チャイム,チャイム,名詞,Noun,chime,JLPT_1 JLPT JLPT_3
挑戦,ちょうせん,名詞,Noun,"challenge, defiance",JLPT_1 JLPT JLPT_3
治療,ちりょう,名詞,Noun,medical treatment,JLPT_1 JLPT JLPT_3
対,つい,名詞,Noun,"pair, couple, set",JLPT_1 JLPT JLPT_3
接ぐ,つぐ,動詞,Verb,to join; to piece together; to set (bones); to graft (trees),JLPT_1 JLPT JLPT_3
継ぐ,つぐ,動詞,Verb,to succeed (someone in a business or inheritance,JLPT_1 JLPT JLPT_3
摘む,つむ,動詞,Verb,"to pluck, to pick, to trim",JLPT_1 JLPT JLPT_3
露,つゆ,名詞,Noun,dew,JLPT_1 JLPT JLPT_3
強まる,つよまる,動詞,Verb,"to get strong, to gain strength",JLPT_1 JLPT JLPT_3
強める,つよめる,動詞,Verb,"to strengthen, to emphasize",JLPT_1 JLPT JLPT_3
データ,データ,名詞,Noun,data,JLPT_1 JLPT JLPT_3
デザイン,デザイン,名詞,Noun,design,JLPT_1 JLPT JLPT_3
デザート,デザート,名詞,Noun,dessert,JLPT_1 JLPT JLPT_3
転校,てんこう,名詞,Noun,change schools,JLPT_1 JLPT JLPT_3
伝言,でんごん,名詞,Noun,verbal message,JLPT_1 JLPT JLPT_3
と,と,助詞,Particle,and,JLPT_1 JLPT JLPT_3
問う,とう,動詞,Verb,"to ask, to question",JLPT_1 JLPT JLPT_3
棟,とう,名詞,Noun,ridge (of roof,JLPT_1 JLPT JLPT_3
倒産,とうさん,名詞,Noun,"(corporate) bankruptcy, insolvency",JLPT_1 JLPT JLPT_3
同士,どうし,名詞,Noun,"one another, companion, comrade",JLPT Intermediate_Japanese JLPT_1 JLPT_3 Intermediate_Japanese_Ln.9
同志,どうし,名詞,Noun,"same mind, comrade, kindred soul",JLPT_1 JLPT JLPT_3
当然,とうぜん,形状詞,Adjective,obvious; natural,JLPT Intermediate_Japanese JLPT_1 JLPT_3 Intermediate_Japanese_Ln.15
動揺,どうよう,名詞,Noun,"disturbance, flutter shock",JLPT_1 JLPT JLPT_3
説く,とく,動詞,Verb,"to explain, to advocate",JLPT_1 JLPT JLPT_3
綴じる,とじる,動詞,Verb,"to bind, to file",JLPT_1 JLPT JLPT_3
供,とも,名詞,Noun,"accompanying, attendant, companion, retinue",JLPT_1 JLPT JLPT_3
並,なみ,名詞,Noun,"medium (e.g., food serving size, quality, price, etc.), ordinary",JLPT Intermediate_Japanese JLPT_1 JLPT_3 Intermediate_Japanese_Ln.6
慣らす,ならす,動詞,Verb,to accustom,JLPT_1 JLPT JLPT_3
馴らす,ならす,動詞,Verb,"to domesticate, to tame",JLPT_1 JLPT JLPT_3
難,なん,名詞,Noun,"difficulty, hardships, defect",JLPT_1 JLPT JLPT_3
音,ね,名詞,Noun,"sound, note",JLPT_1 JLPT JLPT_3
年鑑,ねんかん,名詞,Noun,yearbook,JLPT_1 JLPT JLPT_3
脳,のう,名詞,Noun,"brain, memory",JLPT_1 JLPT JLPT_3
臨む,のぞむ,動詞,Verb,"to look out on, to face, to attend (function)",JLPT_1 JLPT JLPT_3
肺,はい,名詞,Noun,lung,JLPT_1 JLPT JLPT_3
～敗,はい,名詞,Noun,"counter for loss, defeat",JLPT_1 JLPT JLPT_3
映える,はえる,動詞,Verb,"to shine, to look attractive, to look pretty",JLPT_1 JLPT JLPT_3
諮る,はかる,動詞,Verb,"to consult with, to confer",JLPT_1 JLPT JLPT_3
図る,はかる,動詞,Verb,"to plot, to attempt, to devise, to design, to refer A to B",JLPT_1 JLPT JLPT_3
生やす,はやす,動詞,Verb,"to grow, to cultivate, to wear beard",JLPT_1 JLPT JLPT_3
班,はん,名詞,Noun,"group, party, section (mil)",JLPT_1 JLPT JLPT_3
判,はん,名詞,Noun,size (of paper or books),JLPT_1 JLPT JLPT_3
版,はん,名詞,Noun,edition,JLPT_1 JLPT JLPT_3
碑,ひ,名詞,Noun,stone monument bearing an inscription,JLPT_1 JLPT JLPT_3
非行,ひこう,名詞,Noun,"delinquency, misconduct",JLPT_1 JLPT JLPT_3
票,ひょう,名詞,Noun,"label, ballot, sign",JLPT_1 JLPT JLPT_3
広まる,ひろまる,動詞,Verb,"to spread, to be propagated",JLPT_1 JLPT JLPT_3
深める,ふかめる,動詞,Verb,"to deepen, to heighten, to intensify",JLPT_1 JLPT JLPT_3
福,ふく,名詞,Noun,good fortune,JLPT_1 JLPT JLPT_3
振り,ふり,名詞,Noun,"style, manner",JLPT_1 JLPT JLPT_3
経る,へる,動詞,Verb,"to pass, to elapse, to experience",JLPT_1 JLPT JLPT_3
保護,ほご,名詞,Noun,"care, protection, shelter",JLPT_1 JLPT JLPT_3
保障,ほしょう,名詞,Noun,"guarantee, security, warranty",JLPT_1 JLPT JLPT_3
補償,ほしょう,名詞,Noun,"compensation, reparation",JLPT_1 JLPT JLPT_3
ほっと,ほっと,副詞,Adverb,feel relieved,JLPT_1 JLPT JLPT_3
前もって,まえもって,副詞,Adverb,"in advance, beforehand, previously",JLPT_1 JLPT JLPT_3
膜,まく,名詞,Noun,"membrane, film",JLPT_1 JLPT JLPT_3
マスコミ,マスコミ,名詞,Noun,mass communication,JLPT_1 JLPT JLPT_3
股,また,名詞,Noun,"thigh, crotch",JLPT_1 JLPT JLPT_3
末,まつ,名詞,Noun,the end of,JLPT_1 JLPT JLPT_3
マッサージ,マッサージ,名詞,Noun,massage,JLPT_1 JLPT JLPT_3
見掛ける,みかける,動詞,Verb,"to (happen to see), to notice, to catch sight of",JLPT_1 JLPT JLPT_3
捲る,めくる,動詞,Verb,"to turn over, to turn pages of a book",JLPT_1 JLPT JLPT_3
メッセージ,メッセージ,名詞,Noun,message,JLPT_1 JLPT JLPT_3
野党,やとう,名詞,Noun,opposition party,JLPT_1 JLPT JLPT_3
優,ゆう,名詞,Noun,"superiority, high grade",JLPT_1 JLPT JLPT_3
有機,ゆうき,名詞,Noun,organic,JLPT_1 JLPT JLPT_3
世,よ,名詞,Noun,"world, society, generation",JLPT_1 JLPT JLPT_3
良い,よい,形容詞,Adjective,"good, nice",JLPT_1 JLPT JLPT_3
予想,よそう,名詞,Noun,"expectation, anticipation, prediction",JLPT_1 JLPT JLPT_3
弱まる,よわまる,動詞,Verb,"to weaken, to be emaciated, to be dejected",JLPT_1 JLPT JLPT_3
弱める,よわめる,動詞,Verb,to weaken,JLPT_1 JLPT JLPT_3
ラベル,ラベル,名詞,Noun,label,JLPT_1 JLPT JLPT_3
ルール,ルール,名詞,Noun,rule,JLPT_1 JLPT JLPT_3
枠,わく,名詞,Noun,"frame, slide",JLPT_1 JLPT JLPT_3
